insert into Teatr (IDTeatr, Nazwa, Adres, Pojemnosc) values (0, 'Teatr Teatralny', 'Wellington, FL 33414', 199);
insert into Przedstawienie (IDPrzedstawienie, Tytul, Gatunek, Goscinny, Data) values ('ygcssravfagxgfnsavdc', 'Copacabana', 'Vaudeville', 'NIE', '2016-12-28');
update Aktor set "Imie" = 'Crysta', "Nazwisko" = 'Jameson' where "IDAktor" = 0;
insert into Autorstwo (FK_Przedstawienie, FK_Rezyser) values ('ygcssravfagxgfnsavdc', 0);
update Rezyser set "Imie" = 'Marlin', "Nazwisko" = 'Beckman' where "IDRezyser" = 0;
insert into Aktorstwo (FK_Przedstawienie, FK_Aktor) values ('ygcssravfagxgfnsavdc', 0);
insert into Przedstawienie (IDPrzedstawienie, Tytul, Gatunek, Goscinny, Data) values ('rtabtgayrsmmeqtqqtij', 'Knickerbocker Holiday', 'Tragedia', 'TAK', '2016-10-04');
update Aktor set "Imie" = 'Dannie', "Nazwisko" = 'Witt' where "IDAktor" = 1;
update Aktor set "Imie" = 'Marielle', "Nazwisko" = 'Lange' where "IDAktor" = 2;
insert into Autorstwo (FK_Przedstawienie, FK_Rezyser) values ('rtabtgayrsmmeqtqqtij', 1);
update Rezyser set "Imie" = 'Kristle', "Nazwisko" = 'Schneider' where "IDRezyser" = 1;
insert into Aktorstwo (FK_Przedstawienie, FK_Aktor) values ('rtabtgayrsmmeqtqqtij', 1);
insert into Aktorstwo (FK_Przedstawienie, FK_Aktor) values ('rtabtgayrsmmeqtqqtij', 2);
insert into Przedstawienie (IDPrzedstawienie, Tytul, Gatunek, Goscinny, Data) values ('onrclfbdhytyuygssveo', 'Chitty Chitty Bang Bang', 'Moralite', 'TAK', '2017-03-23');
insert into Aktor (IDAktor, Imie, Nazwisko, Ocena) values (7, 'Rosamaria', 'Prather', 4);
insert into Autorstwo (FK_Przedstawienie, FK_Rezyser) values ('onrclfbdhytyuygssveo', 5);
insert into Autorstwo (FK_Przedstawienie, FK_Rezyser) values ('onrclfbdhytyuygssveo', 6);
insert into Rezyser (IDRezyser, Imie, Nazwisko, Ocena) values (5, 'Crysta', 'Cormier', 4);
insert into Rezyser (IDRezyser, Imie, Nazwisko, Ocena) values (6, 'Melida', 'Barney', 6);
insert into Aktorstwo (FK_Przedstawienie, FK_Aktor) values ('onrclfbdhytyuygssveo', 7);
insert into Przedstawienie (IDPrzedstawienie, Tytul, Gatunek, Goscinny, Data) values ('jpnhqtkfyibunvtgkyxe', 'Shout!', 'Komedia', 'NIE', '2017-01-15');
insert into Aktor (IDAktor, Imie, Nazwisko, Ocena) values (8, 'Dee', 'Mccall', 9);
insert into Autorstwo (FK_Przedstawienie, FK_Rezyser) values ('jpnhqtkfyibunvtgkyxe', 7);
insert into Autorstwo (FK_Przedstawienie, FK_Rezyser) values ('jpnhqtkfyibunvtgkyxe', 8);
insert into Rezyser (IDRezyser, Imie, Nazwisko, Ocena) values (7, 'Ruthe', 'Leary', 2);
insert into Rezyser (IDRezyser, Imie, Nazwisko, Ocena) values (8, 'Noriko', 'Kuhn', 3);
insert into Aktorstwo (FK_Przedstawienie, FK_Aktor) values ('jpnhqtkfyibunvtgkyxe', 8);
insert into Sprzedawca (IDSprzedawca, Imie, Nazwisko) values (0, 'Marivel', 'Dowell');
insert into Rachunek (NrRachunku, DataWystawienia, Stanowisko, Platnosc, Koszt, FK_Sprzedawca) values ('veviisskhlmairm', '2016-12-23', '0190982', 'K', 1556.31, 0);
insert into Bilet (IdBilet, FK_Rachunek) values (0, 'veviisskhlmairm');
insert into Teatr_ma_Przedstawienie (FK_Teatr, FK_Przedstawienie, FK_Bilet) values (0, 'ygcssravfagxgfnsavdc', 0);
insert into Bilet (IdBilet, FK_Rachunek) values (1, 'veviisskhlmairm');
insert into Teatr_ma_Przedstawienie (FK_Teatr, FK_Przedstawienie, FK_Bilet) values (0, 'ygcssravfagxgfnsavdc', 1);
insert into Bilet (IdBilet, FK_Rachunek) values (2, 'veviisskhlmairm');
insert into Teatr_ma_Przedstawienie (FK_Teatr, FK_Przedstawienie, FK_Bilet) values (0, 'ygcssravfagxgfnsavdc', 2);
insert into Rachunek (NrRachunku, DataWystawienia, Stanowisko, Platnosc, Koszt, FK_Sprzedawca) values ('fgaylqadmnttokw', '2016-12-04', '0671287', 'K', 709.16, 0);
insert into Bilet (IdBilet, FK_Rachunek) values (3, 'fgaylqadmnttokw');
insert into Teatr_ma_Przedstawienie (FK_Teatr, FK_Przedstawienie, FK_Bilet) values (0, 'ygcssravfagxgfnsavdc', 3);
insert into Bilet (IdBilet, FK_Rachunek) values (4, 'fgaylqadmnttokw');
insert into Teatr_ma_Przedstawienie (FK_Teatr, FK_Przedstawienie, FK_Bilet) values (0, 'ygcssravfagxgfnsavdc', 4);
insert into Bilet (IdBilet, FK_Rachunek) values (5, 'fgaylqadmnttokw');
insert into Teatr_ma_Przedstawienie (FK_Teatr, FK_Przedstawienie, FK_Bilet) values (0, 'ygcssravfagxgfnsavdc', 5);
insert into Rachunek (NrRachunku, DataWystawienia, Stanowisko, Platnosc, Koszt, FK_Sprzedawca) values ('bgmtgmwqsanprfg', '2016-11-28', '0873447', 'G', 1692.58, 0);
insert into Bilet (IdBilet, FK_Rachunek) values (6, 'bgmtgmwqsanprfg');
insert into Teatr_ma_Przedstawienie (FK_Teatr, FK_Przedstawienie, FK_Bilet) values (0, 'ygcssravfagxgfnsavdc', 6);
insert into Bilet (IdBilet, FK_Rachunek) values (7, 'bgmtgmwqsanprfg');
insert into Teatr_ma_Przedstawienie (FK_Teatr, FK_Przedstawienie, FK_Bilet) values (0, 'ygcssravfagxgfnsavdc', 7);
insert into Rachunek (NrRachunku, DataWystawienia, Stanowisko, Platnosc, Koszt, FK_Sprzedawca) values ('leldnjqtwrvajto', '2016-12-06', '0326092', 'K', 1451.74, 0);
insert into Bilet (IdBilet, FK_Rachunek) values (8, 'leldnjqtwrvajto');
insert into Teatr_ma_Przedstawienie (FK_Teatr, FK_Przedstawienie, FK_Bilet) values (0, 'ygcssravfagxgfnsavdc', 8);
insert into Bilet (IdBilet, FK_Rachunek) values (9, 'leldnjqtwrvajto');
insert into Teatr_ma_Przedstawienie (FK_Teatr, FK_Przedstawienie, FK_Bilet) values (0, 'ygcssravfagxgfnsavdc', 9);
insert into Rachunek (NrRachunku, DataWystawienia, Stanowisko, Platnosc, Koszt, FK_Sprzedawca) values ('ydyjkfnolyhpgyx', '2016-12-26', '0287510', 'G', 971.66, 0);
insert into Bilet (IdBilet, FK_Rachunek) values (10, 'ydyjkfnolyhpgyx');
insert into Teatr_ma_Przedstawienie (FK_Teatr, FK_Przedstawienie, FK_Bilet) values (0, 'ygcssravfagxgfnsavdc', 10);
insert into Bilet (IdBilet, FK_Rachunek) values (11, 'ydyjkfnolyhpgyx');
insert into Teatr_ma_Przedstawienie (FK_Teatr, FK_Przedstawienie, FK_Bilet) values (0, 'ygcssravfagxgfnsavdc', 11);
insert into Rachunek (NrRachunku, DataWystawienia, Stanowisko, Platnosc, Koszt, FK_Sprzedawca) values ('bhxfbohlwnjmpbj', '2016-12-05', '0344579', 'K', 1011.73, 0);
insert into Bilet (IdBilet, FK_Rachunek) values (12, 'bhxfbohlwnjmpbj');
insert into Teatr_ma_Przedstawienie (FK_Teatr, FK_Przedstawienie, FK_Bilet) values (0, 'ygcssravfagxgfnsavdc', 12);
insert into Rachunek (NrRachunku, DataWystawienia, Stanowisko, Platnosc, Koszt, FK_Sprzedawca) values ('lnvebjphtaxoydf', '2016-12-04', '0273051', 'G', 1997.83, 0);
insert into Bilet (IdBilet, FK_Rachunek) values (13, 'lnvebjphtaxoydf');
insert into Teatr_ma_Przedstawienie (FK_Teatr, FK_Przedstawienie, FK_Bilet) values (0, 'ygcssravfagxgfnsavdc', 13);
insert into Rachunek (NrRachunku, DataWystawienia, Stanowisko, Platnosc, Koszt, FK_Sprzedawca) values ('tktxpncdsyrrcvb', '2016-12-14', '0678172', 'G', 302.49, 0);
insert into Bilet (IdBilet, FK_Rachunek) values (14, 'tktxpncdsyrrcvb');
insert into Teatr_ma_Przedstawienie (FK_Teatr, FK_Przedstawienie, FK_Bilet) values (0, 'ygcssravfagxgfnsavdc', 14);
insert into Bilet (IdBilet, FK_Rachunek) values (15, 'tktxpncdsyrrcvb');
insert into Teatr_ma_Przedstawienie (FK_Teatr, FK_Przedstawienie, FK_Bilet) values (0, 'ygcssravfagxgfnsavdc', 15);
insert into Rachunek (NrRachunku, DataWystawienia, Stanowisko, Platnosc, Koszt, FK_Sprzedawca) values ('rxmcntsbxnlyeed', '2016-12-19', '0539089', 'K', 1526.92, 0);
insert into Bilet (IdBilet, FK_Rachunek) values (16, 'rxmcntsbxnlyeed');
insert into Teatr_ma_Przedstawienie (FK_Teatr, FK_Przedstawienie, FK_Bilet) values (0, 'ygcssravfagxgfnsavdc', 16);
insert into Bilet (IdBilet, FK_Rachunek) values (17, 'rxmcntsbxnlyeed');
insert into Teatr_ma_Przedstawienie (FK_Teatr, FK_Przedstawienie, FK_Bilet) values (0, 'ygcssravfagxgfnsavdc', 17);
insert into Rachunek (NrRachunku, DataWystawienia, Stanowisko, Platnosc, Koszt, FK_Sprzedawca) values ('ahhqsyrqlvjkdfj', '2016-11-28', '0424567', 'K', 97.65, 0);
insert into Bilet (IdBilet, FK_Rachunek) values (18, 'ahhqsyrqlvjkdfj');
insert into Teatr_ma_Przedstawienie (FK_Teatr, FK_Przedstawienie, FK_Bilet) values (0, 'ygcssravfagxgfnsavdc', 18);
insert into Bilet (IdBilet, FK_Rachunek) values (19, 'ahhqsyrqlvjkdfj');
insert into Teatr_ma_Przedstawienie (FK_Teatr, FK_Przedstawienie, FK_Bilet) values (0, 'ygcssravfagxgfnsavdc', 19);
insert into Bilet (IdBilet, FK_Rachunek) values (20, 'ahhqsyrqlvjkdfj');
insert into Teatr_ma_Przedstawienie (FK_Teatr, FK_Przedstawienie, FK_Bilet) values (0, 'ygcssravfagxgfnsavdc', 20);
insert into Rachunek (NrRachunku, DataWystawienia, Stanowisko, Platnosc, Koszt, FK_Sprzedawca) values ('wqsddcfejigvprv', '2016-09-24', '0686979', 'K', 1579.73, 0);
insert into Bilet (IdBilet, FK_Rachunek) values (197, 'wqsddcfejigvprv');
insert into Teatr_ma_Przedstawienie (FK_Teatr, FK_Przedstawienie, FK_Bilet) values (0, 'rtabtgayrsmmeqtqqtij', 197);
insert into Rachunek (NrRachunku, DataWystawienia, Stanowisko, Platnosc, Koszt, FK_Sprzedawca) values ('kbrxbbpdgpwwfce', '2016-09-29', '0516141', 'K', 59.82, 0);
insert into Bilet (IdBilet, FK_Rachunek) values (198, 'kbrxbbpdgpwwfce');
insert into Teatr_ma_Przedstawienie (FK_Teatr, FK_Przedstawienie, FK_Bilet) values (0, 'rtabtgayrsmmeqtqqtij', 198);
insert into Bilet (IdBilet, FK_Rachunek) values (199, 'kbrxbbpdgpwwfce');
insert into Teatr_ma_Przedstawienie (FK_Teatr, FK_Przedstawienie, FK_Bilet) values (0, 'rtabtgayrsmmeqtqqtij', 199);
insert into Bilet (IdBilet, FK_Rachunek) values (200, 'kbrxbbpdgpwwfce');
insert into Teatr_ma_Przedstawienie (FK_Teatr, FK_Przedstawienie, FK_Bilet) values (0, 'rtabtgayrsmmeqtqqtij', 200);
insert into Bilet (IdBilet, FK_Rachunek) values (201, 'kbrxbbpdgpwwfce');
insert into Teatr_ma_Przedstawienie (FK_Teatr, FK_Przedstawienie, FK_Bilet) values (0, 'rtabtgayrsmmeqtqqtij', 201);
insert into Rachunek (NrRachunku, DataWystawienia, Stanowisko, Platnosc, Koszt, FK_Sprzedawca) values ('sedhjuqtctcqjbn', '2016-09-05', '0980616', 'K', 1166.32, 0);
insert into Bilet (IdBilet, FK_Rachunek) values (202, 'sedhjuqtctcqjbn');
insert into Teatr_ma_Przedstawienie (FK_Teatr, FK_Przedstawienie, FK_Bilet) values (0, 'rtabtgayrsmmeqtqqtij', 202);
insert into Bilet (IdBilet, FK_Rachunek) values (203, 'sedhjuqtctcqjbn');
insert into Teatr_ma_Przedstawienie (FK_Teatr, FK_Przedstawienie, FK_Bilet) values (0, 'rtabtgayrsmmeqtqqtij', 203);
insert into Rachunek (NrRachunku, DataWystawienia, Stanowisko, Platnosc, Koszt, FK_Sprzedawca) values ('gmixtqayxqgmmmg', '2016-09-14', '0681778', 'K', 656.06, 0);
insert into Bilet (IdBilet, FK_Rachunek) values (204, 'gmixtqayxqgmmmg');
insert into Teatr_ma_Przedstawienie (FK_Teatr, FK_Przedstawienie, FK_Bilet) values (0, 'rtabtgayrsmmeqtqqtij', 204);
insert into Bilet (IdBilet, FK_Rachunek) values (205, 'gmixtqayxqgmmmg');
insert into Teatr_ma_Przedstawienie (FK_Teatr, FK_Przedstawienie, FK_Bilet) values (0, 'rtabtgayrsmmeqtqqtij', 205);
insert into Rachunek (NrRachunku, DataWystawienia, Stanowisko, Platnosc, Koszt, FK_Sprzedawca) values ('eybeocsihbthodx', '2016-09-27', '0544997', 'G', 322.04, 0);
insert into Bilet (IdBilet, FK_Rachunek) values (206, 'eybeocsihbthodx');
insert into Teatr_ma_Przedstawienie (FK_Teatr, FK_Przedstawienie, FK_Bilet) values (0, 'rtabtgayrsmmeqtqqtij', 206);
insert into Bilet (IdBilet, FK_Rachunek) values (207, 'eybeocsihbthodx');
insert into Teatr_ma_Przedstawienie (FK_Teatr, FK_Przedstawienie, FK_Bilet) values (0, 'rtabtgayrsmmeqtqqtij', 207);
insert into Bilet (IdBilet, FK_Rachunek) values (208, 'eybeocsihbthodx');
insert into Teatr_ma_Przedstawienie (FK_Teatr, FK_Przedstawienie, FK_Bilet) values (0, 'rtabtgayrsmmeqtqqtij', 208);
insert into Bilet (IdBilet, FK_Rachunek) values (209, 'eybeocsihbthodx');
insert into Teatr_ma_Przedstawienie (FK_Teatr, FK_Przedstawienie, FK_Bilet) values (0, 'rtabtgayrsmmeqtqqtij', 209);
insert into Rachunek (NrRachunku, DataWystawienia, Stanowisko, Platnosc, Koszt, FK_Sprzedawca) values ('kgcrjjnhhmseepc', '2016-09-20', '0628838', 'K', 548.94, 0);
insert into Bilet (IdBilet, FK_Rachunek) values (210, 'kgcrjjnhhmseepc');
insert into Teatr_ma_Przedstawienie (FK_Teatr, FK_Przedstawienie, FK_Bilet) values (0, 'rtabtgayrsmmeqtqqtij', 210);
insert into Bilet (IdBilet, FK_Rachunek) values (211, 'kgcrjjnhhmseepc');
insert into Teatr_ma_Przedstawienie (FK_Teatr, FK_Przedstawienie, FK_Bilet) values (0, 'rtabtgayrsmmeqtqqtij', 211);
insert into Rachunek (NrRachunku, DataWystawienia, Stanowisko, Platnosc, Koszt, FK_Sprzedawca) values ('hdgvpdoellnebvy', '2016-10-03', '0022327', 'G', 1470.57, 0);
insert into Bilet (IdBilet, FK_Rachunek) values (212, 'hdgvpdoellnebvy');
insert into Teatr_ma_Przedstawienie (FK_Teatr, FK_Przedstawienie, FK_Bilet) values (0, 'rtabtgayrsmmeqtqqtij', 212);
insert into Bilet (IdBilet, FK_Rachunek) values (213, 'hdgvpdoellnebvy');
insert into Teatr_ma_Przedstawienie (FK_Teatr, FK_Przedstawienie, FK_Bilet) values (0, 'rtabtgayrsmmeqtqqtij', 213);
insert into Bilet (IdBilet, FK_Rachunek) values (214, 'hdgvpdoellnebvy');
insert into Teatr_ma_Przedstawienie (FK_Teatr, FK_Przedstawienie, FK_Bilet) values (0, 'rtabtgayrsmmeqtqqtij', 214);
insert into Bilet (IdBilet, FK_Rachunek) values (215, 'hdgvpdoellnebvy');
insert into Teatr_ma_Przedstawienie (FK_Teatr, FK_Przedstawienie, FK_Bilet) values (0, 'rtabtgayrsmmeqtqqtij', 215);
insert into Rachunek (NrRachunku, DataWystawienia, Stanowisko, Platnosc, Koszt, FK_Sprzedawca) values ('hpihrvwjlantqrn', '2016-09-14', '0371307', 'K', 474.02, 0);
insert into Bilet (IdBilet, FK_Rachunek) values (666, 'hpihrvwjlantqrn');
insert into Teatr_ma_Przedstawienie (FK_Teatr, FK_Przedstawienie, FK_Bilet) values (0, 'rtabtgayrsmmeqtqqtij', 666);
insert into Bilet (IdBilet, FK_Rachunek) values (667, 'hpihrvwjlantqrn');
insert into Teatr_ma_Przedstawienie (FK_Teatr, FK_Przedstawienie, FK_Bilet) values (0, 'rtabtgayrsmmeqtqqtij', 667);
insert into Bilet (IdBilet, FK_Rachunek) values (668, 'hpihrvwjlantqrn');
insert into Teatr_ma_Przedstawienie (FK_Teatr, FK_Przedstawienie, FK_Bilet) values (0, 'rtabtgayrsmmeqtqqtij', 668);
insert into Bilet (IdBilet, FK_Rachunek) values (669, 'hpihrvwjlantqrn');
insert into Teatr_ma_Przedstawienie (FK_Teatr, FK_Przedstawienie, FK_Bilet) values (0, 'rtabtgayrsmmeqtqqtij', 669);
insert into Rachunek (NrRachunku, DataWystawienia, Stanowisko, Platnosc, Koszt, FK_Sprzedawca) values ('yyjlruvexwxlxfa', '2016-10-02', '0095136', 'G', 659.48, 0);
insert into Bilet (IdBilet, FK_Rachunek) values (670, 'yyjlruvexwxlxfa');
insert into Teatr_ma_Przedstawienie (FK_Teatr, FK_Przedstawienie, FK_Bilet) values (0, 'rtabtgayrsmmeqtqqtij', 670);
insert into Bilet (IdBilet, FK_Rachunek) values (671, 'yyjlruvexwxlxfa');
insert into Teatr_ma_Przedstawienie (FK_Teatr, FK_Przedstawienie, FK_Bilet) values (0, 'rtabtgayrsmmeqtqqtij', 671);
insert into Bilet (IdBilet, FK_Rachunek) values (672, 'yyjlruvexwxlxfa');
insert into Teatr_ma_Przedstawienie (FK_Teatr, FK_Przedstawienie, FK_Bilet) values (0, 'rtabtgayrsmmeqtqqtij', 672);
insert into Bilet (IdBilet, FK_Rachunek) values (673, 'yyjlruvexwxlxfa');
insert into Teatr_ma_Przedstawienie (FK_Teatr, FK_Przedstawienie, FK_Bilet) values (0, 'rtabtgayrsmmeqtqqtij', 673);
insert into Rachunek (NrRachunku, DataWystawienia, Stanowisko, Platnosc, Koszt, FK_Sprzedawca) values ('hswagtggptvatyu', '2016-09-16', '0592869', 'K', 110.11, 0);
insert into Bilet (IdBilet, FK_Rachunek) values (674, 'hswagtggptvatyu');
insert into Teatr_ma_Przedstawienie (FK_Teatr, FK_Przedstawienie, FK_Bilet) values (0, 'rtabtgayrsmmeqtqqtij', 674);
insert into Bilet (IdBilet, FK_Rachunek) values (675, 'hswagtggptvatyu');
insert into Teatr_ma_Przedstawienie (FK_Teatr, FK_Przedstawienie, FK_Bilet) values (0, 'rtabtgayrsmmeqtqqtij', 675);
insert into Rachunek (NrRachunku, DataWystawienia, Stanowisko, Platnosc, Koszt, FK_Sprzedawca) values ('heuhtgbmgilljjt', '2016-09-05', '0849722', 'K', 1834.01, 0);
insert into Bilet (IdBilet, FK_Rachunek) values (676, 'heuhtgbmgilljjt');
insert into Teatr_ma_Przedstawienie (FK_Teatr, FK_Przedstawienie, FK_Bilet) values (0, 'rtabtgayrsmmeqtqqtij', 676);
insert into Bilet (IdBilet, FK_Rachunek) values (677, 'heuhtgbmgilljjt');
insert into Teatr_ma_Przedstawienie (FK_Teatr, FK_Przedstawienie, FK_Bilet) values (0, 'rtabtgayrsmmeqtqqtij', 677);
insert into Rachunek (NrRachunku, DataWystawienia, Stanowisko, Platnosc, Koszt, FK_Sprzedawca) values ('kyelrtvqltrstru', '2016-09-10', '0238052', 'G', 848.32, 0);
insert into Bilet (IdBilet, FK_Rachunek) values (678, 'kyelrtvqltrstru');
insert into Teatr_ma_Przedstawienie (FK_Teatr, FK_Przedstawienie, FK_Bilet) values (0, 'rtabtgayrsmmeqtqqtij', 678);
insert into Bilet (IdBilet, FK_Rachunek) values (679, 'kyelrtvqltrstru');
insert into Teatr_ma_Przedstawienie (FK_Teatr, FK_Przedstawienie, FK_Bilet) values (0, 'rtabtgayrsmmeqtqqtij', 679);
insert into Rachunek (NrRachunku, DataWystawienia, Stanowisko, Platnosc, Koszt, FK_Sprzedawca) values ('tcedptppksggpqt', '2016-10-03', '0820169', 'G', 530.56, 0);
insert into Bilet (IdBilet, FK_Rachunek) values (680, 'tcedptppksggpqt');
insert into Teatr_ma_Przedstawienie (FK_Teatr, FK_Przedstawienie, FK_Bilet) values (0, 'rtabtgayrsmmeqtqqtij', 680);
insert into Bilet (IdBilet, FK_Rachunek) values (681, 'tcedptppksggpqt');
insert into Teatr_ma_Przedstawienie (FK_Teatr, FK_Przedstawienie, FK_Bilet) values (0, 'rtabtgayrsmmeqtqqtij', 681);
insert into Bilet (IdBilet, FK_Rachunek) values (682, 'tcedptppksggpqt');
insert into Teatr_ma_Przedstawienie (FK_Teatr, FK_Przedstawienie, FK_Bilet) values (0, 'rtabtgayrsmmeqtqqtij', 682);
insert into Rachunek (NrRachunku, DataWystawienia, Stanowisko, Platnosc, Koszt, FK_Sprzedawca) values ('hwvujwvhgakmjnb', '2016-09-22', '0039929', 'G', 624.50, 0);
insert into Bilet (IdBilet, FK_Rachunek) values (683, 'hwvujwvhgakmjnb');
insert into Teatr_ma_Przedstawienie (FK_Teatr, FK_Przedstawienie, FK_Bilet) values (0, 'rtabtgayrsmmeqtqqtij', 683);
insert into Bilet (IdBilet, FK_Rachunek) values (684, 'hwvujwvhgakmjnb');
insert into Teatr_ma_Przedstawienie (FK_Teatr, FK_Przedstawienie, FK_Bilet) values (0, 'rtabtgayrsmmeqtqqtij', 684);
insert into Rachunek (NrRachunku, DataWystawienia, Stanowisko, Platnosc, Koszt, FK_Sprzedawca) values ('ybhxovvaujqccoq', '2017-03-13', '0363712', 'G', 1247.59, 0);
insert into Bilet (IdBilet, FK_Rachunek) values (861, 'ybhxovvaujqccoq');
insert into Teatr_ma_Przedstawienie (FK_Teatr, FK_Przedstawienie, FK_Bilet) values (0, 'onrclfbdhytyuygssveo', 861);
insert into Bilet (IdBilet, FK_Rachunek) values (862, 'ybhxovvaujqccoq');
insert into Teatr_ma_Przedstawienie (FK_Teatr, FK_Przedstawienie, FK_Bilet) values (0, 'onrclfbdhytyuygssveo', 862);
insert into Bilet (IdBilet, FK_Rachunek) values (863, 'ybhxovvaujqccoq');
insert into Teatr_ma_Przedstawienie (FK_Teatr, FK_Przedstawienie, FK_Bilet) values (0, 'onrclfbdhytyuygssveo', 863);
insert into Rachunek (NrRachunku, DataWystawienia, Stanowisko, Platnosc, Koszt, FK_Sprzedawca) values ('onhutgdimpfxusq', '2017-03-19', '0672122', 'K', 1516.40, 0);
insert into Bilet (IdBilet, FK_Rachunek) values (864, 'onhutgdimpfxusq');
insert into Teatr_ma_Przedstawienie (FK_Teatr, FK_Przedstawienie, FK_Bilet) values (0, 'onrclfbdhytyuygssveo', 864);
insert into Bilet (IdBilet, FK_Rachunek) values (865, 'onhutgdimpfxusq');
insert into Teatr_ma_Przedstawienie (FK_Teatr, FK_Przedstawienie, FK_Bilet) values (0, 'onrclfbdhytyuygssveo', 865);
insert into Bilet (IdBilet, FK_Rachunek) values (866, 'onhutgdimpfxusq');
insert into Teatr_ma_Przedstawienie (FK_Teatr, FK_Przedstawienie, FK_Bilet) values (0, 'onrclfbdhytyuygssveo', 866);
insert into Bilet (IdBilet, FK_Rachunek) values (867, 'onhutgdimpfxusq');
insert into Teatr_ma_Przedstawienie (FK_Teatr, FK_Przedstawienie, FK_Bilet) values (0, 'onrclfbdhytyuygssveo', 867);
insert into Rachunek (NrRachunku, DataWystawienia, Stanowisko, Platnosc, Koszt, FK_Sprzedawca) values ('gdotyxxupqeqtkn', '2017-03-16', '0310101', 'K', 1604.97, 0);
insert into Bilet (IdBilet, FK_Rachunek) values (868, 'gdotyxxupqeqtkn');
insert into Teatr_ma_Przedstawienie (FK_Teatr, FK_Przedstawienie, FK_Bilet) values (0, 'onrclfbdhytyuygssveo', 868);
insert into Bilet (IdBilet, FK_Rachunek) values (869, 'gdotyxxupqeqtkn');
insert into Teatr_ma_Przedstawienie (FK_Teatr, FK_Przedstawienie, FK_Bilet) values (0, 'onrclfbdhytyuygssveo', 869);
insert into Bilet (IdBilet, FK_Rachunek) values (870, 'gdotyxxupqeqtkn');
insert into Teatr_ma_Przedstawienie (FK_Teatr, FK_Przedstawienie, FK_Bilet) values (0, 'onrclfbdhytyuygssveo', 870);
insert into Rachunek (NrRachunku, DataWystawienia, Stanowisko, Platnosc, Koszt, FK_Sprzedawca) values ('xsdlakcxtlurtij', '2017-03-21', '0095837', 'G', 1960.49, 0);
insert into Bilet (IdBilet, FK_Rachunek) values (871, 'xsdlakcxtlurtij');
insert into Teatr_ma_Przedstawienie (FK_Teatr, FK_Przedstawienie, FK_Bilet) values (0, 'onrclfbdhytyuygssveo', 871);
insert into Bilet (IdBilet, FK_Rachunek) values (872, 'xsdlakcxtlurtij');
insert into Teatr_ma_Przedstawienie (FK_Teatr, FK_Przedstawienie, FK_Bilet) values (0, 'onrclfbdhytyuygssveo', 872);
insert into Bilet (IdBilet, FK_Rachunek) values (873, 'xsdlakcxtlurtij');
insert into Teatr_ma_Przedstawienie (FK_Teatr, FK_Przedstawienie, FK_Bilet) values (0, 'onrclfbdhytyuygssveo', 873);
insert into Rachunek (NrRachunku, DataWystawienia, Stanowisko, Platnosc, Koszt, FK_Sprzedawca) values ('xbhecnmhosqrqdp', '2017-03-08', '0113195', 'K', 1758.26, 0);
insert into Bilet (IdBilet, FK_Rachunek) values (874, 'xbhecnmhosqrqdp');
insert into Teatr_ma_Przedstawienie (FK_Teatr, FK_Przedstawienie, FK_Bilet) values (0, 'onrclfbdhytyuygssveo', 874);
insert into Rachunek (NrRachunku, DataWystawienia, Stanowisko, Platnosc, Koszt, FK_Sprzedawca) values ('ojxyqlujsfeeuie', '2017-03-10', '0903622', 'G', 783.91, 0);
insert into Bilet (IdBilet, FK_Rachunek) values (875, 'ojxyqlujsfeeuie');
insert into Teatr_ma_Przedstawienie (FK_Teatr, FK_Przedstawienie, FK_Bilet) values (0, 'onrclfbdhytyuygssveo', 875);
insert into Bilet (IdBilet, FK_Rachunek) values (876, 'ojxyqlujsfeeuie');
insert into Teatr_ma_Przedstawienie (FK_Teatr, FK_Przedstawienie, FK_Bilet) values (0, 'onrclfbdhytyuygssveo', 876);
insert into Rachunek (NrRachunku, DataWystawienia, Stanowisko, Platnosc, Koszt, FK_Sprzedawca) values ('fdmgscjphykkori', '2017-02-21', '0091243', 'G', 1194.46, 0);
insert into Bilet (IdBilet, FK_Rachunek) values (877, 'fdmgscjphykkori');
insert into Teatr_ma_Przedstawienie (FK_Teatr, FK_Przedstawienie, FK_Bilet) values (0, 'onrclfbdhytyuygssveo', 877);
insert into Bilet (IdBilet, FK_Rachunek) values (878, 'fdmgscjphykkori');
insert into Teatr_ma_Przedstawienie (FK_Teatr, FK_Przedstawienie, FK_Bilet) values (0, 'onrclfbdhytyuygssveo', 878);
insert into Bilet (IdBilet, FK_Rachunek) values (879, 'fdmgscjphykkori');
insert into Teatr_ma_Przedstawienie (FK_Teatr, FK_Przedstawienie, FK_Bilet) values (0, 'onrclfbdhytyuygssveo', 879);
insert into Bilet (IdBilet, FK_Rachunek) values (880, 'fdmgscjphykkori');
insert into Teatr_ma_Przedstawienie (FK_Teatr, FK_Przedstawienie, FK_Bilet) values (0, 'onrclfbdhytyuygssveo', 880);
insert into Rachunek (NrRachunku, DataWystawienia, Stanowisko, Platnosc, Koszt, FK_Sprzedawca) values ('acwftqcmlimixdn', '2016-12-26', '0065720', 'G', 1108.12, 0);
insert into Bilet (IdBilet, FK_Rachunek) values (1061, 'acwftqcmlimixdn');
insert into Teatr_ma_Przedstawienie (FK_Teatr, FK_Przedstawienie, FK_Bilet) values (0, 'jpnhqtkfyibunvtgkyxe', 1061);
insert into Bilet (IdBilet, FK_Rachunek) values (1062, 'acwftqcmlimixdn');
insert into Teatr_ma_Przedstawienie (FK_Teatr, FK_Przedstawienie, FK_Bilet) values (0, 'jpnhqtkfyibunvtgkyxe', 1062);
insert into Bilet (IdBilet, FK_Rachunek) values (1063, 'acwftqcmlimixdn');
insert into Teatr_ma_Przedstawienie (FK_Teatr, FK_Przedstawienie, FK_Bilet) values (0, 'jpnhqtkfyibunvtgkyxe', 1063);
insert into Bilet (IdBilet, FK_Rachunek) values (1064, 'acwftqcmlimixdn');
insert into Teatr_ma_Przedstawienie (FK_Teatr, FK_Przedstawienie, FK_Bilet) values (0, 'jpnhqtkfyibunvtgkyxe', 1064);
insert into Rachunek (NrRachunku, DataWystawienia, Stanowisko, Platnosc, Koszt, FK_Sprzedawca) values ('vkibwsksktcmhly', '2016-12-23', '0208397', 'G', 463.81, 0);
insert into Bilet (IdBilet, FK_Rachunek) values (1065, 'vkibwsksktcmhly');
insert into Teatr_ma_Przedstawienie (FK_Teatr, FK_Przedstawienie, FK_Bilet) values (0, 'jpnhqtkfyibunvtgkyxe', 1065);
insert into Bilet (IdBilet, FK_Rachunek) values (1066, 'vkibwsksktcmhly');
insert into Teatr_ma_Przedstawienie (FK_Teatr, FK_Przedstawienie, FK_Bilet) values (0, 'jpnhqtkfyibunvtgkyxe', 1066);
insert into Rachunek (NrRachunku, DataWystawienia, Stanowisko, Platnosc, Koszt, FK_Sprzedawca) values ('dyxpnlgwtxheufm', '2016-12-26', '0611864', 'K', 450.32, 0);
insert into Bilet (IdBilet, FK_Rachunek) values (1067, 'dyxpnlgwtxheufm');
insert into Teatr_ma_Przedstawienie (FK_Teatr, FK_Przedstawienie, FK_Bilet) values (0, 'jpnhqtkfyibunvtgkyxe', 1067);
insert into Bilet (IdBilet, FK_Rachunek) values (1068, 'dyxpnlgwtxheufm');
insert into Teatr_ma_Przedstawienie (FK_Teatr, FK_Przedstawienie, FK_Bilet) values (0, 'jpnhqtkfyibunvtgkyxe', 1068);
insert into Rachunek (NrRachunku, DataWystawienia, Stanowisko, Platnosc, Koszt, FK_Sprzedawca) values ('cdekyrhngrpjllr', '2016-12-24', '0891801', 'G', 1365.81, 0);
insert into Bilet (IdBilet, FK_Rachunek) values (1069, 'cdekyrhngrpjllr');
insert into Teatr_ma_Przedstawienie (FK_Teatr, FK_Przedstawienie, FK_Bilet) values (0, 'jpnhqtkfyibunvtgkyxe', 1069);
insert into Rachunek (NrRachunku, DataWystawienia, Stanowisko, Platnosc, Koszt, FK_Sprzedawca) values ('eubmfmjipbomndp', '2016-12-17', '0684018', 'K', 1528.50, 0);
insert into Bilet (IdBilet, FK_Rachunek) values (1070, 'eubmfmjipbomndp');
insert into Teatr_ma_Przedstawienie (FK_Teatr, FK_Przedstawienie, FK_Bilet) values (0, 'jpnhqtkfyibunvtgkyxe', 1070);
insert into Bilet (IdBilet, FK_Rachunek) values (1071, 'eubmfmjipbomndp');
insert into Teatr_ma_Przedstawienie (FK_Teatr, FK_Przedstawienie, FK_Bilet) values (0, 'jpnhqtkfyibunvtgkyxe', 1071);
insert into Bilet (IdBilet, FK_Rachunek) values (1072, 'eubmfmjipbomndp');
insert into Teatr_ma_Przedstawienie (FK_Teatr, FK_Przedstawienie, FK_Bilet) values (0, 'jpnhqtkfyibunvtgkyxe', 1072);
insert into Rachunek (NrRachunku, DataWystawienia, Stanowisko, Platnosc, Koszt, FK_Sprzedawca) values ('npnxqxhvmgulqxw', '2017-01-10', '0331271', 'K', 794.61, 0);
insert into Bilet (IdBilet, FK_Rachunek) values (1073, 'npnxqxhvmgulqxw');
insert into Teatr_ma_Przedstawienie (FK_Teatr, FK_Przedstawienie, FK_Bilet) values (0, 'jpnhqtkfyibunvtgkyxe', 1073);
insert into Bilet (IdBilet, FK_Rachunek) values (1074, 'npnxqxhvmgulqxw');
insert into Teatr_ma_Przedstawienie (FK_Teatr, FK_Przedstawienie, FK_Bilet) values (0, 'jpnhqtkfyibunvtgkyxe', 1074);
insert into Rachunek (NrRachunku, DataWystawienia, Stanowisko, Platnosc, Koszt, FK_Sprzedawca) values ('ctlcsmchyyrunjk', '2017-01-10', '0897906', 'K', 130.87, 0);
insert into Bilet (IdBilet, FK_Rachunek) values (1075, 'ctlcsmchyyrunjk');
insert into Teatr_ma_Przedstawienie (FK_Teatr, FK_Przedstawienie, FK_Bilet) values (0, 'jpnhqtkfyibunvtgkyxe', 1075);
insert into Bilet (IdBilet, FK_Rachunek) values (1076, 'ctlcsmchyyrunjk');
insert into Teatr_ma_Przedstawienie (FK_Teatr, FK_Przedstawienie, FK_Bilet) values (0, 'jpnhqtkfyibunvtgkyxe', 1076);
insert into Bilet (IdBilet, FK_Rachunek) values (1077, 'ctlcsmchyyrunjk');
insert into Teatr_ma_Przedstawienie (FK_Teatr, FK_Przedstawienie, FK_Bilet) values (0, 'jpnhqtkfyibunvtgkyxe', 1077);
insert into Rachunek (NrRachunku, DataWystawienia, Stanowisko, Platnosc, Koszt, FK_Sprzedawca) values ('etjqdauntsvxofk', '2016-12-28', '0671663', 'G', 1279.25, 0);
insert into Bilet (IdBilet, FK_Rachunek) values (1078, 'etjqdauntsvxofk');
insert into Teatr_ma_Przedstawienie (FK_Teatr, FK_Przedstawienie, FK_Bilet) values (0, 'jpnhqtkfyibunvtgkyxe', 1078);
insert into Bilet (IdBilet, FK_Rachunek) values (1079, 'etjqdauntsvxofk');
insert into Teatr_ma_Przedstawienie (FK_Teatr, FK_Przedstawienie, FK_Bilet) values (0, 'jpnhqtkfyibunvtgkyxe', 1079);
insert into Bilet (IdBilet, FK_Rachunek) values (1080, 'etjqdauntsvxofk');
insert into Teatr_ma_Przedstawienie (FK_Teatr, FK_Przedstawienie, FK_Bilet) values (0, 'jpnhqtkfyibunvtgkyxe', 1080);
insert into Sprzedawca (IDSprzedawca, Imie, Nazwisko) values (1, 'Leisha', 'Cochran');
insert into Rachunek (NrRachunku, DataWystawienia, Stanowisko, Platnosc, Koszt, FK_Sprzedawca) values ('rmlsiacwplbivke', '2016-12-23', '0492161', 'K', 481.11, 1);
insert into Bilet (IdBilet, FK_Rachunek) values (21, 'rmlsiacwplbivke');
insert into Teatr_ma_Przedstawienie (FK_Teatr, FK_Przedstawienie, FK_Bilet) values (0, 'ygcssravfagxgfnsavdc', 21);
insert into Bilet (IdBilet, FK_Rachunek) values (22, 'rmlsiacwplbivke');
insert into Teatr_ma_Przedstawienie (FK_Teatr, FK_Przedstawienie, FK_Bilet) values (0, 'ygcssravfagxgfnsavdc', 22);
insert into Rachunek (NrRachunku, DataWystawienia, Stanowisko, Platnosc, Koszt, FK_Sprzedawca) values ('nxxoxjjlcbygbfd', '2016-12-02', '0914340', 'K', 1502.94, 1);
insert into Bilet (IdBilet, FK_Rachunek) values (23, 'nxxoxjjlcbygbfd');
insert into Teatr_ma_Przedstawienie (FK_Teatr, FK_Przedstawienie, FK_Bilet) values (0, 'ygcssravfagxgfnsavdc', 23);
insert into Bilet (IdBilet, FK_Rachunek) values (24, 'nxxoxjjlcbygbfd');
insert into Teatr_ma_Przedstawienie (FK_Teatr, FK_Przedstawienie, FK_Bilet) values (0, 'ygcssravfagxgfnsavdc', 24);
insert into Bilet (IdBilet, FK_Rachunek) values (25, 'nxxoxjjlcbygbfd');
insert into Teatr_ma_Przedstawienie (FK_Teatr, FK_Przedstawienie, FK_Bilet) values (0, 'ygcssravfagxgfnsavdc', 25);
insert into Rachunek (NrRachunku, DataWystawienia, Stanowisko, Platnosc, Koszt, FK_Sprzedawca) values ('iovouynkvcwjqfr', '2016-12-01', '0530662', 'K', 1422.07, 1);
insert into Bilet (IdBilet, FK_Rachunek) values (26, 'iovouynkvcwjqfr');
insert into Teatr_ma_Przedstawienie (FK_Teatr, FK_Przedstawienie, FK_Bilet) values (0, 'ygcssravfagxgfnsavdc', 26);
insert into Rachunek (NrRachunku, DataWystawienia, Stanowisko, Platnosc, Koszt, FK_Sprzedawca) values ('pvfhillngyiaiqi', '2016-12-18', '0249780', 'G', 330.71, 1);
insert into Bilet (IdBilet, FK_Rachunek) values (27, 'pvfhillngyiaiqi');
insert into Teatr_ma_Przedstawienie (FK_Teatr, FK_Przedstawienie, FK_Bilet) values (0, 'ygcssravfagxgfnsavdc', 27);
insert into Rachunek (NrRachunku, DataWystawienia, Stanowisko, Platnosc, Koszt, FK_Sprzedawca) values ('sbrlclmhoeymbmb', '2016-12-20', '0145987', 'K', 741.57, 1);
insert into Bilet (IdBilet, FK_Rachunek) values (28, 'sbrlclmhoeymbmb');
insert into Teatr_ma_Przedstawienie (FK_Teatr, FK_Przedstawienie, FK_Bilet) values (0, 'ygcssravfagxgfnsavdc', 28);
insert into Bilet (IdBilet, FK_Rachunek) values (29, 'sbrlclmhoeymbmb');
insert into Teatr_ma_Przedstawienie (FK_Teatr, FK_Przedstawienie, FK_Bilet) values (0, 'ygcssravfagxgfnsavdc', 29);
insert into Rachunek (NrRachunku, DataWystawienia, Stanowisko, Platnosc, Koszt, FK_Sprzedawca) values ('argjldasvrwaoom', '2016-11-28', '0763806', 'K', 1388.64, 1);
insert into Bilet (IdBilet, FK_Rachunek) values (30, 'argjldasvrwaoom');
insert into Teatr_ma_Przedstawienie (FK_Teatr, FK_Przedstawienie, FK_Bilet) values (0, 'ygcssravfagxgfnsavdc', 30);
insert into Bilet (IdBilet, FK_Rachunek) values (31, 'argjldasvrwaoom');
insert into Teatr_ma_Przedstawienie (FK_Teatr, FK_Przedstawienie, FK_Bilet) values (0, 'ygcssravfagxgfnsavdc', 31);
insert into Bilet (IdBilet, FK_Rachunek) values (32, 'argjldasvrwaoom');
insert into Teatr_ma_Przedstawienie (FK_Teatr, FK_Przedstawienie, FK_Bilet) values (0, 'ygcssravfagxgfnsavdc', 32);
insert into Rachunek (NrRachunku, DataWystawienia, Stanowisko, Platnosc, Koszt, FK_Sprzedawca) values ('xetnivrfcgdopci', '2016-11-30', '0034672', 'G', 1582.41, 1);
insert into Bilet (IdBilet, FK_Rachunek) values (33, 'xetnivrfcgdopci');
insert into Teatr_ma_Przedstawienie (FK_Teatr, FK_Przedstawienie, FK_Bilet) values (0, 'ygcssravfagxgfnsavdc', 33);
insert into Bilet (IdBilet, FK_Rachunek) values (34, 'xetnivrfcgdopci');
insert into Teatr_ma_Przedstawienie (FK_Teatr, FK_Przedstawienie, FK_Bilet) values (0, 'ygcssravfagxgfnsavdc', 34);
insert into Bilet (IdBilet, FK_Rachunek) values (35, 'xetnivrfcgdopci');
insert into Teatr_ma_Przedstawienie (FK_Teatr, FK_Przedstawienie, FK_Bilet) values (0, 'ygcssravfagxgfnsavdc', 35);
insert into Bilet (IdBilet, FK_Rachunek) values (36, 'xetnivrfcgdopci');
insert into Teatr_ma_Przedstawienie (FK_Teatr, FK_Przedstawienie, FK_Bilet) values (0, 'ygcssravfagxgfnsavdc', 36);
insert into Rachunek (NrRachunku, DataWystawienia, Stanowisko, Platnosc, Koszt, FK_Sprzedawca) values ('xkbfyptxferhutf', '2016-12-20', '0974868', 'G', 1999.65, 1);
insert into Bilet (IdBilet, FK_Rachunek) values (37, 'xkbfyptxferhutf');
insert into Teatr_ma_Przedstawienie (FK_Teatr, FK_Przedstawienie, FK_Bilet) values (0, 'ygcssravfagxgfnsavdc', 37);
insert into Bilet (IdBilet, FK_Rachunek) values (38, 'xkbfyptxferhutf');
insert into Teatr_ma_Przedstawienie (FK_Teatr, FK_Przedstawienie, FK_Bilet) values (0, 'ygcssravfagxgfnsavdc', 38);
insert into Bilet (IdBilet, FK_Rachunek) values (39, 'xkbfyptxferhutf');
insert into Teatr_ma_Przedstawienie (FK_Teatr, FK_Przedstawienie, FK_Bilet) values (0, 'ygcssravfagxgfnsavdc', 39);
insert into Rachunek (NrRachunku, DataWystawienia, Stanowisko, Platnosc, Koszt, FK_Sprzedawca) values ('jkuygaktcvpqsrv', '2016-09-07', '0480897', 'G', 104.63, 1);
insert into Bilet (IdBilet, FK_Rachunek) values (216, 'jkuygaktcvpqsrv');
insert into Teatr_ma_Przedstawienie (FK_Teatr, FK_Przedstawienie, FK_Bilet) values (0, 'rtabtgayrsmmeqtqqtij', 216);
insert into Bilet (IdBilet, FK_Rachunek) values (217, 'jkuygaktcvpqsrv');
insert into Teatr_ma_Przedstawienie (FK_Teatr, FK_Przedstawienie, FK_Bilet) values (0, 'rtabtgayrsmmeqtqqtij', 217);
insert into Rachunek (NrRachunku, DataWystawienia, Stanowisko, Platnosc, Koszt, FK_Sprzedawca) values ('worfspasnuucpgv', '2016-10-03', '0434832', 'K', 1896.60, 1);
insert into Bilet (IdBilet, FK_Rachunek) values (218, 'worfspasnuucpgv');
insert into Teatr_ma_Przedstawienie (FK_Teatr, FK_Przedstawienie, FK_Bilet) values (0, 'rtabtgayrsmmeqtqqtij', 218);
insert into Bilet (IdBilet, FK_Rachunek) values (219, 'worfspasnuucpgv');
insert into Teatr_ma_Przedstawienie (FK_Teatr, FK_Przedstawienie, FK_Bilet) values (0, 'rtabtgayrsmmeqtqqtij', 219);
insert into Rachunek (NrRachunku, DataWystawienia, Stanowisko, Platnosc, Koszt, FK_Sprzedawca) values ('fmkhdijejcwidaa', '2016-09-15', '0838373', 'G', 1039.96, 1);
insert into Bilet (IdBilet, FK_Rachunek) values (220, 'fmkhdijejcwidaa');
insert into Teatr_ma_Przedstawienie (FK_Teatr, FK_Przedstawienie, FK_Bilet) values (0, 'rtabtgayrsmmeqtqqtij', 220);
insert into Bilet (IdBilet, FK_Rachunek) values (221, 'fmkhdijejcwidaa');
insert into Teatr_ma_Przedstawienie (FK_Teatr, FK_Przedstawienie, FK_Bilet) values (0, 'rtabtgayrsmmeqtqqtij', 221);
insert into Rachunek (NrRachunku, DataWystawienia, Stanowisko, Platnosc, Koszt, FK_Sprzedawca) values ('lulpoyludjiqhek', '2016-09-16', '0478745', 'G', 185.01, 1);
insert into Bilet (IdBilet, FK_Rachunek) values (222, 'lulpoyludjiqhek');
insert into Teatr_ma_Przedstawienie (FK_Teatr, FK_Przedstawienie, FK_Bilet) values (0, 'rtabtgayrsmmeqtqqtij', 222);
insert into Rachunek (NrRachunku, DataWystawienia, Stanowisko, Platnosc, Koszt, FK_Sprzedawca) values ('xtngpcfkonmjhdu', '2016-09-10', '0464981', 'G', 949.45, 1);
insert into Bilet (IdBilet, FK_Rachunek) values (223, 'xtngpcfkonmjhdu');
insert into Teatr_ma_Przedstawienie (FK_Teatr, FK_Przedstawienie, FK_Bilet) values (0, 'rtabtgayrsmmeqtqqtij', 223);
insert into Bilet (IdBilet, FK_Rachunek) values (224, 'xtngpcfkonmjhdu');
insert into Teatr_ma_Przedstawienie (FK_Teatr, FK_Przedstawienie, FK_Bilet) values (0, 'rtabtgayrsmmeqtqqtij', 224);
insert into Bilet (IdBilet, FK_Rachunek) values (225, 'xtngpcfkonmjhdu');
insert into Teatr_ma_Przedstawienie (FK_Teatr, FK_Przedstawienie, FK_Bilet) values (0, 'rtabtgayrsmmeqtqqtij', 225);
insert into Rachunek (NrRachunku, DataWystawienia, Stanowisko, Platnosc, Koszt, FK_Sprzedawca) values ('gvsnjapyqwsrhxu', '2016-09-19', '0168180', 'K', 1850.08, 1);
insert into Bilet (IdBilet, FK_Rachunek) values (226, 'gvsnjapyqwsrhxu');
insert into Teatr_ma_Przedstawienie (FK_Teatr, FK_Przedstawienie, FK_Bilet) values (0, 'rtabtgayrsmmeqtqqtij', 226);
insert into Bilet (IdBilet, FK_Rachunek) values (227, 'gvsnjapyqwsrhxu');
insert into Teatr_ma_Przedstawienie (FK_Teatr, FK_Przedstawienie, FK_Bilet) values (0, 'rtabtgayrsmmeqtqqtij', 227);
insert into Rachunek (NrRachunku, DataWystawienia, Stanowisko, Platnosc, Koszt, FK_Sprzedawca) values ('qcayecuvjwfjvcb', '2016-09-21', '0097339', 'G', 989.23, 1);
insert into Bilet (IdBilet, FK_Rachunek) values (228, 'qcayecuvjwfjvcb');
insert into Teatr_ma_Przedstawienie (FK_Teatr, FK_Przedstawienie, FK_Bilet) values (0, 'rtabtgayrsmmeqtqqtij', 228);
insert into Bilet (IdBilet, FK_Rachunek) values (229, 'qcayecuvjwfjvcb');
insert into Teatr_ma_Przedstawienie (FK_Teatr, FK_Przedstawienie, FK_Bilet) values (0, 'rtabtgayrsmmeqtqqtij', 229);
insert into Bilet (IdBilet, FK_Rachunek) values (230, 'qcayecuvjwfjvcb');
insert into Teatr_ma_Przedstawienie (FK_Teatr, FK_Przedstawienie, FK_Bilet) values (0, 'rtabtgayrsmmeqtqqtij', 230);
insert into Rachunek (NrRachunku, DataWystawienia, Stanowisko, Platnosc, Koszt, FK_Sprzedawca) values ('odrhclxsukhuvjw', '2016-09-18', '0592562', 'K', 1858.02, 1);
insert into Bilet (IdBilet, FK_Rachunek) values (231, 'odrhclxsukhuvjw');
insert into Teatr_ma_Przedstawienie (FK_Teatr, FK_Przedstawienie, FK_Bilet) values (0, 'rtabtgayrsmmeqtqqtij', 231);
insert into Bilet (IdBilet, FK_Rachunek) values (232, 'odrhclxsukhuvjw');
insert into Teatr_ma_Przedstawienie (FK_Teatr, FK_Przedstawienie, FK_Bilet) values (0, 'rtabtgayrsmmeqtqqtij', 232);
insert into Bilet (IdBilet, FK_Rachunek) values (233, 'odrhclxsukhuvjw');
insert into Teatr_ma_Przedstawienie (FK_Teatr, FK_Przedstawienie, FK_Bilet) values (0, 'rtabtgayrsmmeqtqqtij', 233);
insert into Bilet (IdBilet, FK_Rachunek) values (234, 'odrhclxsukhuvjw');
insert into Teatr_ma_Przedstawienie (FK_Teatr, FK_Przedstawienie, FK_Bilet) values (0, 'rtabtgayrsmmeqtqqtij', 234);
insert into Rachunek (NrRachunku, DataWystawienia, Stanowisko, Platnosc, Koszt, FK_Sprzedawca) values ('mgulnjggtytisrl', '2016-09-26', '0259000', 'G', 1465.43, 1);
insert into Bilet (IdBilet, FK_Rachunek) values (685, 'mgulnjggtytisrl');
insert into Teatr_ma_Przedstawienie (FK_Teatr, FK_Przedstawienie, FK_Bilet) values (0, 'rtabtgayrsmmeqtqqtij', 685);
insert into Bilet (IdBilet, FK_Rachunek) values (686, 'mgulnjggtytisrl');
insert into Teatr_ma_Przedstawienie (FK_Teatr, FK_Przedstawienie, FK_Bilet) values (0, 'rtabtgayrsmmeqtqqtij', 686);
insert into Bilet (IdBilet, FK_Rachunek) values (687, 'mgulnjggtytisrl');
insert into Teatr_ma_Przedstawienie (FK_Teatr, FK_Przedstawienie, FK_Bilet) values (0, 'rtabtgayrsmmeqtqqtij', 687);
insert into Bilet (IdBilet, FK_Rachunek) values (688, 'mgulnjggtytisrl');
insert into Teatr_ma_Przedstawienie (FK_Teatr, FK_Przedstawienie, FK_Bilet) values (0, 'rtabtgayrsmmeqtqqtij', 688);
insert into Rachunek (NrRachunku, DataWystawienia, Stanowisko, Platnosc, Koszt, FK_Sprzedawca) values ('nfaqmuvxhxxtxce', '2016-10-02', '0590113', 'G', 1780.69, 1);
insert into Bilet (IdBilet, FK_Rachunek) values (689, 'nfaqmuvxhxxtxce');
insert into Teatr_ma_Przedstawienie (FK_Teatr, FK_Przedstawienie, FK_Bilet) values (0, 'rtabtgayrsmmeqtqqtij', 689);
insert into Rachunek (NrRachunku, DataWystawienia, Stanowisko, Platnosc, Koszt, FK_Sprzedawca) values ('ggcigykeckapcup', '2016-09-10', '0126684', 'K', 377.28, 1);
insert into Bilet (IdBilet, FK_Rachunek) values (690, 'ggcigykeckapcup');
insert into Teatr_ma_Przedstawienie (FK_Teatr, FK_Przedstawienie, FK_Bilet) values (0, 'rtabtgayrsmmeqtqqtij', 690);
insert into Bilet (IdBilet, FK_Rachunek) values (691, 'ggcigykeckapcup');
insert into Teatr_ma_Przedstawienie (FK_Teatr, FK_Przedstawienie, FK_Bilet) values (0, 'rtabtgayrsmmeqtqqtij', 691);
insert into Bilet (IdBilet, FK_Rachunek) values (692, 'ggcigykeckapcup');
insert into Teatr_ma_Przedstawienie (FK_Teatr, FK_Przedstawienie, FK_Bilet) values (0, 'rtabtgayrsmmeqtqqtij', 692);
insert into Bilet (IdBilet, FK_Rachunek) values (693, 'ggcigykeckapcup');
insert into Teatr_ma_Przedstawienie (FK_Teatr, FK_Przedstawienie, FK_Bilet) values (0, 'rtabtgayrsmmeqtqqtij', 693);
insert into Rachunek (NrRachunku, DataWystawienia, Stanowisko, Platnosc, Koszt, FK_Sprzedawca) values ('ndotmfmrbgpimnp', '2016-09-09', '0619968', 'K', 902.69, 1);
insert into Bilet (IdBilet, FK_Rachunek) values (694, 'ndotmfmrbgpimnp');
insert into Teatr_ma_Przedstawienie (FK_Teatr, FK_Przedstawienie, FK_Bilet) values (0, 'rtabtgayrsmmeqtqqtij', 694);
insert into Bilet (IdBilet, FK_Rachunek) values (695, 'ndotmfmrbgpimnp');
insert into Teatr_ma_Przedstawienie (FK_Teatr, FK_Przedstawienie, FK_Bilet) values (0, 'rtabtgayrsmmeqtqqtij', 695);
insert into Rachunek (NrRachunku, DataWystawienia, Stanowisko, Platnosc, Koszt, FK_Sprzedawca) values ('ohdosmgjllcbwfl', '2016-09-25', '0030530', 'G', 57.52, 1);
insert into Bilet (IdBilet, FK_Rachunek) values (696, 'ohdosmgjllcbwfl');
insert into Teatr_ma_Przedstawienie (FK_Teatr, FK_Przedstawienie, FK_Bilet) values (0, 'rtabtgayrsmmeqtqqtij', 696);
insert into Rachunek (NrRachunku, DataWystawienia, Stanowisko, Platnosc, Koszt, FK_Sprzedawca) values ('fscrjtfepytnbcp', '2016-09-12', '0342879', 'K', 1229.29, 1);
insert into Bilet (IdBilet, FK_Rachunek) values (697, 'fscrjtfepytnbcp');
insert into Teatr_ma_Przedstawienie (FK_Teatr, FK_Przedstawienie, FK_Bilet) values (0, 'rtabtgayrsmmeqtqqtij', 697);
insert into Bilet (IdBilet, FK_Rachunek) values (698, 'fscrjtfepytnbcp');
insert into Teatr_ma_Przedstawienie (FK_Teatr, FK_Przedstawienie, FK_Bilet) values (0, 'rtabtgayrsmmeqtqqtij', 698);
insert into Rachunek (NrRachunku, DataWystawienia, Stanowisko, Platnosc, Koszt, FK_Sprzedawca) values ('qxqluslmcchsdij', '2016-09-28', '0913117', 'K', 70.81, 1);
insert into Bilet (IdBilet, FK_Rachunek) values (699, 'qxqluslmcchsdij');
insert into Teatr_ma_Przedstawienie (FK_Teatr, FK_Przedstawienie, FK_Bilet) values (0, 'rtabtgayrsmmeqtqqtij', 699);
insert into Rachunek (NrRachunku, DataWystawienia, Stanowisko, Platnosc, Koszt, FK_Sprzedawca) values ('dolpavfudujdnpx', '2016-09-27', '0382834', 'K', 1749.98, 1);
insert into Bilet (IdBilet, FK_Rachunek) values (700, 'dolpavfudujdnpx');
insert into Teatr_ma_Przedstawienie (FK_Teatr, FK_Przedstawienie, FK_Bilet) values (0, 'rtabtgayrsmmeqtqqtij', 700);
insert into Bilet (IdBilet, FK_Rachunek) values (701, 'dolpavfudujdnpx');
insert into Teatr_ma_Przedstawienie (FK_Teatr, FK_Przedstawienie, FK_Bilet) values (0, 'rtabtgayrsmmeqtqqtij', 701);
insert into Bilet (IdBilet, FK_Rachunek) values (702, 'dolpavfudujdnpx');
insert into Teatr_ma_Przedstawienie (FK_Teatr, FK_Przedstawienie, FK_Bilet) values (0, 'rtabtgayrsmmeqtqqtij', 702);
insert into Bilet (IdBilet, FK_Rachunek) values (703, 'dolpavfudujdnpx');
insert into Teatr_ma_Przedstawienie (FK_Teatr, FK_Przedstawienie, FK_Bilet) values (0, 'rtabtgayrsmmeqtqqtij', 703);
insert into Rachunek (NrRachunku, DataWystawienia, Stanowisko, Platnosc, Koszt, FK_Sprzedawca) values ('skuewlsuqwdroxx', '2017-03-01', '0699005', 'G', 169.89, 1);
insert into Bilet (IdBilet, FK_Rachunek) values (881, 'skuewlsuqwdroxx');
insert into Teatr_ma_Przedstawienie (FK_Teatr, FK_Przedstawienie, FK_Bilet) values (0, 'onrclfbdhytyuygssveo', 881);
insert into Rachunek (NrRachunku, DataWystawienia, Stanowisko, Platnosc, Koszt, FK_Sprzedawca) values ('irykmnekkmftqyf', '2017-03-22', '0939820', 'K', 1631.26, 1);
insert into Bilet (IdBilet, FK_Rachunek) values (882, 'irykmnekkmftqyf');
insert into Teatr_ma_Przedstawienie (FK_Teatr, FK_Przedstawienie, FK_Bilet) values (0, 'onrclfbdhytyuygssveo', 882);
insert into Bilet (IdBilet, FK_Rachunek) values (883, 'irykmnekkmftqyf');
insert into Teatr_ma_Przedstawienie (FK_Teatr, FK_Przedstawienie, FK_Bilet) values (0, 'onrclfbdhytyuygssveo', 883);
insert into Rachunek (NrRachunku, DataWystawienia, Stanowisko, Platnosc, Koszt, FK_Sprzedawca) values ('bfqjmtiqkrlhuip', '2017-03-14', '0303043', 'K', 1758.08, 1);
insert into Bilet (IdBilet, FK_Rachunek) values (884, 'bfqjmtiqkrlhuip');
insert into Teatr_ma_Przedstawienie (FK_Teatr, FK_Przedstawienie, FK_Bilet) values (0, 'onrclfbdhytyuygssveo', 884);
insert into Bilet (IdBilet, FK_Rachunek) values (885, 'bfqjmtiqkrlhuip');
insert into Teatr_ma_Przedstawienie (FK_Teatr, FK_Przedstawienie, FK_Bilet) values (0, 'onrclfbdhytyuygssveo', 885);
insert into Rachunek (NrRachunku, DataWystawienia, Stanowisko, Platnosc, Koszt, FK_Sprzedawca) values ('ktqiqrldfunykqr', '2017-03-10', '0880980', 'G', 1859.07, 1);
insert into Bilet (IdBilet, FK_Rachunek) values (886, 'ktqiqrldfunykqr');
insert into Teatr_ma_Przedstawienie (FK_Teatr, FK_Przedstawienie, FK_Bilet) values (0, 'onrclfbdhytyuygssveo', 886);
insert into Bilet (IdBilet, FK_Rachunek) values (887, 'ktqiqrldfunykqr');
insert into Teatr_ma_Przedstawienie (FK_Teatr, FK_Przedstawienie, FK_Bilet) values (0, 'onrclfbdhytyuygssveo', 887);
insert into Rachunek (NrRachunku, DataWystawienia, Stanowisko, Platnosc, Koszt, FK_Sprzedawca) values ('rcvkvwbeleabnra', '2017-03-06', '0779193', 'K', 821.09, 1);
insert into Bilet (IdBilet, FK_Rachunek) values (888, 'rcvkvwbeleabnra');
insert into Teatr_ma_Przedstawienie (FK_Teatr, FK_Przedstawienie, FK_Bilet) values (0, 'onrclfbdhytyuygssveo', 888);
insert into Bilet (IdBilet, FK_Rachunek) values (889, 'rcvkvwbeleabnra');
insert into Teatr_ma_Przedstawienie (FK_Teatr, FK_Przedstawienie, FK_Bilet) values (0, 'onrclfbdhytyuygssveo', 889);
insert into Rachunek (NrRachunku, DataWystawienia, Stanowisko, Platnosc, Koszt, FK_Sprzedawca) values ('ficuckchinoclox', '2017-03-13', '0336057', 'K', 1425.17, 1);
insert into Bilet (IdBilet, FK_Rachunek) values (890, 'ficuckchinoclox');
insert into Teatr_ma_Przedstawienie (FK_Teatr, FK_Przedstawienie, FK_Bilet) values (0, 'onrclfbdhytyuygssveo', 890);
insert into Bilet (IdBilet, FK_Rachunek) values (891, 'ficuckchinoclox');
insert into Teatr_ma_Przedstawienie (FK_Teatr, FK_Przedstawienie, FK_Bilet) values (0, 'onrclfbdhytyuygssveo', 891);
insert into Rachunek (NrRachunku, DataWystawienia, Stanowisko, Platnosc, Koszt, FK_Sprzedawca) values ('txysajlklripeep', '2017-03-14', '0999911', 'G', 1243.70, 1);
insert into Bilet (IdBilet, FK_Rachunek) values (892, 'txysajlklripeep');
insert into Teatr_ma_Przedstawienie (FK_Teatr, FK_Przedstawienie, FK_Bilet) values (0, 'onrclfbdhytyuygssveo', 892);
insert into Bilet (IdBilet, FK_Rachunek) values (893, 'txysajlklripeep');
insert into Teatr_ma_Przedstawienie (FK_Teatr, FK_Przedstawienie, FK_Bilet) values (0, 'onrclfbdhytyuygssveo', 893);
insert into Rachunek (NrRachunku, DataWystawienia, Stanowisko, Platnosc, Koszt, FK_Sprzedawca) values ('pwlepfwoogoumwh', '2017-03-02', '0614166', 'K', 1783.67, 1);
insert into Bilet (IdBilet, FK_Rachunek) values (894, 'pwlepfwoogoumwh');
insert into Teatr_ma_Przedstawienie (FK_Teatr, FK_Przedstawienie, FK_Bilet) values (0, 'onrclfbdhytyuygssveo', 894);
insert into Rachunek (NrRachunku, DataWystawienia, Stanowisko, Platnosc, Koszt, FK_Sprzedawca) values ('upomkbcuqqsxpcs', '2017-03-21', '0283004', 'K', 1979.40, 1);
insert into Bilet (IdBilet, FK_Rachunek) values (895, 'upomkbcuqqsxpcs');
insert into Teatr_ma_Przedstawienie (FK_Teatr, FK_Przedstawienie, FK_Bilet) values (0, 'onrclfbdhytyuygssveo', 895);
insert into Bilet (IdBilet, FK_Rachunek) values (896, 'upomkbcuqqsxpcs');
insert into Teatr_ma_Przedstawienie (FK_Teatr, FK_Przedstawienie, FK_Bilet) values (0, 'onrclfbdhytyuygssveo', 896);
insert into Bilet (IdBilet, FK_Rachunek) values (897, 'upomkbcuqqsxpcs');
insert into Teatr_ma_Przedstawienie (FK_Teatr, FK_Przedstawienie, FK_Bilet) values (0, 'onrclfbdhytyuygssveo', 897);
insert into Rachunek (NrRachunku, DataWystawienia, Stanowisko, Platnosc, Koszt, FK_Sprzedawca) values ('uxdrwrpgyswikll', '2017-03-09', '0869138', 'G', 1404.06, 1);
insert into Bilet (IdBilet, FK_Rachunek) values (898, 'uxdrwrpgyswikll');
insert into Teatr_ma_Przedstawienie (FK_Teatr, FK_Przedstawienie, FK_Bilet) values (0, 'onrclfbdhytyuygssveo', 898);
insert into Rachunek (NrRachunku, DataWystawienia, Stanowisko, Platnosc, Koszt, FK_Sprzedawca) values ('oxmewsartonctnv', '2017-03-04', '0199791', 'K', 1719.00, 1);
insert into Bilet (IdBilet, FK_Rachunek) values (899, 'oxmewsartonctnv');
insert into Teatr_ma_Przedstawienie (FK_Teatr, FK_Przedstawienie, FK_Bilet) values (0, 'onrclfbdhytyuygssveo', 899);
insert into Bilet (IdBilet, FK_Rachunek) values (900, 'oxmewsartonctnv');
insert into Teatr_ma_Przedstawienie (FK_Teatr, FK_Przedstawienie, FK_Bilet) values (0, 'onrclfbdhytyuygssveo', 900);
insert into Rachunek (NrRachunku, DataWystawienia, Stanowisko, Platnosc, Koszt, FK_Sprzedawca) values ('bskrxtakkckhoxx', '2016-12-18', '0291490', 'K', 1986.35, 1);
insert into Bilet (IdBilet, FK_Rachunek) values (1081, 'bskrxtakkckhoxx');
insert into Teatr_ma_Przedstawienie (FK_Teatr, FK_Przedstawienie, FK_Bilet) values (0, 'jpnhqtkfyibunvtgkyxe', 1081);
insert into Bilet (IdBilet, FK_Rachunek) values (1082, 'bskrxtakkckhoxx');
insert into Teatr_ma_Przedstawienie (FK_Teatr, FK_Przedstawienie, FK_Bilet) values (0, 'jpnhqtkfyibunvtgkyxe', 1082);
insert into Rachunek (NrRachunku, DataWystawienia, Stanowisko, Platnosc, Koszt, FK_Sprzedawca) values ('dtmccbbauwhgqjv', '2016-12-25', '0365697', 'G', 613.33, 1);
insert into Bilet (IdBilet, FK_Rachunek) values (1083, 'dtmccbbauwhgqjv');
insert into Teatr_ma_Przedstawienie (FK_Teatr, FK_Przedstawienie, FK_Bilet) values (0, 'jpnhqtkfyibunvtgkyxe', 1083);
insert into Bilet (IdBilet, FK_Rachunek) values (1084, 'dtmccbbauwhgqjv');
insert into Teatr_ma_Przedstawienie (FK_Teatr, FK_Przedstawienie, FK_Bilet) values (0, 'jpnhqtkfyibunvtgkyxe', 1084);
insert into Rachunek (NrRachunku, DataWystawienia, Stanowisko, Platnosc, Koszt, FK_Sprzedawca) values ('nnbnxyjukpeiynr', '2017-01-11', '0341807', 'K', 1266.69, 1);
insert into Bilet (IdBilet, FK_Rachunek) values (1085, 'nnbnxyjukpeiynr');
insert into Teatr_ma_Przedstawienie (FK_Teatr, FK_Przedstawienie, FK_Bilet) values (0, 'jpnhqtkfyibunvtgkyxe', 1085);
insert into Bilet (IdBilet, FK_Rachunek) values (1086, 'nnbnxyjukpeiynr');
insert into Teatr_ma_Przedstawienie (FK_Teatr, FK_Przedstawienie, FK_Bilet) values (0, 'jpnhqtkfyibunvtgkyxe', 1086);
insert into Rachunek (NrRachunku, DataWystawienia, Stanowisko, Platnosc, Koszt, FK_Sprzedawca) values ('rfovoclldjyrpuq', '2016-12-29', '0003598', 'G', 290.14, 1);
insert into Bilet (IdBilet, FK_Rachunek) values (1087, 'rfovoclldjyrpuq');
insert into Teatr_ma_Przedstawienie (FK_Teatr, FK_Przedstawienie, FK_Bilet) values (0, 'jpnhqtkfyibunvtgkyxe', 1087);
insert into Bilet (IdBilet, FK_Rachunek) values (1088, 'rfovoclldjyrpuq');
insert into Teatr_ma_Przedstawienie (FK_Teatr, FK_Przedstawienie, FK_Bilet) values (0, 'jpnhqtkfyibunvtgkyxe', 1088);
insert into Bilet (IdBilet, FK_Rachunek) values (1089, 'rfovoclldjyrpuq');
insert into Teatr_ma_Przedstawienie (FK_Teatr, FK_Przedstawienie, FK_Bilet) values (0, 'jpnhqtkfyibunvtgkyxe', 1089);
insert into Bilet (IdBilet, FK_Rachunek) values (1090, 'rfovoclldjyrpuq');
insert into Teatr_ma_Przedstawienie (FK_Teatr, FK_Przedstawienie, FK_Bilet) values (0, 'jpnhqtkfyibunvtgkyxe', 1090);
insert into Rachunek (NrRachunku, DataWystawienia, Stanowisko, Platnosc, Koszt, FK_Sprzedawca) values ('mibnovfaaxsxblx', '2016-12-24', '0324154', 'G', 1853.93, 1);
insert into Bilet (IdBilet, FK_Rachunek) values (1091, 'mibnovfaaxsxblx');
insert into Teatr_ma_Przedstawienie (FK_Teatr, FK_Przedstawienie, FK_Bilet) values (0, 'jpnhqtkfyibunvtgkyxe', 1091);
insert into Bilet (IdBilet, FK_Rachunek) values (1092, 'mibnovfaaxsxblx');
insert into Teatr_ma_Przedstawienie (FK_Teatr, FK_Przedstawienie, FK_Bilet) values (0, 'jpnhqtkfyibunvtgkyxe', 1092);
insert into Bilet (IdBilet, FK_Rachunek) values (1093, 'mibnovfaaxsxblx');
insert into Teatr_ma_Przedstawienie (FK_Teatr, FK_Przedstawienie, FK_Bilet) values (0, 'jpnhqtkfyibunvtgkyxe', 1093);
insert into Rachunek (NrRachunku, DataWystawienia, Stanowisko, Platnosc, Koszt, FK_Sprzedawca) values ('rclcebqutsccwex', '2017-01-10', '0180838', 'K', 1284.42, 1);
insert into Bilet (IdBilet, FK_Rachunek) values (1094, 'rclcebqutsccwex');
insert into Teatr_ma_Przedstawienie (FK_Teatr, FK_Przedstawienie, FK_Bilet) values (0, 'jpnhqtkfyibunvtgkyxe', 1094);
insert into Bilet (IdBilet, FK_Rachunek) values (1095, 'rclcebqutsccwex');
insert into Teatr_ma_Przedstawienie (FK_Teatr, FK_Przedstawienie, FK_Bilet) values (0, 'jpnhqtkfyibunvtgkyxe', 1095);
insert into Rachunek (NrRachunku, DataWystawienia, Stanowisko, Platnosc, Koszt, FK_Sprzedawca) values ('htasduhkyumeoxu', '2016-12-22', '0852856', 'K', 835.43, 1);
insert into Bilet (IdBilet, FK_Rachunek) values (1096, 'htasduhkyumeoxu');
insert into Teatr_ma_Przedstawienie (FK_Teatr, FK_Przedstawienie, FK_Bilet) values (0, 'jpnhqtkfyibunvtgkyxe', 1096);
insert into Rachunek (NrRachunku, DataWystawienia, Stanowisko, Platnosc, Koszt, FK_Sprzedawca) values ('ejafqvgmqpvngul', '2016-12-19', '0278484', 'K', 1477.56, 1);
insert into Bilet (IdBilet, FK_Rachunek) values (1097, 'ejafqvgmqpvngul');
insert into Teatr_ma_Przedstawienie (FK_Teatr, FK_Przedstawienie, FK_Bilet) values (0, 'jpnhqtkfyibunvtgkyxe', 1097);
insert into Bilet (IdBilet, FK_Rachunek) values (1098, 'ejafqvgmqpvngul');
insert into Teatr_ma_Przedstawienie (FK_Teatr, FK_Przedstawienie, FK_Bilet) values (0, 'jpnhqtkfyibunvtgkyxe', 1098);
insert into Bilet (IdBilet, FK_Rachunek) values (1099, 'ejafqvgmqpvngul');
insert into Teatr_ma_Przedstawienie (FK_Teatr, FK_Przedstawienie, FK_Bilet) values (0, 'jpnhqtkfyibunvtgkyxe', 1099);
insert into Sprzedawca (IDSprzedawca, Imie, Nazwisko) values (2, 'Olinda', 'Hope');
insert into Rachunek (NrRachunku, DataWystawienia, Stanowisko, Platnosc, Koszt, FK_Sprzedawca) values ('lxrcftsmdeimddi', '2016-12-05', '0430703', 'G', 1054.72, 2);
insert into Bilet (IdBilet, FK_Rachunek) values (40, 'lxrcftsmdeimddi');
insert into Teatr_ma_Przedstawienie (FK_Teatr, FK_Przedstawienie, FK_Bilet) values (0, 'ygcssravfagxgfnsavdc', 40);
insert into Bilet (IdBilet, FK_Rachunek) values (41, 'lxrcftsmdeimddi');
insert into Teatr_ma_Przedstawienie (FK_Teatr, FK_Przedstawienie, FK_Bilet) values (0, 'ygcssravfagxgfnsavdc', 41);
insert into Rachunek (NrRachunku, DataWystawienia, Stanowisko, Platnosc, Koszt, FK_Sprzedawca) values ('ojqmslxipvegoiq', '2016-11-28', '0477669', 'K', 638.91, 2);
insert into Bilet (IdBilet, FK_Rachunek) values (42, 'ojqmslxipvegoiq');
insert into Teatr_ma_Przedstawienie (FK_Teatr, FK_Przedstawienie, FK_Bilet) values (0, 'ygcssravfagxgfnsavdc', 42);
insert into Bilet (IdBilet, FK_Rachunek) values (43, 'ojqmslxipvegoiq');
insert into Teatr_ma_Przedstawienie (FK_Teatr, FK_Przedstawienie, FK_Bilet) values (0, 'ygcssravfagxgfnsavdc', 43);
insert into Bilet (IdBilet, FK_Rachunek) values (44, 'ojqmslxipvegoiq');
insert into Teatr_ma_Przedstawienie (FK_Teatr, FK_Przedstawienie, FK_Bilet) values (0, 'ygcssravfagxgfnsavdc', 44);
insert into Rachunek (NrRachunku, DataWystawienia, Stanowisko, Platnosc, Koszt, FK_Sprzedawca) values ('ovkwtevnvofwxbq', '2016-12-27', '0254356', 'K', 1871.45, 2);
insert into Bilet (IdBilet, FK_Rachunek) values (45, 'ovkwtevnvofwxbq');
insert into Teatr_ma_Przedstawienie (FK_Teatr, FK_Przedstawienie, FK_Bilet) values (0, 'ygcssravfagxgfnsavdc', 45);
insert into Bilet (IdBilet, FK_Rachunek) values (46, 'ovkwtevnvofwxbq');
insert into Teatr_ma_Przedstawienie (FK_Teatr, FK_Przedstawienie, FK_Bilet) values (0, 'ygcssravfagxgfnsavdc', 46);
insert into Bilet (IdBilet, FK_Rachunek) values (47, 'ovkwtevnvofwxbq');
insert into Teatr_ma_Przedstawienie (FK_Teatr, FK_Przedstawienie, FK_Bilet) values (0, 'ygcssravfagxgfnsavdc', 47);
insert into Rachunek (NrRachunku, DataWystawienia, Stanowisko, Platnosc, Koszt, FK_Sprzedawca) values ('dpuwphphasmobgb', '2016-12-18', '0317738', 'K', 460.69, 2);
insert into Bilet (IdBilet, FK_Rachunek) values (48, 'dpuwphphasmobgb');
insert into Teatr_ma_Przedstawienie (FK_Teatr, FK_Przedstawienie, FK_Bilet) values (0, 'ygcssravfagxgfnsavdc', 48);
insert into Rachunek (NrRachunku, DataWystawienia, Stanowisko, Platnosc, Koszt, FK_Sprzedawca) values ('ndemolbgjdrvtxm', '2016-12-20', '0597710', 'G', 896.95, 2);
insert into Bilet (IdBilet, FK_Rachunek) values (49, 'ndemolbgjdrvtxm');
insert into Teatr_ma_Przedstawienie (FK_Teatr, FK_Przedstawienie, FK_Bilet) values (0, 'ygcssravfagxgfnsavdc', 49);
insert into Rachunek (NrRachunku, DataWystawienia, Stanowisko, Platnosc, Koszt, FK_Sprzedawca) values ('oahysokrriynjeg', '2016-12-12', '0525512', 'G', 1010.37, 2);
insert into Bilet (IdBilet, FK_Rachunek) values (50, 'oahysokrriynjeg');
insert into Teatr_ma_Przedstawienie (FK_Teatr, FK_Przedstawienie, FK_Bilet) values (0, 'ygcssravfagxgfnsavdc', 50);
insert into Bilet (IdBilet, FK_Rachunek) values (51, 'oahysokrriynjeg');
insert into Teatr_ma_Przedstawienie (FK_Teatr, FK_Przedstawienie, FK_Bilet) values (0, 'ygcssravfagxgfnsavdc', 51);
insert into Bilet (IdBilet, FK_Rachunek) values (52, 'oahysokrriynjeg');
insert into Teatr_ma_Przedstawienie (FK_Teatr, FK_Przedstawienie, FK_Bilet) values (0, 'ygcssravfagxgfnsavdc', 52);
insert into Bilet (IdBilet, FK_Rachunek) values (53, 'oahysokrriynjeg');
insert into Teatr_ma_Przedstawienie (FK_Teatr, FK_Przedstawienie, FK_Bilet) values (0, 'ygcssravfagxgfnsavdc', 53);
insert into Rachunek (NrRachunku, DataWystawienia, Stanowisko, Platnosc, Koszt, FK_Sprzedawca) values ('puguabskmebiktx', '2016-12-13', '0075264', 'G', 945.59, 2);
insert into Bilet (IdBilet, FK_Rachunek) values (54, 'puguabskmebiktx');
insert into Teatr_ma_Przedstawienie (FK_Teatr, FK_Przedstawienie, FK_Bilet) values (0, 'ygcssravfagxgfnsavdc', 54);
insert into Bilet (IdBilet, FK_Rachunek) values (55, 'puguabskmebiktx');
insert into Teatr_ma_Przedstawienie (FK_Teatr, FK_Przedstawienie, FK_Bilet) values (0, 'ygcssravfagxgfnsavdc', 55);
insert into Bilet (IdBilet, FK_Rachunek) values (56, 'puguabskmebiktx');
insert into Teatr_ma_Przedstawienie (FK_Teatr, FK_Przedstawienie, FK_Bilet) values (0, 'ygcssravfagxgfnsavdc', 56);
insert into Rachunek (NrRachunku, DataWystawienia, Stanowisko, Platnosc, Koszt, FK_Sprzedawca) values ('luimelgcnlcllep', '2016-12-03', '0878551', 'G', 94.19, 2);
insert into Bilet (IdBilet, FK_Rachunek) values (57, 'luimelgcnlcllep');
insert into Teatr_ma_Przedstawienie (FK_Teatr, FK_Przedstawienie, FK_Bilet) values (0, 'ygcssravfagxgfnsavdc', 57);
insert into Bilet (IdBilet, FK_Rachunek) values (58, 'luimelgcnlcllep');
insert into Teatr_ma_Przedstawienie (FK_Teatr, FK_Przedstawienie, FK_Bilet) values (0, 'ygcssravfagxgfnsavdc', 58);
insert into Bilet (IdBilet, FK_Rachunek) values (59, 'luimelgcnlcllep');
insert into Teatr_ma_Przedstawienie (FK_Teatr, FK_Przedstawienie, FK_Bilet) values (0, 'ygcssravfagxgfnsavdc', 59);
insert into Rachunek (NrRachunku, DataWystawienia, Stanowisko, Platnosc, Koszt, FK_Sprzedawca) values ('kxmtwkiiyrlyjpd', '2016-10-03', '0840742', 'K', 1631.42, 2);
insert into Bilet (IdBilet, FK_Rachunek) values (235, 'kxmtwkiiyrlyjpd');
insert into Teatr_ma_Przedstawienie (FK_Teatr, FK_Przedstawienie, FK_Bilet) values (0, 'rtabtgayrsmmeqtqqtij', 235);
insert into Bilet (IdBilet, FK_Rachunek) values (236, 'kxmtwkiiyrlyjpd');
insert into Teatr_ma_Przedstawienie (FK_Teatr, FK_Przedstawienie, FK_Bilet) values (0, 'rtabtgayrsmmeqtqqtij', 236);
insert into Rachunek (NrRachunku, DataWystawienia, Stanowisko, Platnosc, Koszt, FK_Sprzedawca) values ('pswphpyavirieov', '2016-09-13', '0671803', 'G', 9.70, 2);
insert into Bilet (IdBilet, FK_Rachunek) values (237, 'pswphpyavirieov');
insert into Teatr_ma_Przedstawienie (FK_Teatr, FK_Przedstawienie, FK_Bilet) values (0, 'rtabtgayrsmmeqtqqtij', 237);
insert into Bilet (IdBilet, FK_Rachunek) values (238, 'pswphpyavirieov');
insert into Teatr_ma_Przedstawienie (FK_Teatr, FK_Przedstawienie, FK_Bilet) values (0, 'rtabtgayrsmmeqtqqtij', 238);
insert into Bilet (IdBilet, FK_Rachunek) values (239, 'pswphpyavirieov');
insert into Teatr_ma_Przedstawienie (FK_Teatr, FK_Przedstawienie, FK_Bilet) values (0, 'rtabtgayrsmmeqtqqtij', 239);
insert into Bilet (IdBilet, FK_Rachunek) values (240, 'pswphpyavirieov');
insert into Teatr_ma_Przedstawienie (FK_Teatr, FK_Przedstawienie, FK_Bilet) values (0, 'rtabtgayrsmmeqtqqtij', 240);
insert into Rachunek (NrRachunku, DataWystawienia, Stanowisko, Platnosc, Koszt, FK_Sprzedawca) values ('hxmmmhwcfqgusop', '2016-09-22', '0768540', 'K', 247.94, 2);
insert into Bilet (IdBilet, FK_Rachunek) values (241, 'hxmmmhwcfqgusop');
insert into Teatr_ma_Przedstawienie (FK_Teatr, FK_Przedstawienie, FK_Bilet) values (0, 'rtabtgayrsmmeqtqqtij', 241);
insert into Bilet (IdBilet, FK_Rachunek) values (242, 'hxmmmhwcfqgusop');
insert into Teatr_ma_Przedstawienie (FK_Teatr, FK_Przedstawienie, FK_Bilet) values (0, 'rtabtgayrsmmeqtqqtij', 242);
insert into Bilet (IdBilet, FK_Rachunek) values (243, 'hxmmmhwcfqgusop');
insert into Teatr_ma_Przedstawienie (FK_Teatr, FK_Przedstawienie, FK_Bilet) values (0, 'rtabtgayrsmmeqtqqtij', 243);
insert into Bilet (IdBilet, FK_Rachunek) values (244, 'hxmmmhwcfqgusop');
insert into Teatr_ma_Przedstawienie (FK_Teatr, FK_Przedstawienie, FK_Bilet) values (0, 'rtabtgayrsmmeqtqqtij', 244);
insert into Rachunek (NrRachunku, DataWystawienia, Stanowisko, Platnosc, Koszt, FK_Sprzedawca) values ('lodqtnxgcgkxpke', '2016-09-11', '0866094', 'G', 1588.47, 2);
insert into Bilet (IdBilet, FK_Rachunek) values (245, 'lodqtnxgcgkxpke');
insert into Teatr_ma_Przedstawienie (FK_Teatr, FK_Przedstawienie, FK_Bilet) values (0, 'rtabtgayrsmmeqtqqtij', 245);
insert into Rachunek (NrRachunku, DataWystawienia, Stanowisko, Platnosc, Koszt, FK_Sprzedawca) values ('bdtcknmwdvrqrxa', '2016-10-03', '0708114', 'K', 705.29, 2);
insert into Bilet (IdBilet, FK_Rachunek) values (246, 'bdtcknmwdvrqrxa');
insert into Teatr_ma_Przedstawienie (FK_Teatr, FK_Przedstawienie, FK_Bilet) values (0, 'rtabtgayrsmmeqtqqtij', 246);
insert into Bilet (IdBilet, FK_Rachunek) values (247, 'bdtcknmwdvrqrxa');
insert into Teatr_ma_Przedstawienie (FK_Teatr, FK_Przedstawienie, FK_Bilet) values (0, 'rtabtgayrsmmeqtqqtij', 247);
insert into Rachunek (NrRachunku, DataWystawienia, Stanowisko, Platnosc, Koszt, FK_Sprzedawca) values ('ugkgwdfnthjqjfb', '2016-10-02', '0596953', 'G', 514.73, 2);
insert into Bilet (IdBilet, FK_Rachunek) values (248, 'ugkgwdfnthjqjfb');
insert into Teatr_ma_Przedstawienie (FK_Teatr, FK_Przedstawienie, FK_Bilet) values (0, 'rtabtgayrsmmeqtqqtij', 248);
insert into Bilet (IdBilet, FK_Rachunek) values (249, 'ugkgwdfnthjqjfb');
insert into Teatr_ma_Przedstawienie (FK_Teatr, FK_Przedstawienie, FK_Bilet) values (0, 'rtabtgayrsmmeqtqqtij', 249);
insert into Bilet (IdBilet, FK_Rachunek) values (250, 'ugkgwdfnthjqjfb');
insert into Teatr_ma_Przedstawienie (FK_Teatr, FK_Przedstawienie, FK_Bilet) values (0, 'rtabtgayrsmmeqtqqtij', 250);
insert into Bilet (IdBilet, FK_Rachunek) values (251, 'ugkgwdfnthjqjfb');
insert into Teatr_ma_Przedstawienie (FK_Teatr, FK_Przedstawienie, FK_Bilet) values (0, 'rtabtgayrsmmeqtqqtij', 251);
insert into Rachunek (NrRachunku, DataWystawienia, Stanowisko, Platnosc, Koszt, FK_Sprzedawca) values ('ihqaocbpebxqatc', '2016-09-06', '0248701', 'G', 499.99, 2);
insert into Bilet (IdBilet, FK_Rachunek) values (252, 'ihqaocbpebxqatc');
insert into Teatr_ma_Przedstawienie (FK_Teatr, FK_Przedstawienie, FK_Bilet) values (0, 'rtabtgayrsmmeqtqqtij', 252);
insert into Bilet (IdBilet, FK_Rachunek) values (253, 'ihqaocbpebxqatc');
insert into Teatr_ma_Przedstawienie (FK_Teatr, FK_Przedstawienie, FK_Bilet) values (0, 'rtabtgayrsmmeqtqqtij', 253);
insert into Bilet (IdBilet, FK_Rachunek) values (254, 'ihqaocbpebxqatc');
insert into Teatr_ma_Przedstawienie (FK_Teatr, FK_Przedstawienie, FK_Bilet) values (0, 'rtabtgayrsmmeqtqqtij', 254);
insert into Bilet (IdBilet, FK_Rachunek) values (255, 'ihqaocbpebxqatc');
insert into Teatr_ma_Przedstawienie (FK_Teatr, FK_Przedstawienie, FK_Bilet) values (0, 'rtabtgayrsmmeqtqqtij', 255);
insert into Rachunek (NrRachunku, DataWystawienia, Stanowisko, Platnosc, Koszt, FK_Sprzedawca) values ('xehutejlkssgypb', '2016-09-10', '0161209', 'G', 386.06, 2);
insert into Bilet (IdBilet, FK_Rachunek) values (704, 'xehutejlkssgypb');
insert into Teatr_ma_Przedstawienie (FK_Teatr, FK_Przedstawienie, FK_Bilet) values (0, 'rtabtgayrsmmeqtqqtij', 704);
insert into Bilet (IdBilet, FK_Rachunek) values (705, 'xehutejlkssgypb');
insert into Teatr_ma_Przedstawienie (FK_Teatr, FK_Przedstawienie, FK_Bilet) values (0, 'rtabtgayrsmmeqtqqtij', 705);
insert into Bilet (IdBilet, FK_Rachunek) values (706, 'xehutejlkssgypb');
insert into Teatr_ma_Przedstawienie (FK_Teatr, FK_Przedstawienie, FK_Bilet) values (0, 'rtabtgayrsmmeqtqqtij', 706);
insert into Bilet (IdBilet, FK_Rachunek) values (707, 'xehutejlkssgypb');
insert into Teatr_ma_Przedstawienie (FK_Teatr, FK_Przedstawienie, FK_Bilet) values (0, 'rtabtgayrsmmeqtqqtij', 707);
insert into Rachunek (NrRachunku, DataWystawienia, Stanowisko, Platnosc, Koszt, FK_Sprzedawca) values ('bbufufclbslcmpl', '2016-09-17', '0007046', 'K', 1469.93, 2);
insert into Bilet (IdBilet, FK_Rachunek) values (708, 'bbufufclbslcmpl');
insert into Teatr_ma_Przedstawienie (FK_Teatr, FK_Przedstawienie, FK_Bilet) values (0, 'rtabtgayrsmmeqtqqtij', 708);
insert into Bilet (IdBilet, FK_Rachunek) values (709, 'bbufufclbslcmpl');
insert into Teatr_ma_Przedstawienie (FK_Teatr, FK_Przedstawienie, FK_Bilet) values (0, 'rtabtgayrsmmeqtqqtij', 709);
insert into Rachunek (NrRachunku, DataWystawienia, Stanowisko, Platnosc, Koszt, FK_Sprzedawca) values ('oxwedclhnftdbwh', '2016-10-01', '0737878', 'K', 278.95, 2);
insert into Bilet (IdBilet, FK_Rachunek) values (710, 'oxwedclhnftdbwh');
insert into Teatr_ma_Przedstawienie (FK_Teatr, FK_Przedstawienie, FK_Bilet) values (0, 'rtabtgayrsmmeqtqqtij', 710);
insert into Bilet (IdBilet, FK_Rachunek) values (711, 'oxwedclhnftdbwh');
insert into Teatr_ma_Przedstawienie (FK_Teatr, FK_Przedstawienie, FK_Bilet) values (0, 'rtabtgayrsmmeqtqqtij', 711);
insert into Rachunek (NrRachunku, DataWystawienia, Stanowisko, Platnosc, Koszt, FK_Sprzedawca) values ('pfecthhhusvsfci', '2016-09-24', '0823855', 'G', 1820.42, 2);
insert into Bilet (IdBilet, FK_Rachunek) values (712, 'pfecthhhusvsfci');
insert into Teatr_ma_Przedstawienie (FK_Teatr, FK_Przedstawienie, FK_Bilet) values (0, 'rtabtgayrsmmeqtqqtij', 712);
insert into Bilet (IdBilet, FK_Rachunek) values (713, 'pfecthhhusvsfci');
insert into Teatr_ma_Przedstawienie (FK_Teatr, FK_Przedstawienie, FK_Bilet) values (0, 'rtabtgayrsmmeqtqqtij', 713);
insert into Rachunek (NrRachunku, DataWystawienia, Stanowisko, Platnosc, Koszt, FK_Sprzedawca) values ('bwuxduiumxpthab', '2016-09-07', '0942052', 'G', 727.05, 2);
insert into Bilet (IdBilet, FK_Rachunek) values (714, 'bwuxduiumxpthab');
insert into Teatr_ma_Przedstawienie (FK_Teatr, FK_Przedstawienie, FK_Bilet) values (0, 'rtabtgayrsmmeqtqqtij', 714);
insert into Bilet (IdBilet, FK_Rachunek) values (715, 'bwuxduiumxpthab');
insert into Teatr_ma_Przedstawienie (FK_Teatr, FK_Przedstawienie, FK_Bilet) values (0, 'rtabtgayrsmmeqtqqtij', 715);
insert into Bilet (IdBilet, FK_Rachunek) values (716, 'bwuxduiumxpthab');
insert into Teatr_ma_Przedstawienie (FK_Teatr, FK_Przedstawienie, FK_Bilet) values (0, 'rtabtgayrsmmeqtqqtij', 716);
insert into Bilet (IdBilet, FK_Rachunek) values (717, 'bwuxduiumxpthab');
insert into Teatr_ma_Przedstawienie (FK_Teatr, FK_Przedstawienie, FK_Bilet) values (0, 'rtabtgayrsmmeqtqqtij', 717);
insert into Rachunek (NrRachunku, DataWystawienia, Stanowisko, Platnosc, Koszt, FK_Sprzedawca) values ('cantcfwkvdgqckg', '2016-09-11', '0122398', 'K', 997.57, 2);
insert into Bilet (IdBilet, FK_Rachunek) values (718, 'cantcfwkvdgqckg');
insert into Teatr_ma_Przedstawienie (FK_Teatr, FK_Przedstawienie, FK_Bilet) values (0, 'rtabtgayrsmmeqtqqtij', 718);
insert into Bilet (IdBilet, FK_Rachunek) values (719, 'cantcfwkvdgqckg');
insert into Teatr_ma_Przedstawienie (FK_Teatr, FK_Przedstawienie, FK_Bilet) values (0, 'rtabtgayrsmmeqtqqtij', 719);
insert into Bilet (IdBilet, FK_Rachunek) values (720, 'cantcfwkvdgqckg');
insert into Teatr_ma_Przedstawienie (FK_Teatr, FK_Przedstawienie, FK_Bilet) values (0, 'rtabtgayrsmmeqtqqtij', 720);
insert into Rachunek (NrRachunku, DataWystawienia, Stanowisko, Platnosc, Koszt, FK_Sprzedawca) values ('ifffewhcslgkred', '2016-09-27', '0515632', 'K', 315.48, 2);
insert into Bilet (IdBilet, FK_Rachunek) values (721, 'ifffewhcslgkred');
insert into Teatr_ma_Przedstawienie (FK_Teatr, FK_Przedstawienie, FK_Bilet) values (0, 'rtabtgayrsmmeqtqqtij', 721);
insert into Bilet (IdBilet, FK_Rachunek) values (722, 'ifffewhcslgkred');
insert into Teatr_ma_Przedstawienie (FK_Teatr, FK_Przedstawienie, FK_Bilet) values (0, 'rtabtgayrsmmeqtqqtij', 722);
insert into Bilet (IdBilet, FK_Rachunek) values (723, 'ifffewhcslgkred');
insert into Teatr_ma_Przedstawienie (FK_Teatr, FK_Przedstawienie, FK_Bilet) values (0, 'rtabtgayrsmmeqtqqtij', 723);
insert into Rachunek (NrRachunku, DataWystawienia, Stanowisko, Platnosc, Koszt, FK_Sprzedawca) values ('ggmulpquaoeiptm', '2017-02-25', '0926306', 'G', 960.68, 2);
insert into Bilet (IdBilet, FK_Rachunek) values (901, 'ggmulpquaoeiptm');
insert into Teatr_ma_Przedstawienie (FK_Teatr, FK_Przedstawienie, FK_Bilet) values (0, 'onrclfbdhytyuygssveo', 901);
insert into Bilet (IdBilet, FK_Rachunek) values (902, 'ggmulpquaoeiptm');
insert into Teatr_ma_Przedstawienie (FK_Teatr, FK_Przedstawienie, FK_Bilet) values (0, 'onrclfbdhytyuygssveo', 902);
insert into Rachunek (NrRachunku, DataWystawienia, Stanowisko, Platnosc, Koszt, FK_Sprzedawca) values ('rqifctkleytgjci', '2017-03-01', '0281018', 'K', 200.10, 2);
insert into Bilet (IdBilet, FK_Rachunek) values (903, 'rqifctkleytgjci');
insert into Teatr_ma_Przedstawienie (FK_Teatr, FK_Przedstawienie, FK_Bilet) values (0, 'onrclfbdhytyuygssveo', 903);
insert into Bilet (IdBilet, FK_Rachunek) values (904, 'rqifctkleytgjci');
insert into Teatr_ma_Przedstawienie (FK_Teatr, FK_Przedstawienie, FK_Bilet) values (0, 'onrclfbdhytyuygssveo', 904);
insert into Rachunek (NrRachunku, DataWystawienia, Stanowisko, Platnosc, Koszt, FK_Sprzedawca) values ('pvsdlqvpyuwdlos', '2017-03-11', '0655313', 'G', 1613.82, 2);
insert into Bilet (IdBilet, FK_Rachunek) values (905, 'pvsdlqvpyuwdlos');
insert into Teatr_ma_Przedstawienie (FK_Teatr, FK_Przedstawienie, FK_Bilet) values (0, 'onrclfbdhytyuygssveo', 905);
insert into Rachunek (NrRachunku, DataWystawienia, Stanowisko, Platnosc, Koszt, FK_Sprzedawca) values ('kkwgwwsolbuuivr', '2017-03-17', '0590630', 'K', 894.01, 2);
insert into Bilet (IdBilet, FK_Rachunek) values (906, 'kkwgwwsolbuuivr');
insert into Teatr_ma_Przedstawienie (FK_Teatr, FK_Przedstawienie, FK_Bilet) values (0, 'onrclfbdhytyuygssveo', 906);
insert into Bilet (IdBilet, FK_Rachunek) values (907, 'kkwgwwsolbuuivr');
insert into Teatr_ma_Przedstawienie (FK_Teatr, FK_Przedstawienie, FK_Bilet) values (0, 'onrclfbdhytyuygssveo', 907);
insert into Bilet (IdBilet, FK_Rachunek) values (908, 'kkwgwwsolbuuivr');
insert into Teatr_ma_Przedstawienie (FK_Teatr, FK_Przedstawienie, FK_Bilet) values (0, 'onrclfbdhytyuygssveo', 908);
insert into Rachunek (NrRachunku, DataWystawienia, Stanowisko, Platnosc, Koszt, FK_Sprzedawca) values ('jhrryipmhvvbije', '2017-03-01', '0136411', 'K', 1584.30, 2);
insert into Bilet (IdBilet, FK_Rachunek) values (909, 'jhrryipmhvvbije');
insert into Teatr_ma_Przedstawienie (FK_Teatr, FK_Przedstawienie, FK_Bilet) values (0, 'onrclfbdhytyuygssveo', 909);
insert into Bilet (IdBilet, FK_Rachunek) values (910, 'jhrryipmhvvbije');
insert into Teatr_ma_Przedstawienie (FK_Teatr, FK_Przedstawienie, FK_Bilet) values (0, 'onrclfbdhytyuygssveo', 910);
insert into Bilet (IdBilet, FK_Rachunek) values (911, 'jhrryipmhvvbije');
insert into Teatr_ma_Przedstawienie (FK_Teatr, FK_Przedstawienie, FK_Bilet) values (0, 'onrclfbdhytyuygssveo', 911);
insert into Rachunek (NrRachunku, DataWystawienia, Stanowisko, Platnosc, Koszt, FK_Sprzedawca) values ('qyvkoiicflwghbq', '2017-03-17', '0924627', 'G', 227.70, 2);
insert into Bilet (IdBilet, FK_Rachunek) values (912, 'qyvkoiicflwghbq');
insert into Teatr_ma_Przedstawienie (FK_Teatr, FK_Przedstawienie, FK_Bilet) values (0, 'onrclfbdhytyuygssveo', 912);
insert into Bilet (IdBilet, FK_Rachunek) values (913, 'qyvkoiicflwghbq');
insert into Teatr_ma_Przedstawienie (FK_Teatr, FK_Przedstawienie, FK_Bilet) values (0, 'onrclfbdhytyuygssveo', 913);
insert into Bilet (IdBilet, FK_Rachunek) values (914, 'qyvkoiicflwghbq');
insert into Teatr_ma_Przedstawienie (FK_Teatr, FK_Przedstawienie, FK_Bilet) values (0, 'onrclfbdhytyuygssveo', 914);
insert into Rachunek (NrRachunku, DataWystawienia, Stanowisko, Platnosc, Koszt, FK_Sprzedawca) values ('umshkoktpktxpjb', '2017-02-21', '0424365', 'K', 1221.91, 2);
insert into Bilet (IdBilet, FK_Rachunek) values (915, 'umshkoktpktxpjb');
insert into Teatr_ma_Przedstawienie (FK_Teatr, FK_Przedstawienie, FK_Bilet) values (0, 'onrclfbdhytyuygssveo', 915);
insert into Bilet (IdBilet, FK_Rachunek) values (916, 'umshkoktpktxpjb');
insert into Teatr_ma_Przedstawienie (FK_Teatr, FK_Przedstawienie, FK_Bilet) values (0, 'onrclfbdhytyuygssveo', 916);
insert into Rachunek (NrRachunku, DataWystawienia, Stanowisko, Platnosc, Koszt, FK_Sprzedawca) values ('ujegkvxwgibfmgc', '2017-02-23', '0188654', 'G', 300.07, 2);
insert into Bilet (IdBilet, FK_Rachunek) values (917, 'ujegkvxwgibfmgc');
insert into Teatr_ma_Przedstawienie (FK_Teatr, FK_Przedstawienie, FK_Bilet) values (0, 'onrclfbdhytyuygssveo', 917);
insert into Bilet (IdBilet, FK_Rachunek) values (918, 'ujegkvxwgibfmgc');
insert into Teatr_ma_Przedstawienie (FK_Teatr, FK_Przedstawienie, FK_Bilet) values (0, 'onrclfbdhytyuygssveo', 918);
insert into Rachunek (NrRachunku, DataWystawienia, Stanowisko, Platnosc, Koszt, FK_Sprzedawca) values ('bikqaihbyofegat', '2017-03-15', '0104075', 'G', 1092.31, 2);
insert into Bilet (IdBilet, FK_Rachunek) values (919, 'bikqaihbyofegat');
insert into Teatr_ma_Przedstawienie (FK_Teatr, FK_Przedstawienie, FK_Bilet) values (0, 'onrclfbdhytyuygssveo', 919);
insert into Bilet (IdBilet, FK_Rachunek) values (920, 'bikqaihbyofegat');
insert into Teatr_ma_Przedstawienie (FK_Teatr, FK_Przedstawienie, FK_Bilet) values (0, 'onrclfbdhytyuygssveo', 920);
insert into Bilet (IdBilet, FK_Rachunek) values (921, 'bikqaihbyofegat');
insert into Teatr_ma_Przedstawienie (FK_Teatr, FK_Przedstawienie, FK_Bilet) values (0, 'onrclfbdhytyuygssveo', 921);
insert into Bilet (IdBilet, FK_Rachunek) values (922, 'bikqaihbyofegat');
insert into Teatr_ma_Przedstawienie (FK_Teatr, FK_Przedstawienie, FK_Bilet) values (0, 'onrclfbdhytyuygssveo', 922);
insert into Rachunek (NrRachunku, DataWystawienia, Stanowisko, Platnosc, Koszt, FK_Sprzedawca) values ('tivbqxwhidjqmhr', '2017-01-01', '0357251', 'K', 1742.06, 2);
insert into Bilet (IdBilet, FK_Rachunek) values (1100, 'tivbqxwhidjqmhr');
insert into Teatr_ma_Przedstawienie (FK_Teatr, FK_Przedstawienie, FK_Bilet) values (0, 'jpnhqtkfyibunvtgkyxe', 1100);
insert into Bilet (IdBilet, FK_Rachunek) values (1101, 'tivbqxwhidjqmhr');
insert into Teatr_ma_Przedstawienie (FK_Teatr, FK_Przedstawienie, FK_Bilet) values (0, 'jpnhqtkfyibunvtgkyxe', 1101);
insert into Rachunek (NrRachunku, DataWystawienia, Stanowisko, Platnosc, Koszt, FK_Sprzedawca) values ('vcwxosbrmcahidg', '2017-01-05', '0236591', 'G', 671.18, 2);
insert into Bilet (IdBilet, FK_Rachunek) values (1102, 'vcwxosbrmcahidg');
insert into Teatr_ma_Przedstawienie (FK_Teatr, FK_Przedstawienie, FK_Bilet) values (0, 'jpnhqtkfyibunvtgkyxe', 1102);
insert into Rachunek (NrRachunku, DataWystawienia, Stanowisko, Platnosc, Koszt, FK_Sprzedawca) values ('gapmadimgvgbrcg', '2016-12-24', '0669353', 'G', 1980.61, 2);
insert into Bilet (IdBilet, FK_Rachunek) values (1103, 'gapmadimgvgbrcg');
insert into Teatr_ma_Przedstawienie (FK_Teatr, FK_Przedstawienie, FK_Bilet) values (0, 'jpnhqtkfyibunvtgkyxe', 1103);
insert into Bilet (IdBilet, FK_Rachunek) values (1104, 'gapmadimgvgbrcg');
insert into Teatr_ma_Przedstawienie (FK_Teatr, FK_Przedstawienie, FK_Bilet) values (0, 'jpnhqtkfyibunvtgkyxe', 1104);
insert into Rachunek (NrRachunku, DataWystawienia, Stanowisko, Platnosc, Koszt, FK_Sprzedawca) values ('fsfystqhfssqjyp', '2016-12-30', '0333656', 'K', 1417.15, 2);
insert into Bilet (IdBilet, FK_Rachunek) values (1105, 'fsfystqhfssqjyp');
insert into Teatr_ma_Przedstawienie (FK_Teatr, FK_Przedstawienie, FK_Bilet) values (0, 'jpnhqtkfyibunvtgkyxe', 1105);
insert into Bilet (IdBilet, FK_Rachunek) values (1106, 'fsfystqhfssqjyp');
insert into Teatr_ma_Przedstawienie (FK_Teatr, FK_Przedstawienie, FK_Bilet) values (0, 'jpnhqtkfyibunvtgkyxe', 1106);
insert into Bilet (IdBilet, FK_Rachunek) values (1107, 'fsfystqhfssqjyp');
insert into Teatr_ma_Przedstawienie (FK_Teatr, FK_Przedstawienie, FK_Bilet) values (0, 'jpnhqtkfyibunvtgkyxe', 1107);
insert into Rachunek (NrRachunku, DataWystawienia, Stanowisko, Platnosc, Koszt, FK_Sprzedawca) values ('qodbvjaygnnopbh', '2017-01-07', '0379521', 'G', 366.78, 2);
insert into Bilet (IdBilet, FK_Rachunek) values (1108, 'qodbvjaygnnopbh');
insert into Teatr_ma_Przedstawienie (FK_Teatr, FK_Przedstawienie, FK_Bilet) values (0, 'jpnhqtkfyibunvtgkyxe', 1108);
insert into Bilet (IdBilet, FK_Rachunek) values (1109, 'qodbvjaygnnopbh');
insert into Teatr_ma_Przedstawienie (FK_Teatr, FK_Przedstawienie, FK_Bilet) values (0, 'jpnhqtkfyibunvtgkyxe', 1109);
insert into Rachunek (NrRachunku, DataWystawienia, Stanowisko, Platnosc, Koszt, FK_Sprzedawca) values ('qiofvgcjkmorktg', '2017-01-09', '0313873', 'G', 488.51, 2);
insert into Bilet (IdBilet, FK_Rachunek) values (1110, 'qiofvgcjkmorktg');
insert into Teatr_ma_Przedstawienie (FK_Teatr, FK_Przedstawienie, FK_Bilet) values (0, 'jpnhqtkfyibunvtgkyxe', 1110);
insert into Bilet (IdBilet, FK_Rachunek) values (1111, 'qiofvgcjkmorktg');
insert into Teatr_ma_Przedstawienie (FK_Teatr, FK_Przedstawienie, FK_Bilet) values (0, 'jpnhqtkfyibunvtgkyxe', 1111);
insert into Rachunek (NrRachunku, DataWystawienia, Stanowisko, Platnosc, Koszt, FK_Sprzedawca) values ('mymqfrxqfwftxle', '2016-12-18', '0127808', 'K', 1061.36, 2);
insert into Bilet (IdBilet, FK_Rachunek) values (1112, 'mymqfrxqfwftxle');
insert into Teatr_ma_Przedstawienie (FK_Teatr, FK_Przedstawienie, FK_Bilet) values (0, 'jpnhqtkfyibunvtgkyxe', 1112);
insert into Bilet (IdBilet, FK_Rachunek) values (1113, 'mymqfrxqfwftxle');
insert into Teatr_ma_Przedstawienie (FK_Teatr, FK_Przedstawienie, FK_Bilet) values (0, 'jpnhqtkfyibunvtgkyxe', 1113);
insert into Bilet (IdBilet, FK_Rachunek) values (1114, 'mymqfrxqfwftxle');
insert into Teatr_ma_Przedstawienie (FK_Teatr, FK_Przedstawienie, FK_Bilet) values (0, 'jpnhqtkfyibunvtgkyxe', 1114);
insert into Rachunek (NrRachunku, DataWystawienia, Stanowisko, Platnosc, Koszt, FK_Sprzedawca) values ('ebgxcjbddinesng', '2016-12-25', '0806294', 'K', 101.28, 2);
insert into Bilet (IdBilet, FK_Rachunek) values (1115, 'ebgxcjbddinesng');
insert into Teatr_ma_Przedstawienie (FK_Teatr, FK_Przedstawienie, FK_Bilet) values (0, 'jpnhqtkfyibunvtgkyxe', 1115);
insert into Bilet (IdBilet, FK_Rachunek) values (1116, 'ebgxcjbddinesng');
insert into Teatr_ma_Przedstawienie (FK_Teatr, FK_Przedstawienie, FK_Bilet) values (0, 'jpnhqtkfyibunvtgkyxe', 1116);
insert into Bilet (IdBilet, FK_Rachunek) values (1117, 'ebgxcjbddinesng');
insert into Teatr_ma_Przedstawienie (FK_Teatr, FK_Przedstawienie, FK_Bilet) values (0, 'jpnhqtkfyibunvtgkyxe', 1117);
insert into Rachunek (NrRachunku, DataWystawienia, Stanowisko, Platnosc, Koszt, FK_Sprzedawca) values ('qpfyaobyvpsrihq', '2016-12-20', '0949872', 'G', 880.31, 2);
insert into Bilet (IdBilet, FK_Rachunek) values (1118, 'qpfyaobyvpsrihq');
insert into Teatr_ma_Przedstawienie (FK_Teatr, FK_Przedstawienie, FK_Bilet) values (0, 'jpnhqtkfyibunvtgkyxe', 1118);
insert into Bilet (IdBilet, FK_Rachunek) values (1119, 'qpfyaobyvpsrihq');
insert into Teatr_ma_Przedstawienie (FK_Teatr, FK_Przedstawienie, FK_Bilet) values (0, 'jpnhqtkfyibunvtgkyxe', 1119);
insert into Bilet (IdBilet, FK_Rachunek) values (1120, 'qpfyaobyvpsrihq');
insert into Teatr_ma_Przedstawienie (FK_Teatr, FK_Przedstawienie, FK_Bilet) values (0, 'jpnhqtkfyibunvtgkyxe', 1120);
insert into Sprzedawca (IDSprzedawca, Imie, Nazwisko) values (3, 'Bud', 'Doe');
insert into Rachunek (NrRachunku, DataWystawienia, Stanowisko, Platnosc, Koszt, FK_Sprzedawca) values ('xrccmwoyxlvpuuq', '2016-12-17', '0607923', 'G', 1557.58, 3);
insert into Bilet (IdBilet, FK_Rachunek) values (60, 'xrccmwoyxlvpuuq');
insert into Teatr_ma_Przedstawienie (FK_Teatr, FK_Przedstawienie, FK_Bilet) values (0, 'ygcssravfagxgfnsavdc', 60);
insert into Bilet (IdBilet, FK_Rachunek) values (61, 'xrccmwoyxlvpuuq');
insert into Teatr_ma_Przedstawienie (FK_Teatr, FK_Przedstawienie, FK_Bilet) values (0, 'ygcssravfagxgfnsavdc', 61);
insert into Rachunek (NrRachunku, DataWystawienia, Stanowisko, Platnosc, Koszt, FK_Sprzedawca) values ('faxtvdevatirsiw', '2016-12-21', '0943737', 'K', 1990.18, 3);
insert into Bilet (IdBilet, FK_Rachunek) values (62, 'faxtvdevatirsiw');
insert into Teatr_ma_Przedstawienie (FK_Teatr, FK_Przedstawienie, FK_Bilet) values (0, 'ygcssravfagxgfnsavdc', 62);
insert into Rachunek (NrRachunku, DataWystawienia, Stanowisko, Platnosc, Koszt, FK_Sprzedawca) values ('ohgvgjgigbvvkbh', '2016-12-17', '0224905', 'K', 822.21, 3);
insert into Bilet (IdBilet, FK_Rachunek) values (63, 'ohgvgjgigbvvkbh');
insert into Teatr_ma_Przedstawienie (FK_Teatr, FK_Przedstawienie, FK_Bilet) values (0, 'ygcssravfagxgfnsavdc', 63);
insert into Rachunek (NrRachunku, DataWystawienia, Stanowisko, Platnosc, Koszt, FK_Sprzedawca) values ('vlhvfcnqhmsuchd', '2016-12-18', '0952467', 'K', 1053.88, 3);
insert into Bilet (IdBilet, FK_Rachunek) values (64, 'vlhvfcnqhmsuchd');
insert into Teatr_ma_Przedstawienie (FK_Teatr, FK_Przedstawienie, FK_Bilet) values (0, 'ygcssravfagxgfnsavdc', 64);
insert into Bilet (IdBilet, FK_Rachunek) values (65, 'vlhvfcnqhmsuchd');
insert into Teatr_ma_Przedstawienie (FK_Teatr, FK_Przedstawienie, FK_Bilet) values (0, 'ygcssravfagxgfnsavdc', 65);
insert into Bilet (IdBilet, FK_Rachunek) values (66, 'vlhvfcnqhmsuchd');
insert into Teatr_ma_Przedstawienie (FK_Teatr, FK_Przedstawienie, FK_Bilet) values (0, 'ygcssravfagxgfnsavdc', 66);
insert into Bilet (IdBilet, FK_Rachunek) values (67, 'vlhvfcnqhmsuchd');
insert into Teatr_ma_Przedstawienie (FK_Teatr, FK_Przedstawienie, FK_Bilet) values (0, 'ygcssravfagxgfnsavdc', 67);
insert into Rachunek (NrRachunku, DataWystawienia, Stanowisko, Platnosc, Koszt, FK_Sprzedawca) values ('evpavnixnhyqqra', '2016-12-20', '0135823', 'K', 1930.63, 3);
insert into Bilet (IdBilet, FK_Rachunek) values (68, 'evpavnixnhyqqra');
insert into Teatr_ma_Przedstawienie (FK_Teatr, FK_Przedstawienie, FK_Bilet) values (0, 'ygcssravfagxgfnsavdc', 68);
insert into Rachunek (NrRachunku, DataWystawienia, Stanowisko, Platnosc, Koszt, FK_Sprzedawca) values ('gstrwwkwdubpyjm', '2016-12-08', '0682932', 'G', 1731.41, 3);
insert into Bilet (IdBilet, FK_Rachunek) values (69, 'gstrwwkwdubpyjm');
insert into Teatr_ma_Przedstawienie (FK_Teatr, FK_Przedstawienie, FK_Bilet) values (0, 'ygcssravfagxgfnsavdc', 69);
insert into Bilet (IdBilet, FK_Rachunek) values (70, 'gstrwwkwdubpyjm');
insert into Teatr_ma_Przedstawienie (FK_Teatr, FK_Przedstawienie, FK_Bilet) values (0, 'ygcssravfagxgfnsavdc', 70);
insert into Bilet (IdBilet, FK_Rachunek) values (71, 'gstrwwkwdubpyjm');
insert into Teatr_ma_Przedstawienie (FK_Teatr, FK_Przedstawienie, FK_Bilet) values (0, 'ygcssravfagxgfnsavdc', 71);
insert into Rachunek (NrRachunku, DataWystawienia, Stanowisko, Platnosc, Koszt, FK_Sprzedawca) values ('ndadwagkftnmsng', '2016-12-09', '0711647', 'K', 999.46, 3);
insert into Bilet (IdBilet, FK_Rachunek) values (72, 'ndadwagkftnmsng');
insert into Teatr_ma_Przedstawienie (FK_Teatr, FK_Przedstawienie, FK_Bilet) values (0, 'ygcssravfagxgfnsavdc', 72);
insert into Rachunek (NrRachunku, DataWystawienia, Stanowisko, Platnosc, Koszt, FK_Sprzedawca) values ('kwygfyakjgsymeu', '2016-12-24', '0525603', 'K', 1449.49, 3);
insert into Bilet (IdBilet, FK_Rachunek) values (73, 'kwygfyakjgsymeu');
insert into Teatr_ma_Przedstawienie (FK_Teatr, FK_Przedstawienie, FK_Bilet) values (0, 'ygcssravfagxgfnsavdc', 73);
insert into Rachunek (NrRachunku, DataWystawienia, Stanowisko, Platnosc, Koszt, FK_Sprzedawca) values ('xjobtupnuaaiowj', '2016-12-03', '0929857', 'K', 925.00, 3);
insert into Bilet (IdBilet, FK_Rachunek) values (74, 'xjobtupnuaaiowj');
insert into Teatr_ma_Przedstawienie (FK_Teatr, FK_Przedstawienie, FK_Bilet) values (0, 'ygcssravfagxgfnsavdc', 74);
insert into Rachunek (NrRachunku, DataWystawienia, Stanowisko, Platnosc, Koszt, FK_Sprzedawca) values ('jriwjdqrdnmsqwd', '2016-12-23', '0162964', 'G', 248.51, 3);
insert into Bilet (IdBilet, FK_Rachunek) values (75, 'jriwjdqrdnmsqwd');
insert into Teatr_ma_Przedstawienie (FK_Teatr, FK_Przedstawienie, FK_Bilet) values (0, 'ygcssravfagxgfnsavdc', 75);
insert into Bilet (IdBilet, FK_Rachunek) values (76, 'jriwjdqrdnmsqwd');
insert into Teatr_ma_Przedstawienie (FK_Teatr, FK_Przedstawienie, FK_Bilet) values (0, 'ygcssravfagxgfnsavdc', 76);
insert into Bilet (IdBilet, FK_Rachunek) values (77, 'jriwjdqrdnmsqwd');
insert into Teatr_ma_Przedstawienie (FK_Teatr, FK_Przedstawienie, FK_Bilet) values (0, 'ygcssravfagxgfnsavdc', 77);
insert into Bilet (IdBilet, FK_Rachunek) values (78, 'jriwjdqrdnmsqwd');
insert into Teatr_ma_Przedstawienie (FK_Teatr, FK_Przedstawienie, FK_Bilet) values (0, 'ygcssravfagxgfnsavdc', 78);
insert into Rachunek (NrRachunku, DataWystawienia, Stanowisko, Platnosc, Koszt, FK_Sprzedawca) values ('wfiblemimbvpyub', '2016-09-13', '0266937', 'G', 1711.51, 3);
insert into Bilet (IdBilet, FK_Rachunek) values (256, 'wfiblemimbvpyub');
insert into Teatr_ma_Przedstawienie (FK_Teatr, FK_Przedstawienie, FK_Bilet) values (0, 'rtabtgayrsmmeqtqqtij', 256);
insert into Bilet (IdBilet, FK_Rachunek) values (257, 'wfiblemimbvpyub');
insert into Teatr_ma_Przedstawienie (FK_Teatr, FK_Przedstawienie, FK_Bilet) values (0, 'rtabtgayrsmmeqtqqtij', 257);
insert into Rachunek (NrRachunku, DataWystawienia, Stanowisko, Platnosc, Koszt, FK_Sprzedawca) values ('wdrbmkyqjxtpgey', '2016-10-02', '0428984', 'G', 639.01, 3);
insert into Bilet (IdBilet, FK_Rachunek) values (258, 'wdrbmkyqjxtpgey');
insert into Teatr_ma_Przedstawienie (FK_Teatr, FK_Przedstawienie, FK_Bilet) values (0, 'rtabtgayrsmmeqtqqtij', 258);
insert into Bilet (IdBilet, FK_Rachunek) values (259, 'wdrbmkyqjxtpgey');
insert into Teatr_ma_Przedstawienie (FK_Teatr, FK_Przedstawienie, FK_Bilet) values (0, 'rtabtgayrsmmeqtqqtij', 259);
insert into Bilet (IdBilet, FK_Rachunek) values (260, 'wdrbmkyqjxtpgey');
insert into Teatr_ma_Przedstawienie (FK_Teatr, FK_Przedstawienie, FK_Bilet) values (0, 'rtabtgayrsmmeqtqqtij', 260);
insert into Bilet (IdBilet, FK_Rachunek) values (261, 'wdrbmkyqjxtpgey');
insert into Teatr_ma_Przedstawienie (FK_Teatr, FK_Przedstawienie, FK_Bilet) values (0, 'rtabtgayrsmmeqtqqtij', 261);
insert into Rachunek (NrRachunku, DataWystawienia, Stanowisko, Platnosc, Koszt, FK_Sprzedawca) values ('lesrjdihswvxeyr', '2016-09-10', '0458738', 'G', 1718.60, 3);
insert into Bilet (IdBilet, FK_Rachunek) values (262, 'lesrjdihswvxeyr');
insert into Teatr_ma_Przedstawienie (FK_Teatr, FK_Przedstawienie, FK_Bilet) values (0, 'rtabtgayrsmmeqtqqtij', 262);
insert into Bilet (IdBilet, FK_Rachunek) values (263, 'lesrjdihswvxeyr');
insert into Teatr_ma_Przedstawienie (FK_Teatr, FK_Przedstawienie, FK_Bilet) values (0, 'rtabtgayrsmmeqtqqtij', 263);
insert into Bilet (IdBilet, FK_Rachunek) values (264, 'lesrjdihswvxeyr');
insert into Teatr_ma_Przedstawienie (FK_Teatr, FK_Przedstawienie, FK_Bilet) values (0, 'rtabtgayrsmmeqtqqtij', 264);
insert into Bilet (IdBilet, FK_Rachunek) values (265, 'lesrjdihswvxeyr');
insert into Teatr_ma_Przedstawienie (FK_Teatr, FK_Przedstawienie, FK_Bilet) values (0, 'rtabtgayrsmmeqtqqtij', 265);
insert into Rachunek (NrRachunku, DataWystawienia, Stanowisko, Platnosc, Koszt, FK_Sprzedawca) values ('mbudetyxgrxnxdr', '2016-09-06', '0100011', 'K', 1353.43, 3);
insert into Bilet (IdBilet, FK_Rachunek) values (266, 'mbudetyxgrxnxdr');
insert into Teatr_ma_Przedstawienie (FK_Teatr, FK_Przedstawienie, FK_Bilet) values (0, 'rtabtgayrsmmeqtqqtij', 266);
insert into Rachunek (NrRachunku, DataWystawienia, Stanowisko, Platnosc, Koszt, FK_Sprzedawca) values ('ngenoqvhkwovxeq', '2016-09-21', '0489907', 'K', 1652.29, 3);
insert into Bilet (IdBilet, FK_Rachunek) values (267, 'ngenoqvhkwovxeq');
insert into Teatr_ma_Przedstawienie (FK_Teatr, FK_Przedstawienie, FK_Bilet) values (0, 'rtabtgayrsmmeqtqqtij', 267);
insert into Bilet (IdBilet, FK_Rachunek) values (268, 'ngenoqvhkwovxeq');
insert into Teatr_ma_Przedstawienie (FK_Teatr, FK_Przedstawienie, FK_Bilet) values (0, 'rtabtgayrsmmeqtqqtij', 268);
insert into Rachunek (NrRachunku, DataWystawienia, Stanowisko, Platnosc, Koszt, FK_Sprzedawca) values ('lurqlrtcaemglal', '2016-09-12', '0301584', 'G', 356.49, 3);
insert into Bilet (IdBilet, FK_Rachunek) values (269, 'lurqlrtcaemglal');
insert into Teatr_ma_Przedstawienie (FK_Teatr, FK_Przedstawienie, FK_Bilet) values (0, 'rtabtgayrsmmeqtqqtij', 269);
insert into Rachunek (NrRachunku, DataWystawienia, Stanowisko, Platnosc, Koszt, FK_Sprzedawca) values ('ojdbiotpjaptkfp', '2016-09-17', '0619598', 'G', 1695.01, 3);
insert into Bilet (IdBilet, FK_Rachunek) values (270, 'ojdbiotpjaptkfp');
insert into Teatr_ma_Przedstawienie (FK_Teatr, FK_Przedstawienie, FK_Bilet) values (0, 'rtabtgayrsmmeqtqqtij', 270);
insert into Bilet (IdBilet, FK_Rachunek) values (271, 'ojdbiotpjaptkfp');
insert into Teatr_ma_Przedstawienie (FK_Teatr, FK_Przedstawienie, FK_Bilet) values (0, 'rtabtgayrsmmeqtqqtij', 271);
insert into Bilet (IdBilet, FK_Rachunek) values (272, 'ojdbiotpjaptkfp');
insert into Teatr_ma_Przedstawienie (FK_Teatr, FK_Przedstawienie, FK_Bilet) values (0, 'rtabtgayrsmmeqtqqtij', 272);
insert into Bilet (IdBilet, FK_Rachunek) values (273, 'ojdbiotpjaptkfp');
insert into Teatr_ma_Przedstawienie (FK_Teatr, FK_Przedstawienie, FK_Bilet) values (0, 'rtabtgayrsmmeqtqqtij', 273);
insert into Rachunek (NrRachunku, DataWystawienia, Stanowisko, Platnosc, Koszt, FK_Sprzedawca) values ('xbtpfduhrysddib', '2016-09-30', '0347003', 'K', 1116.34, 3);
insert into Bilet (IdBilet, FK_Rachunek) values (274, 'xbtpfduhrysddib');
insert into Teatr_ma_Przedstawienie (FK_Teatr, FK_Przedstawienie, FK_Bilet) values (0, 'rtabtgayrsmmeqtqqtij', 274);
insert into Bilet (IdBilet, FK_Rachunek) values (275, 'xbtpfduhrysddib');
insert into Teatr_ma_Przedstawienie (FK_Teatr, FK_Przedstawienie, FK_Bilet) values (0, 'rtabtgayrsmmeqtqqtij', 275);
insert into Bilet (IdBilet, FK_Rachunek) values (276, 'xbtpfduhrysddib');
insert into Teatr_ma_Przedstawienie (FK_Teatr, FK_Przedstawienie, FK_Bilet) values (0, 'rtabtgayrsmmeqtqqtij', 276);
insert into Rachunek (NrRachunku, DataWystawienia, Stanowisko, Platnosc, Koszt, FK_Sprzedawca) values ('nagsqvfkycdlxuw', '2016-09-25', '0437696', 'K', 1145.74, 3);
insert into Bilet (IdBilet, FK_Rachunek) values (724, 'nagsqvfkycdlxuw');
insert into Teatr_ma_Przedstawienie (FK_Teatr, FK_Przedstawienie, FK_Bilet) values (0, 'rtabtgayrsmmeqtqqtij', 724);
insert into Bilet (IdBilet, FK_Rachunek) values (725, 'nagsqvfkycdlxuw');
insert into Teatr_ma_Przedstawienie (FK_Teatr, FK_Przedstawienie, FK_Bilet) values (0, 'rtabtgayrsmmeqtqqtij', 725);
insert into Bilet (IdBilet, FK_Rachunek) values (726, 'nagsqvfkycdlxuw');
insert into Teatr_ma_Przedstawienie (FK_Teatr, FK_Przedstawienie, FK_Bilet) values (0, 'rtabtgayrsmmeqtqqtij', 726);
insert into Bilet (IdBilet, FK_Rachunek) values (727, 'nagsqvfkycdlxuw');
insert into Teatr_ma_Przedstawienie (FK_Teatr, FK_Przedstawienie, FK_Bilet) values (0, 'rtabtgayrsmmeqtqqtij', 727);
insert into Rachunek (NrRachunku, DataWystawienia, Stanowisko, Platnosc, Koszt, FK_Sprzedawca) values ('egjfojobvetwuhu', '2016-09-19', '0001812', 'G', 235.13, 3);
insert into Bilet (IdBilet, FK_Rachunek) values (728, 'egjfojobvetwuhu');
insert into Teatr_ma_Przedstawienie (FK_Teatr, FK_Przedstawienie, FK_Bilet) values (0, 'rtabtgayrsmmeqtqqtij', 728);
insert into Bilet (IdBilet, FK_Rachunek) values (729, 'egjfojobvetwuhu');
insert into Teatr_ma_Przedstawienie (FK_Teatr, FK_Przedstawienie, FK_Bilet) values (0, 'rtabtgayrsmmeqtqqtij', 729);
insert into Rachunek (NrRachunku, DataWystawienia, Stanowisko, Platnosc, Koszt, FK_Sprzedawca) values ('ufgspgjitjdufda', '2016-09-08', '0787194', 'K', 233.82, 3);
insert into Bilet (IdBilet, FK_Rachunek) values (730, 'ufgspgjitjdufda');
insert into Teatr_ma_Przedstawienie (FK_Teatr, FK_Przedstawienie, FK_Bilet) values (0, 'rtabtgayrsmmeqtqqtij', 730);
insert into Rachunek (NrRachunku, DataWystawienia, Stanowisko, Platnosc, Koszt, FK_Sprzedawca) values ('kjhvhaalosyykov', '2016-09-09', '0698969', 'K', 1489.48, 3);
insert into Bilet (IdBilet, FK_Rachunek) values (731, 'kjhvhaalosyykov');
insert into Teatr_ma_Przedstawienie (FK_Teatr, FK_Przedstawienie, FK_Bilet) values (0, 'rtabtgayrsmmeqtqqtij', 731);
insert into Rachunek (NrRachunku, DataWystawienia, Stanowisko, Platnosc, Koszt, FK_Sprzedawca) values ('xjcdgxffeqtxpuk', '2016-09-13', '0561274', 'G', 452.12, 3);
insert into Bilet (IdBilet, FK_Rachunek) values (732, 'xjcdgxffeqtxpuk');
insert into Teatr_ma_Przedstawienie (FK_Teatr, FK_Przedstawienie, FK_Bilet) values (0, 'rtabtgayrsmmeqtqqtij', 732);
insert into Bilet (IdBilet, FK_Rachunek) values (733, 'xjcdgxffeqtxpuk');
insert into Teatr_ma_Przedstawienie (FK_Teatr, FK_Przedstawienie, FK_Bilet) values (0, 'rtabtgayrsmmeqtqqtij', 733);
insert into Rachunek (NrRachunku, DataWystawienia, Stanowisko, Platnosc, Koszt, FK_Sprzedawca) values ('oixutkpxauusqyq', '2016-09-19', '0899058', 'G', 71.71, 3);
insert into Bilet (IdBilet, FK_Rachunek) values (734, 'oixutkpxauusqyq');
insert into Teatr_ma_Przedstawienie (FK_Teatr, FK_Przedstawienie, FK_Bilet) values (0, 'rtabtgayrsmmeqtqqtij', 734);
insert into Bilet (IdBilet, FK_Rachunek) values (735, 'oixutkpxauusqyq');
insert into Teatr_ma_Przedstawienie (FK_Teatr, FK_Przedstawienie, FK_Bilet) values (0, 'rtabtgayrsmmeqtqqtij', 735);
insert into Bilet (IdBilet, FK_Rachunek) values (736, 'oixutkpxauusqyq');
insert into Teatr_ma_Przedstawienie (FK_Teatr, FK_Przedstawienie, FK_Bilet) values (0, 'rtabtgayrsmmeqtqqtij', 736);
insert into Bilet (IdBilet, FK_Rachunek) values (737, 'oixutkpxauusqyq');
insert into Teatr_ma_Przedstawienie (FK_Teatr, FK_Przedstawienie, FK_Bilet) values (0, 'rtabtgayrsmmeqtqqtij', 737);
insert into Rachunek (NrRachunku, DataWystawienia, Stanowisko, Platnosc, Koszt, FK_Sprzedawca) values ('gxswltrbvcedcfm', '2016-09-08', '0479432', 'G', 1643.16, 3);
insert into Bilet (IdBilet, FK_Rachunek) values (738, 'gxswltrbvcedcfm');
insert into Teatr_ma_Przedstawienie (FK_Teatr, FK_Przedstawienie, FK_Bilet) values (0, 'rtabtgayrsmmeqtqqtij', 738);
insert into Rachunek (NrRachunku, DataWystawienia, Stanowisko, Platnosc, Koszt, FK_Sprzedawca) values ('bjpdepapulikcil', '2016-09-08', '0989293', 'K', 1893.92, 3);
insert into Bilet (IdBilet, FK_Rachunek) values (739, 'bjpdepapulikcil');
insert into Teatr_ma_Przedstawienie (FK_Teatr, FK_Przedstawienie, FK_Bilet) values (0, 'rtabtgayrsmmeqtqqtij', 739);
insert into Bilet (IdBilet, FK_Rachunek) values (740, 'bjpdepapulikcil');
insert into Teatr_ma_Przedstawienie (FK_Teatr, FK_Przedstawienie, FK_Bilet) values (0, 'rtabtgayrsmmeqtqqtij', 740);
insert into Rachunek (NrRachunku, DataWystawienia, Stanowisko, Platnosc, Koszt, FK_Sprzedawca) values ('eognjuesjqwgbro', '2016-09-13', '0826460', 'K', 1877.85, 3);
insert into Bilet (IdBilet, FK_Rachunek) values (741, 'eognjuesjqwgbro');
insert into Teatr_ma_Przedstawienie (FK_Teatr, FK_Przedstawienie, FK_Bilet) values (0, 'rtabtgayrsmmeqtqqtij', 741);
insert into Bilet (IdBilet, FK_Rachunek) values (742, 'eognjuesjqwgbro');
insert into Teatr_ma_Przedstawienie (FK_Teatr, FK_Przedstawienie, FK_Bilet) values (0, 'rtabtgayrsmmeqtqqtij', 742);
insert into Rachunek (NrRachunku, DataWystawienia, Stanowisko, Platnosc, Koszt, FK_Sprzedawca) values ('krrepmcaptwpmyj', '2017-03-05', '0897859', 'G', 1744.28, 3);
insert into Bilet (IdBilet, FK_Rachunek) values (923, 'krrepmcaptwpmyj');
insert into Teatr_ma_Przedstawienie (FK_Teatr, FK_Przedstawienie, FK_Bilet) values (0, 'onrclfbdhytyuygssveo', 923);
insert into Bilet (IdBilet, FK_Rachunek) values (924, 'krrepmcaptwpmyj');
insert into Teatr_ma_Przedstawienie (FK_Teatr, FK_Przedstawienie, FK_Bilet) values (0, 'onrclfbdhytyuygssveo', 924);
insert into Bilet (IdBilet, FK_Rachunek) values (925, 'krrepmcaptwpmyj');
insert into Teatr_ma_Przedstawienie (FK_Teatr, FK_Przedstawienie, FK_Bilet) values (0, 'onrclfbdhytyuygssveo', 925);
insert into Rachunek (NrRachunku, DataWystawienia, Stanowisko, Platnosc, Koszt, FK_Sprzedawca) values ('jxnmilmyjrmifqe', '2017-03-07', '0644501', 'K', 1901.90, 3);
insert into Bilet (IdBilet, FK_Rachunek) values (926, 'jxnmilmyjrmifqe');
insert into Teatr_ma_Przedstawienie (FK_Teatr, FK_Przedstawienie, FK_Bilet) values (0, 'onrclfbdhytyuygssveo', 926);
insert into Bilet (IdBilet, FK_Rachunek) values (927, 'jxnmilmyjrmifqe');
insert into Teatr_ma_Przedstawienie (FK_Teatr, FK_Przedstawienie, FK_Bilet) values (0, 'onrclfbdhytyuygssveo', 927);
insert into Bilet (IdBilet, FK_Rachunek) values (928, 'jxnmilmyjrmifqe');
insert into Teatr_ma_Przedstawienie (FK_Teatr, FK_Przedstawienie, FK_Bilet) values (0, 'onrclfbdhytyuygssveo', 928);
insert into Rachunek (NrRachunku, DataWystawienia, Stanowisko, Platnosc, Koszt, FK_Sprzedawca) values ('qrvmwimipoxhuvd', '2017-02-26', '0808323', 'G', 832.51, 3);
insert into Bilet (IdBilet, FK_Rachunek) values (929, 'qrvmwimipoxhuvd');
insert into Teatr_ma_Przedstawienie (FK_Teatr, FK_Przedstawienie, FK_Bilet) values (0, 'onrclfbdhytyuygssveo', 929);
insert into Rachunek (NrRachunku, DataWystawienia, Stanowisko, Platnosc, Koszt, FK_Sprzedawca) values ('subpehqsrhxsimc', '2017-02-22', '0908562', 'G', 402.33, 3);
insert into Bilet (IdBilet, FK_Rachunek) values (930, 'subpehqsrhxsimc');
insert into Teatr_ma_Przedstawienie (FK_Teatr, FK_Przedstawienie, FK_Bilet) values (0, 'onrclfbdhytyuygssveo', 930);
insert into Bilet (IdBilet, FK_Rachunek) values (931, 'subpehqsrhxsimc');
insert into Teatr_ma_Przedstawienie (FK_Teatr, FK_Przedstawienie, FK_Bilet) values (0, 'onrclfbdhytyuygssveo', 931);
insert into Rachunek (NrRachunku, DataWystawienia, Stanowisko, Platnosc, Koszt, FK_Sprzedawca) values ('ewikcesabawpwwj', '2017-03-03', '0781776', 'G', 744.21, 3);
insert into Bilet (IdBilet, FK_Rachunek) values (932, 'ewikcesabawpwwj');
insert into Teatr_ma_Przedstawienie (FK_Teatr, FK_Przedstawienie, FK_Bilet) values (0, 'onrclfbdhytyuygssveo', 932);
insert into Bilet (IdBilet, FK_Rachunek) values (933, 'ewikcesabawpwwj');
insert into Teatr_ma_Przedstawienie (FK_Teatr, FK_Przedstawienie, FK_Bilet) values (0, 'onrclfbdhytyuygssveo', 933);
insert into Bilet (IdBilet, FK_Rachunek) values (934, 'ewikcesabawpwwj');
insert into Teatr_ma_Przedstawienie (FK_Teatr, FK_Przedstawienie, FK_Bilet) values (0, 'onrclfbdhytyuygssveo', 934);
insert into Rachunek (NrRachunku, DataWystawienia, Stanowisko, Platnosc, Koszt, FK_Sprzedawca) values ('ercfxrgplvayeey', '2017-03-06', '0368422', 'G', 130.39, 3);
insert into Bilet (IdBilet, FK_Rachunek) values (935, 'ercfxrgplvayeey');
insert into Teatr_ma_Przedstawienie (FK_Teatr, FK_Przedstawienie, FK_Bilet) values (0, 'onrclfbdhytyuygssveo', 935);
insert into Bilet (IdBilet, FK_Rachunek) values (936, 'ercfxrgplvayeey');
insert into Teatr_ma_Przedstawienie (FK_Teatr, FK_Przedstawienie, FK_Bilet) values (0, 'onrclfbdhytyuygssveo', 936);
insert into Bilet (IdBilet, FK_Rachunek) values (937, 'ercfxrgplvayeey');
insert into Teatr_ma_Przedstawienie (FK_Teatr, FK_Przedstawienie, FK_Bilet) values (0, 'onrclfbdhytyuygssveo', 937);
insert into Rachunek (NrRachunku, DataWystawienia, Stanowisko, Platnosc, Koszt, FK_Sprzedawca) values ('oevmkbxjtxauaoh', '2017-03-15', '0300901', 'K', 23.81, 3);
insert into Bilet (IdBilet, FK_Rachunek) values (938, 'oevmkbxjtxauaoh');
insert into Teatr_ma_Przedstawienie (FK_Teatr, FK_Przedstawienie, FK_Bilet) values (0, 'onrclfbdhytyuygssveo', 938);
insert into Bilet (IdBilet, FK_Rachunek) values (939, 'oevmkbxjtxauaoh');
insert into Teatr_ma_Przedstawienie (FK_Teatr, FK_Przedstawienie, FK_Bilet) values (0, 'onrclfbdhytyuygssveo', 939);
insert into Rachunek (NrRachunku, DataWystawienia, Stanowisko, Platnosc, Koszt, FK_Sprzedawca) values ('rsuhcgqcnkwgwoc', '2017-03-21', '0097371', 'G', 1262.71, 3);
insert into Bilet (IdBilet, FK_Rachunek) values (940, 'rsuhcgqcnkwgwoc');
insert into Teatr_ma_Przedstawienie (FK_Teatr, FK_Przedstawienie, FK_Bilet) values (0, 'onrclfbdhytyuygssveo', 940);
insert into Bilet (IdBilet, FK_Rachunek) values (941, 'rsuhcgqcnkwgwoc');
insert into Teatr_ma_Przedstawienie (FK_Teatr, FK_Przedstawienie, FK_Bilet) values (0, 'onrclfbdhytyuygssveo', 941);
insert into Bilet (IdBilet, FK_Rachunek) values (942, 'rsuhcgqcnkwgwoc');
insert into Teatr_ma_Przedstawienie (FK_Teatr, FK_Przedstawienie, FK_Bilet) values (0, 'onrclfbdhytyuygssveo', 942);
insert into Rachunek (NrRachunku, DataWystawienia, Stanowisko, Platnosc, Koszt, FK_Sprzedawca) values ('mexfinllqwlujhq', '2016-12-21', '0608583', 'G', 852.38, 3);
insert into Bilet (IdBilet, FK_Rachunek) values (1121, 'mexfinllqwlujhq');
insert into Teatr_ma_Przedstawienie (FK_Teatr, FK_Przedstawienie, FK_Bilet) values (0, 'jpnhqtkfyibunvtgkyxe', 1121);
insert into Rachunek (NrRachunku, DataWystawienia, Stanowisko, Platnosc, Koszt, FK_Sprzedawca) values ('mfcyfooxlpcbjij', '2017-01-10', '0964344', 'G', 1573.31, 3);
insert into Bilet (IdBilet, FK_Rachunek) values (1122, 'mfcyfooxlpcbjij');
insert into Teatr_ma_Przedstawienie (FK_Teatr, FK_Przedstawienie, FK_Bilet) values (0, 'jpnhqtkfyibunvtgkyxe', 1122);
insert into Rachunek (NrRachunku, DataWystawienia, Stanowisko, Platnosc, Koszt, FK_Sprzedawca) values ('qrulujgmfrfdncn', '2017-01-03', '0656165', 'K', 1530.13, 3);
insert into Bilet (IdBilet, FK_Rachunek) values (1123, 'qrulujgmfrfdncn');
insert into Teatr_ma_Przedstawienie (FK_Teatr, FK_Przedstawienie, FK_Bilet) values (0, 'jpnhqtkfyibunvtgkyxe', 1123);
insert into Bilet (IdBilet, FK_Rachunek) values (1124, 'qrulujgmfrfdncn');
insert into Teatr_ma_Przedstawienie (FK_Teatr, FK_Przedstawienie, FK_Bilet) values (0, 'jpnhqtkfyibunvtgkyxe', 1124);
insert into Bilet (IdBilet, FK_Rachunek) values (1125, 'qrulujgmfrfdncn');
insert into Teatr_ma_Przedstawienie (FK_Teatr, FK_Przedstawienie, FK_Bilet) values (0, 'jpnhqtkfyibunvtgkyxe', 1125);
insert into Rachunek (NrRachunku, DataWystawienia, Stanowisko, Platnosc, Koszt, FK_Sprzedawca) values ('trqecnojcbxflpf', '2016-12-16', '0133305', 'K', 608.57, 3);
insert into Bilet (IdBilet, FK_Rachunek) values (1126, 'trqecnojcbxflpf');
insert into Teatr_ma_Przedstawienie (FK_Teatr, FK_Przedstawienie, FK_Bilet) values (0, 'jpnhqtkfyibunvtgkyxe', 1126);
insert into Bilet (IdBilet, FK_Rachunek) values (1127, 'trqecnojcbxflpf');
insert into Teatr_ma_Przedstawienie (FK_Teatr, FK_Przedstawienie, FK_Bilet) values (0, 'jpnhqtkfyibunvtgkyxe', 1127);
insert into Rachunek (NrRachunku, DataWystawienia, Stanowisko, Platnosc, Koszt, FK_Sprzedawca) values ('lbdhfsywlgfrwga', '2017-01-10', '0540964', 'G', 114.30, 3);
insert into Bilet (IdBilet, FK_Rachunek) values (1128, 'lbdhfsywlgfrwga');
insert into Teatr_ma_Przedstawienie (FK_Teatr, FK_Przedstawienie, FK_Bilet) values (0, 'jpnhqtkfyibunvtgkyxe', 1128);
insert into Bilet (IdBilet, FK_Rachunek) values (1129, 'lbdhfsywlgfrwga');
insert into Teatr_ma_Przedstawienie (FK_Teatr, FK_Przedstawienie, FK_Bilet) values (0, 'jpnhqtkfyibunvtgkyxe', 1129);
insert into Bilet (IdBilet, FK_Rachunek) values (1130, 'lbdhfsywlgfrwga');
insert into Teatr_ma_Przedstawienie (FK_Teatr, FK_Przedstawienie, FK_Bilet) values (0, 'jpnhqtkfyibunvtgkyxe', 1130);
insert into Bilet (IdBilet, FK_Rachunek) values (1131, 'lbdhfsywlgfrwga');
insert into Teatr_ma_Przedstawienie (FK_Teatr, FK_Przedstawienie, FK_Bilet) values (0, 'jpnhqtkfyibunvtgkyxe', 1131);
insert into Rachunek (NrRachunku, DataWystawienia, Stanowisko, Platnosc, Koszt, FK_Sprzedawca) values ('kauwvkkefvchskw', '2017-01-01', '0555811', 'G', 1987.95, 3);
insert into Bilet (IdBilet, FK_Rachunek) values (1132, 'kauwvkkefvchskw');
insert into Teatr_ma_Przedstawienie (FK_Teatr, FK_Przedstawienie, FK_Bilet) values (0, 'jpnhqtkfyibunvtgkyxe', 1132);
insert into Rachunek (NrRachunku, DataWystawienia, Stanowisko, Platnosc, Koszt, FK_Sprzedawca) values ('dtvyfdagwtttewv', '2016-12-26', '0768688', 'K', 1307.43, 3);
insert into Bilet (IdBilet, FK_Rachunek) values (1133, 'dtvyfdagwtttewv');
insert into Teatr_ma_Przedstawienie (FK_Teatr, FK_Przedstawienie, FK_Bilet) values (0, 'jpnhqtkfyibunvtgkyxe', 1133);
insert into Bilet (IdBilet, FK_Rachunek) values (1134, 'dtvyfdagwtttewv');
insert into Teatr_ma_Przedstawienie (FK_Teatr, FK_Przedstawienie, FK_Bilet) values (0, 'jpnhqtkfyibunvtgkyxe', 1134);
insert into Rachunek (NrRachunku, DataWystawienia, Stanowisko, Platnosc, Koszt, FK_Sprzedawca) values ('urdbpwjottbwwld', '2017-01-13', '0384485', 'G', 1385.50, 3);
insert into Bilet (IdBilet, FK_Rachunek) values (1135, 'urdbpwjottbwwld');
insert into Teatr_ma_Przedstawienie (FK_Teatr, FK_Przedstawienie, FK_Bilet) values (0, 'jpnhqtkfyibunvtgkyxe', 1135);
insert into Rachunek (NrRachunku, DataWystawienia, Stanowisko, Platnosc, Koszt, FK_Sprzedawca) values ('kgmodlvwawktxcb', '2017-01-01', '0159746', 'K', 1619.42, 3);
insert into Bilet (IdBilet, FK_Rachunek) values (1136, 'kgmodlvwawktxcb');
insert into Teatr_ma_Przedstawienie (FK_Teatr, FK_Przedstawienie, FK_Bilet) values (0, 'jpnhqtkfyibunvtgkyxe', 1136);
insert into Rachunek (NrRachunku, DataWystawienia, Stanowisko, Platnosc, Koszt, FK_Sprzedawca) values ('qggjbjeqtysfcee', '2016-12-25', '0976459', 'G', 814.77, 3);
insert into Bilet (IdBilet, FK_Rachunek) values (1137, 'qggjbjeqtysfcee');
insert into Teatr_ma_Przedstawienie (FK_Teatr, FK_Przedstawienie, FK_Bilet) values (0, 'jpnhqtkfyibunvtgkyxe', 1137);
insert into Bilet (IdBilet, FK_Rachunek) values (1138, 'qggjbjeqtysfcee');
insert into Teatr_ma_Przedstawienie (FK_Teatr, FK_Przedstawienie, FK_Bilet) values (0, 'jpnhqtkfyibunvtgkyxe', 1138);
insert into Rachunek (NrRachunku, DataWystawienia, Stanowisko, Platnosc, Koszt, FK_Sprzedawca) values ('gctsingptkytdef', '2017-01-14', '0396958', 'G', 1977.71, 3);
insert into Bilet (IdBilet, FK_Rachunek) values (1139, 'gctsingptkytdef');
insert into Teatr_ma_Przedstawienie (FK_Teatr, FK_Przedstawienie, FK_Bilet) values (0, 'jpnhqtkfyibunvtgkyxe', 1139);
insert into Bilet (IdBilet, FK_Rachunek) values (1140, 'gctsingptkytdef');
insert into Teatr_ma_Przedstawienie (FK_Teatr, FK_Przedstawienie, FK_Bilet) values (0, 'jpnhqtkfyibunvtgkyxe', 1140);
insert into Bilet (IdBilet, FK_Rachunek) values (1141, 'gctsingptkytdef');
insert into Teatr_ma_Przedstawienie (FK_Teatr, FK_Przedstawienie, FK_Bilet) values (0, 'jpnhqtkfyibunvtgkyxe', 1141);
insert into Bilet (IdBilet, FK_Rachunek) values (1142, 'gctsingptkytdef');
insert into Teatr_ma_Przedstawienie (FK_Teatr, FK_Przedstawienie, FK_Bilet) values (0, 'jpnhqtkfyibunvtgkyxe', 1142);
insert into Sprzedawca (IDSprzedawca, Imie, Nazwisko) values (4, 'Leigh', 'Mckinney');
insert into Rachunek (NrRachunku, DataWystawienia, Stanowisko, Platnosc, Koszt, FK_Sprzedawca) values ('bsfkudxqtkujdgf', '2016-12-07', '0295616', 'G', 1310.61, 4);
insert into Bilet (IdBilet, FK_Rachunek) values (79, 'bsfkudxqtkujdgf');
insert into Teatr_ma_Przedstawienie (FK_Teatr, FK_Przedstawienie, FK_Bilet) values (0, 'ygcssravfagxgfnsavdc', 79);
insert into Rachunek (NrRachunku, DataWystawienia, Stanowisko, Platnosc, Koszt, FK_Sprzedawca) values ('plmyvbppuqhqkmg', '2016-12-07', '0972259', 'K', 1303.00, 4);
insert into Bilet (IdBilet, FK_Rachunek) values (80, 'plmyvbppuqhqkmg');
insert into Teatr_ma_Przedstawienie (FK_Teatr, FK_Przedstawienie, FK_Bilet) values (0, 'ygcssravfagxgfnsavdc', 80);
insert into Bilet (IdBilet, FK_Rachunek) values (81, 'plmyvbppuqhqkmg');
insert into Teatr_ma_Przedstawienie (FK_Teatr, FK_Przedstawienie, FK_Bilet) values (0, 'ygcssravfagxgfnsavdc', 81);
insert into Bilet (IdBilet, FK_Rachunek) values (82, 'plmyvbppuqhqkmg');
insert into Teatr_ma_Przedstawienie (FK_Teatr, FK_Przedstawienie, FK_Bilet) values (0, 'ygcssravfagxgfnsavdc', 82);
insert into Bilet (IdBilet, FK_Rachunek) values (83, 'plmyvbppuqhqkmg');
insert into Teatr_ma_Przedstawienie (FK_Teatr, FK_Przedstawienie, FK_Bilet) values (0, 'ygcssravfagxgfnsavdc', 83);
insert into Rachunek (NrRachunku, DataWystawienia, Stanowisko, Platnosc, Koszt, FK_Sprzedawca) values ('cyqrygcdcglaolo', '2016-12-20', '0868943', 'G', 824.70, 4);
insert into Bilet (IdBilet, FK_Rachunek) values (84, 'cyqrygcdcglaolo');
insert into Teatr_ma_Przedstawienie (FK_Teatr, FK_Przedstawienie, FK_Bilet) values (0, 'ygcssravfagxgfnsavdc', 84);
insert into Bilet (IdBilet, FK_Rachunek) values (85, 'cyqrygcdcglaolo');
insert into Teatr_ma_Przedstawienie (FK_Teatr, FK_Przedstawienie, FK_Bilet) values (0, 'ygcssravfagxgfnsavdc', 85);
insert into Rachunek (NrRachunku, DataWystawienia, Stanowisko, Platnosc, Koszt, FK_Sprzedawca) values ('tmlxwafqabkdksn', '2016-12-19', '0223125', 'G', 1432.64, 4);
insert into Bilet (IdBilet, FK_Rachunek) values (86, 'tmlxwafqabkdksn');
insert into Teatr_ma_Przedstawienie (FK_Teatr, FK_Przedstawienie, FK_Bilet) values (0, 'ygcssravfagxgfnsavdc', 86);
insert into Rachunek (NrRachunku, DataWystawienia, Stanowisko, Platnosc, Koszt, FK_Sprzedawca) values ('lmemhuslgxniksk', '2016-12-10', '0454115', 'K', 642.60, 4);
insert into Bilet (IdBilet, FK_Rachunek) values (87, 'lmemhuslgxniksk');
insert into Teatr_ma_Przedstawienie (FK_Teatr, FK_Przedstawienie, FK_Bilet) values (0, 'ygcssravfagxgfnsavdc', 87);
insert into Bilet (IdBilet, FK_Rachunek) values (88, 'lmemhuslgxniksk');
insert into Teatr_ma_Przedstawienie (FK_Teatr, FK_Przedstawienie, FK_Bilet) values (0, 'ygcssravfagxgfnsavdc', 88);
insert into Rachunek (NrRachunku, DataWystawienia, Stanowisko, Platnosc, Koszt, FK_Sprzedawca) values ('bbdfwtfmpgvhppo', '2016-12-06', '0090631', 'K', 1243.97, 4);
insert into Bilet (IdBilet, FK_Rachunek) values (89, 'bbdfwtfmpgvhppo');
insert into Teatr_ma_Przedstawienie (FK_Teatr, FK_Przedstawienie, FK_Bilet) values (0, 'ygcssravfagxgfnsavdc', 89);
insert into Rachunek (NrRachunku, DataWystawienia, Stanowisko, Platnosc, Koszt, FK_Sprzedawca) values ('drjntxvbdsabeyj', '2016-12-12', '0042738', 'G', 1714.00, 4);
insert into Bilet (IdBilet, FK_Rachunek) values (90, 'drjntxvbdsabeyj');
insert into Teatr_ma_Przedstawienie (FK_Teatr, FK_Przedstawienie, FK_Bilet) values (0, 'ygcssravfagxgfnsavdc', 90);
insert into Bilet (IdBilet, FK_Rachunek) values (91, 'drjntxvbdsabeyj');
insert into Teatr_ma_Przedstawienie (FK_Teatr, FK_Przedstawienie, FK_Bilet) values (0, 'ygcssravfagxgfnsavdc', 91);
insert into Rachunek (NrRachunku, DataWystawienia, Stanowisko, Platnosc, Koszt, FK_Sprzedawca) values ('ruxpaiyevsganfl', '2016-12-12', '0161398', 'K', 1859.91, 4);
insert into Bilet (IdBilet, FK_Rachunek) values (92, 'ruxpaiyevsganfl');
insert into Teatr_ma_Przedstawienie (FK_Teatr, FK_Przedstawienie, FK_Bilet) values (0, 'ygcssravfagxgfnsavdc', 92);
insert into Bilet (IdBilet, FK_Rachunek) values (93, 'ruxpaiyevsganfl');
insert into Teatr_ma_Przedstawienie (FK_Teatr, FK_Przedstawienie, FK_Bilet) values (0, 'ygcssravfagxgfnsavdc', 93);
insert into Rachunek (NrRachunku, DataWystawienia, Stanowisko, Platnosc, Koszt, FK_Sprzedawca) values ('ncuruuxvyleyymv', '2016-11-28', '0598952', 'K', 777.10, 4);
insert into Bilet (IdBilet, FK_Rachunek) values (94, 'ncuruuxvyleyymv');
insert into Teatr_ma_Przedstawienie (FK_Teatr, FK_Przedstawienie, FK_Bilet) values (0, 'ygcssravfagxgfnsavdc', 94);
insert into Bilet (IdBilet, FK_Rachunek) values (95, 'ncuruuxvyleyymv');
insert into Teatr_ma_Przedstawienie (FK_Teatr, FK_Przedstawienie, FK_Bilet) values (0, 'ygcssravfagxgfnsavdc', 95);
insert into Bilet (IdBilet, FK_Rachunek) values (96, 'ncuruuxvyleyymv');
insert into Teatr_ma_Przedstawienie (FK_Teatr, FK_Przedstawienie, FK_Bilet) values (0, 'ygcssravfagxgfnsavdc', 96);
insert into Bilet (IdBilet, FK_Rachunek) values (97, 'ncuruuxvyleyymv');
insert into Teatr_ma_Przedstawienie (FK_Teatr, FK_Przedstawienie, FK_Bilet) values (0, 'ygcssravfagxgfnsavdc', 97);
insert into Rachunek (NrRachunku, DataWystawienia, Stanowisko, Platnosc, Koszt, FK_Sprzedawca) values ('kjhyiervubqeipu', '2016-09-19', '0985828', 'K', 1306.57, 4);
insert into Bilet (IdBilet, FK_Rachunek) values (277, 'kjhyiervubqeipu');
insert into Teatr_ma_Przedstawienie (FK_Teatr, FK_Przedstawienie, FK_Bilet) values (0, 'rtabtgayrsmmeqtqqtij', 277);
insert into Bilet (IdBilet, FK_Rachunek) values (278, 'kjhyiervubqeipu');
insert into Teatr_ma_Przedstawienie (FK_Teatr, FK_Przedstawienie, FK_Bilet) values (0, 'rtabtgayrsmmeqtqqtij', 278);
insert into Rachunek (NrRachunku, DataWystawienia, Stanowisko, Platnosc, Koszt, FK_Sprzedawca) values ('xjwkglmvthsclbo', '2016-09-15', '0023962', 'G', 1516.04, 4);
insert into Bilet (IdBilet, FK_Rachunek) values (279, 'xjwkglmvthsclbo');
insert into Teatr_ma_Przedstawienie (FK_Teatr, FK_Przedstawienie, FK_Bilet) values (0, 'rtabtgayrsmmeqtqqtij', 279);
insert into Bilet (IdBilet, FK_Rachunek) values (280, 'xjwkglmvthsclbo');
insert into Teatr_ma_Przedstawienie (FK_Teatr, FK_Przedstawienie, FK_Bilet) values (0, 'rtabtgayrsmmeqtqqtij', 280);
insert into Bilet (IdBilet, FK_Rachunek) values (281, 'xjwkglmvthsclbo');
insert into Teatr_ma_Przedstawienie (FK_Teatr, FK_Przedstawienie, FK_Bilet) values (0, 'rtabtgayrsmmeqtqqtij', 281);
insert into Rachunek (NrRachunku, DataWystawienia, Stanowisko, Platnosc, Koszt, FK_Sprzedawca) values ('kphhpfmkwkfexno', '2016-09-19', '0681267', 'K', 1791.30, 4);
insert into Bilet (IdBilet, FK_Rachunek) values (282, 'kphhpfmkwkfexno');
insert into Teatr_ma_Przedstawienie (FK_Teatr, FK_Przedstawienie, FK_Bilet) values (0, 'rtabtgayrsmmeqtqqtij', 282);
insert into Bilet (IdBilet, FK_Rachunek) values (283, 'kphhpfmkwkfexno');
insert into Teatr_ma_Przedstawienie (FK_Teatr, FK_Przedstawienie, FK_Bilet) values (0, 'rtabtgayrsmmeqtqqtij', 283);
insert into Bilet (IdBilet, FK_Rachunek) values (284, 'kphhpfmkwkfexno');
insert into Teatr_ma_Przedstawienie (FK_Teatr, FK_Przedstawienie, FK_Bilet) values (0, 'rtabtgayrsmmeqtqqtij', 284);
insert into Bilet (IdBilet, FK_Rachunek) values (285, 'kphhpfmkwkfexno');
insert into Teatr_ma_Przedstawienie (FK_Teatr, FK_Przedstawienie, FK_Bilet) values (0, 'rtabtgayrsmmeqtqqtij', 285);
insert into Rachunek (NrRachunku, DataWystawienia, Stanowisko, Platnosc, Koszt, FK_Sprzedawca) values ('xmqvbjgsbpwnmqo', '2016-09-22', '0884068', 'G', 1634.92, 4);
insert into Bilet (IdBilet, FK_Rachunek) values (286, 'xmqvbjgsbpwnmqo');
insert into Teatr_ma_Przedstawienie (FK_Teatr, FK_Przedstawienie, FK_Bilet) values (0, 'rtabtgayrsmmeqtqqtij', 286);
insert into Bilet (IdBilet, FK_Rachunek) values (287, 'xmqvbjgsbpwnmqo');
insert into Teatr_ma_Przedstawienie (FK_Teatr, FK_Przedstawienie, FK_Bilet) values (0, 'rtabtgayrsmmeqtqqtij', 287);
insert into Rachunek (NrRachunku, DataWystawienia, Stanowisko, Platnosc, Koszt, FK_Sprzedawca) values ('cgtfqawaapkxyyb', '2016-09-06', '0613311', 'K', 754.23, 4);
insert into Bilet (IdBilet, FK_Rachunek) values (288, 'cgtfqawaapkxyyb');
insert into Teatr_ma_Przedstawienie (FK_Teatr, FK_Przedstawienie, FK_Bilet) values (0, 'rtabtgayrsmmeqtqqtij', 288);
insert into Rachunek (NrRachunku, DataWystawienia, Stanowisko, Platnosc, Koszt, FK_Sprzedawca) values ('gnhfifkpyfewfrr', '2016-09-15', '0533937', 'G', 74.86, 4);
insert into Bilet (IdBilet, FK_Rachunek) values (289, 'gnhfifkpyfewfrr');
insert into Teatr_ma_Przedstawienie (FK_Teatr, FK_Przedstawienie, FK_Bilet) values (0, 'rtabtgayrsmmeqtqqtij', 289);
insert into Bilet (IdBilet, FK_Rachunek) values (290, 'gnhfifkpyfewfrr');
insert into Teatr_ma_Przedstawienie (FK_Teatr, FK_Przedstawienie, FK_Bilet) values (0, 'rtabtgayrsmmeqtqqtij', 290);
insert into Bilet (IdBilet, FK_Rachunek) values (291, 'gnhfifkpyfewfrr');
insert into Teatr_ma_Przedstawienie (FK_Teatr, FK_Przedstawienie, FK_Bilet) values (0, 'rtabtgayrsmmeqtqqtij', 291);
insert into Rachunek (NrRachunku, DataWystawienia, Stanowisko, Platnosc, Koszt, FK_Sprzedawca) values ('rytiiyjrwnbmqgp', '2016-09-18', '0883691', 'G', 493.07, 4);
insert into Bilet (IdBilet, FK_Rachunek) values (292, 'rytiiyjrwnbmqgp');
insert into Teatr_ma_Przedstawienie (FK_Teatr, FK_Przedstawienie, FK_Bilet) values (0, 'rtabtgayrsmmeqtqqtij', 292);
insert into Rachunek (NrRachunku, DataWystawienia, Stanowisko, Platnosc, Koszt, FK_Sprzedawca) values ('khtyjjfhiirptal', '2016-09-20', '0228011', 'K', 1054.75, 4);
insert into Bilet (IdBilet, FK_Rachunek) values (293, 'khtyjjfhiirptal');
insert into Teatr_ma_Przedstawienie (FK_Teatr, FK_Przedstawienie, FK_Bilet) values (0, 'rtabtgayrsmmeqtqqtij', 293);
insert into Bilet (IdBilet, FK_Rachunek) values (294, 'khtyjjfhiirptal');
insert into Teatr_ma_Przedstawienie (FK_Teatr, FK_Przedstawienie, FK_Bilet) values (0, 'rtabtgayrsmmeqtqqtij', 294);
insert into Rachunek (NrRachunku, DataWystawienia, Stanowisko, Platnosc, Koszt, FK_Sprzedawca) values ('dqihxleqqcvvkrg', '2016-09-30', '0727460', 'K', 486.66, 4);
insert into Bilet (IdBilet, FK_Rachunek) values (295, 'dqihxleqqcvvkrg');
insert into Teatr_ma_Przedstawienie (FK_Teatr, FK_Przedstawienie, FK_Bilet) values (0, 'rtabtgayrsmmeqtqqtij', 295);
insert into Bilet (IdBilet, FK_Rachunek) values (296, 'dqihxleqqcvvkrg');
insert into Teatr_ma_Przedstawienie (FK_Teatr, FK_Przedstawienie, FK_Bilet) values (0, 'rtabtgayrsmmeqtqqtij', 296);
insert into Bilet (IdBilet, FK_Rachunek) values (297, 'dqihxleqqcvvkrg');
insert into Teatr_ma_Przedstawienie (FK_Teatr, FK_Przedstawienie, FK_Bilet) values (0, 'rtabtgayrsmmeqtqqtij', 297);
insert into Rachunek (NrRachunku, DataWystawienia, Stanowisko, Platnosc, Koszt, FK_Sprzedawca) values ('gnsmslcmuafixkd', '2016-09-20', '0388435', 'K', 718.87, 4);
insert into Bilet (IdBilet, FK_Rachunek) values (743, 'gnsmslcmuafixkd');
insert into Teatr_ma_Przedstawienie (FK_Teatr, FK_Przedstawienie, FK_Bilet) values (0, 'rtabtgayrsmmeqtqqtij', 743);
insert into Bilet (IdBilet, FK_Rachunek) values (744, 'gnsmslcmuafixkd');
insert into Teatr_ma_Przedstawienie (FK_Teatr, FK_Przedstawienie, FK_Bilet) values (0, 'rtabtgayrsmmeqtqqtij', 744);
insert into Bilet (IdBilet, FK_Rachunek) values (745, 'gnsmslcmuafixkd');
insert into Teatr_ma_Przedstawienie (FK_Teatr, FK_Przedstawienie, FK_Bilet) values (0, 'rtabtgayrsmmeqtqqtij', 745);
insert into Bilet (IdBilet, FK_Rachunek) values (746, 'gnsmslcmuafixkd');
insert into Teatr_ma_Przedstawienie (FK_Teatr, FK_Przedstawienie, FK_Bilet) values (0, 'rtabtgayrsmmeqtqqtij', 746);
insert into Rachunek (NrRachunku, DataWystawienia, Stanowisko, Platnosc, Koszt, FK_Sprzedawca) values ('ioskxpwnvrwqgmg', '2016-09-15', '0027822', 'K', 105.50, 4);
insert into Bilet (IdBilet, FK_Rachunek) values (747, 'ioskxpwnvrwqgmg');
insert into Teatr_ma_Przedstawienie (FK_Teatr, FK_Przedstawienie, FK_Bilet) values (0, 'rtabtgayrsmmeqtqqtij', 747);
insert into Bilet (IdBilet, FK_Rachunek) values (748, 'ioskxpwnvrwqgmg');
insert into Teatr_ma_Przedstawienie (FK_Teatr, FK_Przedstawienie, FK_Bilet) values (0, 'rtabtgayrsmmeqtqqtij', 748);
insert into Bilet (IdBilet, FK_Rachunek) values (749, 'ioskxpwnvrwqgmg');
insert into Teatr_ma_Przedstawienie (FK_Teatr, FK_Przedstawienie, FK_Bilet) values (0, 'rtabtgayrsmmeqtqqtij', 749);
insert into Rachunek (NrRachunku, DataWystawienia, Stanowisko, Platnosc, Koszt, FK_Sprzedawca) values ('jywfetrpoacbknd', '2016-09-23', '0024415', 'G', 1814.05, 4);
insert into Bilet (IdBilet, FK_Rachunek) values (750, 'jywfetrpoacbknd');
insert into Teatr_ma_Przedstawienie (FK_Teatr, FK_Przedstawienie, FK_Bilet) values (0, 'rtabtgayrsmmeqtqqtij', 750);
insert into Bilet (IdBilet, FK_Rachunek) values (751, 'jywfetrpoacbknd');
insert into Teatr_ma_Przedstawienie (FK_Teatr, FK_Przedstawienie, FK_Bilet) values (0, 'rtabtgayrsmmeqtqqtij', 751);
insert into Bilet (IdBilet, FK_Rachunek) values (752, 'jywfetrpoacbknd');
insert into Teatr_ma_Przedstawienie (FK_Teatr, FK_Przedstawienie, FK_Bilet) values (0, 'rtabtgayrsmmeqtqqtij', 752);
insert into Bilet (IdBilet, FK_Rachunek) values (753, 'jywfetrpoacbknd');
insert into Teatr_ma_Przedstawienie (FK_Teatr, FK_Przedstawienie, FK_Bilet) values (0, 'rtabtgayrsmmeqtqqtij', 753);
insert into Rachunek (NrRachunku, DataWystawienia, Stanowisko, Platnosc, Koszt, FK_Sprzedawca) values ('mfhgihmptyjyvuv', '2016-09-19', '0084887', 'G', 1993.95, 4);
insert into Bilet (IdBilet, FK_Rachunek) values (754, 'mfhgihmptyjyvuv');
insert into Teatr_ma_Przedstawienie (FK_Teatr, FK_Przedstawienie, FK_Bilet) values (0, 'rtabtgayrsmmeqtqqtij', 754);
insert into Bilet (IdBilet, FK_Rachunek) values (755, 'mfhgihmptyjyvuv');
insert into Teatr_ma_Przedstawienie (FK_Teatr, FK_Przedstawienie, FK_Bilet) values (0, 'rtabtgayrsmmeqtqqtij', 755);
insert into Rachunek (NrRachunku, DataWystawienia, Stanowisko, Platnosc, Koszt, FK_Sprzedawca) values ('tvanqglsfipyeku', '2016-09-26', '0456737', 'G', 1763.57, 4);
insert into Bilet (IdBilet, FK_Rachunek) values (756, 'tvanqglsfipyeku');
insert into Teatr_ma_Przedstawienie (FK_Teatr, FK_Przedstawienie, FK_Bilet) values (0, 'rtabtgayrsmmeqtqqtij', 756);
insert into Bilet (IdBilet, FK_Rachunek) values (757, 'tvanqglsfipyeku');
insert into Teatr_ma_Przedstawienie (FK_Teatr, FK_Przedstawienie, FK_Bilet) values (0, 'rtabtgayrsmmeqtqqtij', 757);
insert into Rachunek (NrRachunku, DataWystawienia, Stanowisko, Platnosc, Koszt, FK_Sprzedawca) values ('nlasfqiydxvjdfu', '2016-09-18', '0876577', 'G', 1608.59, 4);
insert into Bilet (IdBilet, FK_Rachunek) values (758, 'nlasfqiydxvjdfu');
insert into Teatr_ma_Przedstawienie (FK_Teatr, FK_Przedstawienie, FK_Bilet) values (0, 'rtabtgayrsmmeqtqqtij', 758);
insert into Rachunek (NrRachunku, DataWystawienia, Stanowisko, Platnosc, Koszt, FK_Sprzedawca) values ('uuurffawvvalbxr', '2016-10-02', '0423078', 'K', 285.20, 4);
insert into Bilet (IdBilet, FK_Rachunek) values (759, 'uuurffawvvalbxr');
insert into Teatr_ma_Przedstawienie (FK_Teatr, FK_Przedstawienie, FK_Bilet) values (0, 'rtabtgayrsmmeqtqqtij', 759);
insert into Bilet (IdBilet, FK_Rachunek) values (760, 'uuurffawvvalbxr');
insert into Teatr_ma_Przedstawienie (FK_Teatr, FK_Przedstawienie, FK_Bilet) values (0, 'rtabtgayrsmmeqtqqtij', 760);
insert into Bilet (IdBilet, FK_Rachunek) values (761, 'uuurffawvvalbxr');
insert into Teatr_ma_Przedstawienie (FK_Teatr, FK_Przedstawienie, FK_Bilet) values (0, 'rtabtgayrsmmeqtqqtij', 761);
insert into Rachunek (NrRachunku, DataWystawienia, Stanowisko, Platnosc, Koszt, FK_Sprzedawca) values ('fnubksskmighihx', '2017-03-06', '0066325', 'K', 1327.53, 4);
insert into Bilet (IdBilet, FK_Rachunek) values (943, 'fnubksskmighihx');
insert into Teatr_ma_Przedstawienie (FK_Teatr, FK_Przedstawienie, FK_Bilet) values (0, 'onrclfbdhytyuygssveo', 943);
insert into Rachunek (NrRachunku, DataWystawienia, Stanowisko, Platnosc, Koszt, FK_Sprzedawca) values ('wfaedgewbsxbhbm', '2017-03-18', '0790329', 'G', 1827.98, 4);
insert into Bilet (IdBilet, FK_Rachunek) values (944, 'wfaedgewbsxbhbm');
insert into Teatr_ma_Przedstawienie (FK_Teatr, FK_Przedstawienie, FK_Bilet) values (0, 'onrclfbdhytyuygssveo', 944);
insert into Rachunek (NrRachunku, DataWystawienia, Stanowisko, Platnosc, Koszt, FK_Sprzedawca) values ('tbuqslyxdoxihxv', '2017-03-03', '0321822', 'G', 914.85, 4);
insert into Bilet (IdBilet, FK_Rachunek) values (945, 'tbuqslyxdoxihxv');
insert into Teatr_ma_Przedstawienie (FK_Teatr, FK_Przedstawienie, FK_Bilet) values (0, 'onrclfbdhytyuygssveo', 945);
insert into Rachunek (NrRachunku, DataWystawienia, Stanowisko, Platnosc, Koszt, FK_Sprzedawca) values ('xiuonrgrkuaqshl', '2017-03-08', '0506392', 'G', 1030.13, 4);
insert into Bilet (IdBilet, FK_Rachunek) values (946, 'xiuonrgrkuaqshl');
insert into Teatr_ma_Przedstawienie (FK_Teatr, FK_Przedstawienie, FK_Bilet) values (0, 'onrclfbdhytyuygssveo', 946);
insert into Rachunek (NrRachunku, DataWystawienia, Stanowisko, Platnosc, Koszt, FK_Sprzedawca) values ('qliynfmqomwgvpf', '2017-02-25', '0871800', 'K', 1960.71, 4);
insert into Bilet (IdBilet, FK_Rachunek) values (947, 'qliynfmqomwgvpf');
insert into Teatr_ma_Przedstawienie (FK_Teatr, FK_Przedstawienie, FK_Bilet) values (0, 'onrclfbdhytyuygssveo', 947);
insert into Rachunek (NrRachunku, DataWystawienia, Stanowisko, Platnosc, Koszt, FK_Sprzedawca) values ('xvxeupgrnunikvr', '2017-03-07', '0043745', 'K', 298.43, 4);
insert into Bilet (IdBilet, FK_Rachunek) values (948, 'xvxeupgrnunikvr');
insert into Teatr_ma_Przedstawienie (FK_Teatr, FK_Przedstawienie, FK_Bilet) values (0, 'onrclfbdhytyuygssveo', 948);
insert into Bilet (IdBilet, FK_Rachunek) values (949, 'xvxeupgrnunikvr');
insert into Teatr_ma_Przedstawienie (FK_Teatr, FK_Przedstawienie, FK_Bilet) values (0, 'onrclfbdhytyuygssveo', 949);
insert into Bilet (IdBilet, FK_Rachunek) values (950, 'xvxeupgrnunikvr');
insert into Teatr_ma_Przedstawienie (FK_Teatr, FK_Przedstawienie, FK_Bilet) values (0, 'onrclfbdhytyuygssveo', 950);
insert into Bilet (IdBilet, FK_Rachunek) values (951, 'xvxeupgrnunikvr');
insert into Teatr_ma_Przedstawienie (FK_Teatr, FK_Przedstawienie, FK_Bilet) values (0, 'onrclfbdhytyuygssveo', 951);
insert into Rachunek (NrRachunku, DataWystawienia, Stanowisko, Platnosc, Koszt, FK_Sprzedawca) values ('ugqrwmyikqlqgcq', '2017-03-01', '0067095', 'K', 802.81, 4);
insert into Bilet (IdBilet, FK_Rachunek) values (952, 'ugqrwmyikqlqgcq');
insert into Teatr_ma_Przedstawienie (FK_Teatr, FK_Przedstawienie, FK_Bilet) values (0, 'onrclfbdhytyuygssveo', 952);
insert into Bilet (IdBilet, FK_Rachunek) values (953, 'ugqrwmyikqlqgcq');
insert into Teatr_ma_Przedstawienie (FK_Teatr, FK_Przedstawienie, FK_Bilet) values (0, 'onrclfbdhytyuygssveo', 953);
insert into Bilet (IdBilet, FK_Rachunek) values (954, 'ugqrwmyikqlqgcq');
insert into Teatr_ma_Przedstawienie (FK_Teatr, FK_Przedstawienie, FK_Bilet) values (0, 'onrclfbdhytyuygssveo', 954);
insert into Rachunek (NrRachunku, DataWystawienia, Stanowisko, Platnosc, Koszt, FK_Sprzedawca) values ('kjcfvernmvkstda', '2017-02-23', '0679372', 'G', 1876.45, 4);
insert into Bilet (IdBilet, FK_Rachunek) values (955, 'kjcfvernmvkstda');
insert into Teatr_ma_Przedstawienie (FK_Teatr, FK_Przedstawienie, FK_Bilet) values (0, 'onrclfbdhytyuygssveo', 955);
insert into Bilet (IdBilet, FK_Rachunek) values (956, 'kjcfvernmvkstda');
insert into Teatr_ma_Przedstawienie (FK_Teatr, FK_Przedstawienie, FK_Bilet) values (0, 'onrclfbdhytyuygssveo', 956);
insert into Bilet (IdBilet, FK_Rachunek) values (957, 'kjcfvernmvkstda');
insert into Teatr_ma_Przedstawienie (FK_Teatr, FK_Przedstawienie, FK_Bilet) values (0, 'onrclfbdhytyuygssveo', 957);
insert into Bilet (IdBilet, FK_Rachunek) values (958, 'kjcfvernmvkstda');
insert into Teatr_ma_Przedstawienie (FK_Teatr, FK_Przedstawienie, FK_Bilet) values (0, 'onrclfbdhytyuygssveo', 958);
insert into Rachunek (NrRachunku, DataWystawienia, Stanowisko, Platnosc, Koszt, FK_Sprzedawca) values ('vctvqpperrynnnj', '2017-03-08', '0622910', 'G', 380.66, 4);
insert into Bilet (IdBilet, FK_Rachunek) values (959, 'vctvqpperrynnnj');
insert into Teatr_ma_Przedstawienie (FK_Teatr, FK_Przedstawienie, FK_Bilet) values (0, 'onrclfbdhytyuygssveo', 959);
insert into Bilet (IdBilet, FK_Rachunek) values (960, 'vctvqpperrynnnj');
insert into Teatr_ma_Przedstawienie (FK_Teatr, FK_Przedstawienie, FK_Bilet) values (0, 'onrclfbdhytyuygssveo', 960);
insert into Bilet (IdBilet, FK_Rachunek) values (961, 'vctvqpperrynnnj');
insert into Teatr_ma_Przedstawienie (FK_Teatr, FK_Przedstawienie, FK_Bilet) values (0, 'onrclfbdhytyuygssveo', 961);
insert into Bilet (IdBilet, FK_Rachunek) values (962, 'vctvqpperrynnnj');
insert into Teatr_ma_Przedstawienie (FK_Teatr, FK_Przedstawienie, FK_Bilet) values (0, 'onrclfbdhytyuygssveo', 962);
insert into Rachunek (NrRachunku, DataWystawienia, Stanowisko, Platnosc, Koszt, FK_Sprzedawca) values ('dllrdtpnksgoroj', '2017-01-04', '0129394', 'G', 781.02, 4);
insert into Bilet (IdBilet, FK_Rachunek) values (1143, 'dllrdtpnksgoroj');
insert into Teatr_ma_Przedstawienie (FK_Teatr, FK_Przedstawienie, FK_Bilet) values (0, 'jpnhqtkfyibunvtgkyxe', 1143);
insert into Rachunek (NrRachunku, DataWystawienia, Stanowisko, Platnosc, Koszt, FK_Sprzedawca) values ('fssuqhyfsnjqlxb', '2017-01-04', '0318577', 'G', 152.97, 4);
insert into Bilet (IdBilet, FK_Rachunek) values (1144, 'fssuqhyfsnjqlxb');
insert into Teatr_ma_Przedstawienie (FK_Teatr, FK_Przedstawienie, FK_Bilet) values (0, 'jpnhqtkfyibunvtgkyxe', 1144);
insert into Bilet (IdBilet, FK_Rachunek) values (1145, 'fssuqhyfsnjqlxb');
insert into Teatr_ma_Przedstawienie (FK_Teatr, FK_Przedstawienie, FK_Bilet) values (0, 'jpnhqtkfyibunvtgkyxe', 1145);
insert into Bilet (IdBilet, FK_Rachunek) values (1146, 'fssuqhyfsnjqlxb');
insert into Teatr_ma_Przedstawienie (FK_Teatr, FK_Przedstawienie, FK_Bilet) values (0, 'jpnhqtkfyibunvtgkyxe', 1146);
insert into Bilet (IdBilet, FK_Rachunek) values (1147, 'fssuqhyfsnjqlxb');
insert into Teatr_ma_Przedstawienie (FK_Teatr, FK_Przedstawienie, FK_Bilet) values (0, 'jpnhqtkfyibunvtgkyxe', 1147);
insert into Rachunek (NrRachunku, DataWystawienia, Stanowisko, Platnosc, Koszt, FK_Sprzedawca) values ('pbmovhskbjpojac', '2017-01-06', '0205170', 'G', 1295.44, 4);
insert into Bilet (IdBilet, FK_Rachunek) values (1148, 'pbmovhskbjpojac');
insert into Teatr_ma_Przedstawienie (FK_Teatr, FK_Przedstawienie, FK_Bilet) values (0, 'jpnhqtkfyibunvtgkyxe', 1148);
insert into Bilet (IdBilet, FK_Rachunek) values (1149, 'pbmovhskbjpojac');
insert into Teatr_ma_Przedstawienie (FK_Teatr, FK_Przedstawienie, FK_Bilet) values (0, 'jpnhqtkfyibunvtgkyxe', 1149);
insert into Bilet (IdBilet, FK_Rachunek) values (1150, 'pbmovhskbjpojac');
insert into Teatr_ma_Przedstawienie (FK_Teatr, FK_Przedstawienie, FK_Bilet) values (0, 'jpnhqtkfyibunvtgkyxe', 1150);
insert into Rachunek (NrRachunku, DataWystawienia, Stanowisko, Platnosc, Koszt, FK_Sprzedawca) values ('yoakefbhnwdfrdt', '2016-12-16', '0029309', 'G', 512.20, 4);
insert into Bilet (IdBilet, FK_Rachunek) values (1151, 'yoakefbhnwdfrdt');
insert into Teatr_ma_Przedstawienie (FK_Teatr, FK_Przedstawienie, FK_Bilet) values (0, 'jpnhqtkfyibunvtgkyxe', 1151);
insert into Bilet (IdBilet, FK_Rachunek) values (1152, 'yoakefbhnwdfrdt');
insert into Teatr_ma_Przedstawienie (FK_Teatr, FK_Przedstawienie, FK_Bilet) values (0, 'jpnhqtkfyibunvtgkyxe', 1152);
insert into Rachunek (NrRachunku, DataWystawienia, Stanowisko, Platnosc, Koszt, FK_Sprzedawca) values ('ddoidfbcrbmhqka', '2016-12-23', '0813240', 'K', 722.45, 4);
insert into Bilet (IdBilet, FK_Rachunek) values (1153, 'ddoidfbcrbmhqka');
insert into Teatr_ma_Przedstawienie (FK_Teatr, FK_Przedstawienie, FK_Bilet) values (0, 'jpnhqtkfyibunvtgkyxe', 1153);
insert into Rachunek (NrRachunku, DataWystawienia, Stanowisko, Platnosc, Koszt, FK_Sprzedawca) values ('speqnupbsvnsyrs', '2017-01-07', '0306838', 'K', 186.42, 4);
insert into Bilet (IdBilet, FK_Rachunek) values (1154, 'speqnupbsvnsyrs');
insert into Teatr_ma_Przedstawienie (FK_Teatr, FK_Przedstawienie, FK_Bilet) values (0, 'jpnhqtkfyibunvtgkyxe', 1154);
insert into Bilet (IdBilet, FK_Rachunek) values (1155, 'speqnupbsvnsyrs');
insert into Teatr_ma_Przedstawienie (FK_Teatr, FK_Przedstawienie, FK_Bilet) values (0, 'jpnhqtkfyibunvtgkyxe', 1155);
insert into Rachunek (NrRachunku, DataWystawienia, Stanowisko, Platnosc, Koszt, FK_Sprzedawca) values ('baghgmybwvxlijr', '2017-01-08', '0189712', 'K', 1798.75, 4);
insert into Bilet (IdBilet, FK_Rachunek) values (1156, 'baghgmybwvxlijr');
insert into Teatr_ma_Przedstawienie (FK_Teatr, FK_Przedstawienie, FK_Bilet) values (0, 'jpnhqtkfyibunvtgkyxe', 1156);
insert into Bilet (IdBilet, FK_Rachunek) values (1157, 'baghgmybwvxlijr');
insert into Teatr_ma_Przedstawienie (FK_Teatr, FK_Przedstawienie, FK_Bilet) values (0, 'jpnhqtkfyibunvtgkyxe', 1157);
insert into Bilet (IdBilet, FK_Rachunek) values (1158, 'baghgmybwvxlijr');
insert into Teatr_ma_Przedstawienie (FK_Teatr, FK_Przedstawienie, FK_Bilet) values (0, 'jpnhqtkfyibunvtgkyxe', 1158);
insert into Rachunek (NrRachunku, DataWystawienia, Stanowisko, Platnosc, Koszt, FK_Sprzedawca) values ('wjvmenaaoxmcumo', '2017-01-05', '0959667', 'G', 1553.36, 4);
insert into Bilet (IdBilet, FK_Rachunek) values (1159, 'wjvmenaaoxmcumo');
insert into Teatr_ma_Przedstawienie (FK_Teatr, FK_Przedstawienie, FK_Bilet) values (0, 'jpnhqtkfyibunvtgkyxe', 1159);
insert into Bilet (IdBilet, FK_Rachunek) values (1160, 'wjvmenaaoxmcumo');
insert into Teatr_ma_Przedstawienie (FK_Teatr, FK_Przedstawienie, FK_Bilet) values (0, 'jpnhqtkfyibunvtgkyxe', 1160);
insert into Rachunek (NrRachunku, DataWystawienia, Stanowisko, Platnosc, Koszt, FK_Sprzedawca) values ('mbkyylbjemsnhup', '2017-01-12', '0237151', 'K', 425.48, 4);
insert into Bilet (IdBilet, FK_Rachunek) values (1161, 'mbkyylbjemsnhup');
insert into Teatr_ma_Przedstawienie (FK_Teatr, FK_Przedstawienie, FK_Bilet) values (0, 'jpnhqtkfyibunvtgkyxe', 1161);
insert into Sprzedawca (IDSprzedawca, Imie, Nazwisko) values (5, 'Milly', 'Hawk');
insert into Rachunek (NrRachunku, DataWystawienia, Stanowisko, Platnosc, Koszt, FK_Sprzedawca) values ('sangobjapfdnmum', '2016-12-08', '0464315', 'G', 150.16, 5);
insert into Bilet (IdBilet, FK_Rachunek) values (98, 'sangobjapfdnmum');
insert into Teatr_ma_Przedstawienie (FK_Teatr, FK_Przedstawienie, FK_Bilet) values (0, 'ygcssravfagxgfnsavdc', 98);
insert into Bilet (IdBilet, FK_Rachunek) values (99, 'sangobjapfdnmum');
insert into Teatr_ma_Przedstawienie (FK_Teatr, FK_Przedstawienie, FK_Bilet) values (0, 'ygcssravfagxgfnsavdc', 99);
insert into Rachunek (NrRachunku, DataWystawienia, Stanowisko, Platnosc, Koszt, FK_Sprzedawca) values ('xhurfxfldnsxxdu', '2016-12-19', '0271889', 'G', 425.69, 5);
insert into Bilet (IdBilet, FK_Rachunek) values (100, 'xhurfxfldnsxxdu');
insert into Teatr_ma_Przedstawienie (FK_Teatr, FK_Przedstawienie, FK_Bilet) values (0, 'ygcssravfagxgfnsavdc', 100);
insert into Bilet (IdBilet, FK_Rachunek) values (101, 'xhurfxfldnsxxdu');
insert into Teatr_ma_Przedstawienie (FK_Teatr, FK_Przedstawienie, FK_Bilet) values (0, 'ygcssravfagxgfnsavdc', 101);
insert into Bilet (IdBilet, FK_Rachunek) values (102, 'xhurfxfldnsxxdu');
insert into Teatr_ma_Przedstawienie (FK_Teatr, FK_Przedstawienie, FK_Bilet) values (0, 'ygcssravfagxgfnsavdc', 102);
insert into Bilet (IdBilet, FK_Rachunek) values (103, 'xhurfxfldnsxxdu');
insert into Teatr_ma_Przedstawienie (FK_Teatr, FK_Przedstawienie, FK_Bilet) values (0, 'ygcssravfagxgfnsavdc', 103);
insert into Rachunek (NrRachunku, DataWystawienia, Stanowisko, Platnosc, Koszt, FK_Sprzedawca) values ('jyrayflhqkdcfmr', '2016-12-13', '0358930', 'K', 1685.58, 5);
insert into Bilet (IdBilet, FK_Rachunek) values (104, 'jyrayflhqkdcfmr');
insert into Teatr_ma_Przedstawienie (FK_Teatr, FK_Przedstawienie, FK_Bilet) values (0, 'ygcssravfagxgfnsavdc', 104);
insert into Rachunek (NrRachunku, DataWystawienia, Stanowisko, Platnosc, Koszt, FK_Sprzedawca) values ('hkblnvdhgxnnkru', '2016-12-05', '0820151', 'K', 1087.61, 5);
insert into Bilet (IdBilet, FK_Rachunek) values (105, 'hkblnvdhgxnnkru');
insert into Teatr_ma_Przedstawienie (FK_Teatr, FK_Przedstawienie, FK_Bilet) values (0, 'ygcssravfagxgfnsavdc', 105);
insert into Bilet (IdBilet, FK_Rachunek) values (106, 'hkblnvdhgxnnkru');
insert into Teatr_ma_Przedstawienie (FK_Teatr, FK_Przedstawienie, FK_Bilet) values (0, 'ygcssravfagxgfnsavdc', 106);
insert into Bilet (IdBilet, FK_Rachunek) values (107, 'hkblnvdhgxnnkru');
insert into Teatr_ma_Przedstawienie (FK_Teatr, FK_Przedstawienie, FK_Bilet) values (0, 'ygcssravfagxgfnsavdc', 107);
insert into Rachunek (NrRachunku, DataWystawienia, Stanowisko, Platnosc, Koszt, FK_Sprzedawca) values ('clvtvdumuglaehb', '2016-12-06', '0876098', 'G', 1833.44, 5);
insert into Bilet (IdBilet, FK_Rachunek) values (108, 'clvtvdumuglaehb');
insert into Teatr_ma_Przedstawienie (FK_Teatr, FK_Przedstawienie, FK_Bilet) values (0, 'ygcssravfagxgfnsavdc', 108);
insert into Bilet (IdBilet, FK_Rachunek) values (109, 'clvtvdumuglaehb');
insert into Teatr_ma_Przedstawienie (FK_Teatr, FK_Przedstawienie, FK_Bilet) values (0, 'ygcssravfagxgfnsavdc', 109);
insert into Rachunek (NrRachunku, DataWystawienia, Stanowisko, Platnosc, Koszt, FK_Sprzedawca) values ('uaykghvloxfrkbl', '2016-11-28', '0678900', 'G', 1430.58, 5);
insert into Bilet (IdBilet, FK_Rachunek) values (110, 'uaykghvloxfrkbl');
insert into Teatr_ma_Przedstawienie (FK_Teatr, FK_Przedstawienie, FK_Bilet) values (0, 'ygcssravfagxgfnsavdc', 110);
insert into Bilet (IdBilet, FK_Rachunek) values (111, 'uaykghvloxfrkbl');
insert into Teatr_ma_Przedstawienie (FK_Teatr, FK_Przedstawienie, FK_Bilet) values (0, 'ygcssravfagxgfnsavdc', 111);
insert into Rachunek (NrRachunku, DataWystawienia, Stanowisko, Platnosc, Koszt, FK_Sprzedawca) values ('qbovhrfkqnlwgec', '2016-12-27', '0861332', 'G', 579.93, 5);
insert into Bilet (IdBilet, FK_Rachunek) values (112, 'qbovhrfkqnlwgec');
insert into Teatr_ma_Przedstawienie (FK_Teatr, FK_Przedstawienie, FK_Bilet) values (0, 'ygcssravfagxgfnsavdc', 112);
insert into Bilet (IdBilet, FK_Rachunek) values (113, 'qbovhrfkqnlwgec');
insert into Teatr_ma_Przedstawienie (FK_Teatr, FK_Przedstawienie, FK_Bilet) values (0, 'ygcssravfagxgfnsavdc', 113);
insert into Bilet (IdBilet, FK_Rachunek) values (114, 'qbovhrfkqnlwgec');
insert into Teatr_ma_Przedstawienie (FK_Teatr, FK_Przedstawienie, FK_Bilet) values (0, 'ygcssravfagxgfnsavdc', 114);
insert into Rachunek (NrRachunku, DataWystawienia, Stanowisko, Platnosc, Koszt, FK_Sprzedawca) values ('vyaecnoylmgyhup', '2016-12-11', '0449920', 'G', 1112.78, 5);
insert into Bilet (IdBilet, FK_Rachunek) values (115, 'vyaecnoylmgyhup');
insert into Teatr_ma_Przedstawienie (FK_Teatr, FK_Przedstawienie, FK_Bilet) values (0, 'ygcssravfagxgfnsavdc', 115);
insert into Bilet (IdBilet, FK_Rachunek) values (116, 'vyaecnoylmgyhup');
insert into Teatr_ma_Przedstawienie (FK_Teatr, FK_Przedstawienie, FK_Bilet) values (0, 'ygcssravfagxgfnsavdc', 116);
insert into Rachunek (NrRachunku, DataWystawienia, Stanowisko, Platnosc, Koszt, FK_Sprzedawca) values ('ssjiuvdfhilqkyq', '2016-09-09', '0901217', 'K', 529.01, 5);
insert into Bilet (IdBilet, FK_Rachunek) values (298, 'ssjiuvdfhilqkyq');
insert into Teatr_ma_Przedstawienie (FK_Teatr, FK_Przedstawienie, FK_Bilet) values (0, 'rtabtgayrsmmeqtqqtij', 298);
insert into Bilet (IdBilet, FK_Rachunek) values (299, 'ssjiuvdfhilqkyq');
insert into Teatr_ma_Przedstawienie (FK_Teatr, FK_Przedstawienie, FK_Bilet) values (0, 'rtabtgayrsmmeqtqqtij', 299);
insert into Rachunek (NrRachunku, DataWystawienia, Stanowisko, Platnosc, Koszt, FK_Sprzedawca) values ('iorkjkejhegqdwn', '2016-09-05', '0980019', 'G', 830.60, 5);
insert into Bilet (IdBilet, FK_Rachunek) values (300, 'iorkjkejhegqdwn');
insert into Teatr_ma_Przedstawienie (FK_Teatr, FK_Przedstawienie, FK_Bilet) values (0, 'rtabtgayrsmmeqtqqtij', 300);
insert into Rachunek (NrRachunku, DataWystawienia, Stanowisko, Platnosc, Koszt, FK_Sprzedawca) values ('nupbpxglfpakayl', '2016-09-15', '0244574', 'K', 1930.25, 5);
insert into Bilet (IdBilet, FK_Rachunek) values (301, 'nupbpxglfpakayl');
insert into Teatr_ma_Przedstawienie (FK_Teatr, FK_Przedstawienie, FK_Bilet) values (0, 'rtabtgayrsmmeqtqqtij', 301);
insert into Bilet (IdBilet, FK_Rachunek) values (302, 'nupbpxglfpakayl');
insert into Teatr_ma_Przedstawienie (FK_Teatr, FK_Przedstawienie, FK_Bilet) values (0, 'rtabtgayrsmmeqtqqtij', 302);
insert into Rachunek (NrRachunku, DataWystawienia, Stanowisko, Platnosc, Koszt, FK_Sprzedawca) values ('tsqytgdyhvnjben', '2016-09-22', '0194083', 'K', 1874.80, 5);
insert into Bilet (IdBilet, FK_Rachunek) values (303, 'tsqytgdyhvnjben');
insert into Teatr_ma_Przedstawienie (FK_Teatr, FK_Przedstawienie, FK_Bilet) values (0, 'rtabtgayrsmmeqtqqtij', 303);
insert into Bilet (IdBilet, FK_Rachunek) values (304, 'tsqytgdyhvnjben');
insert into Teatr_ma_Przedstawienie (FK_Teatr, FK_Przedstawienie, FK_Bilet) values (0, 'rtabtgayrsmmeqtqqtij', 304);
insert into Rachunek (NrRachunku, DataWystawienia, Stanowisko, Platnosc, Koszt, FK_Sprzedawca) values ('fyituqbjjrbdmui', '2016-09-13', '0571573', 'G', 1555.57, 5);
insert into Bilet (IdBilet, FK_Rachunek) values (305, 'fyituqbjjrbdmui');
insert into Teatr_ma_Przedstawienie (FK_Teatr, FK_Przedstawienie, FK_Bilet) values (0, 'rtabtgayrsmmeqtqqtij', 305);
insert into Bilet (IdBilet, FK_Rachunek) values (306, 'fyituqbjjrbdmui');
insert into Teatr_ma_Przedstawienie (FK_Teatr, FK_Przedstawienie, FK_Bilet) values (0, 'rtabtgayrsmmeqtqqtij', 306);
insert into Rachunek (NrRachunku, DataWystawienia, Stanowisko, Platnosc, Koszt, FK_Sprzedawca) values ('ydkvjmyddgjuheb', '2016-09-27', '0628403', 'K', 1645.82, 5);
insert into Bilet (IdBilet, FK_Rachunek) values (307, 'ydkvjmyddgjuheb');
insert into Teatr_ma_Przedstawienie (FK_Teatr, FK_Przedstawienie, FK_Bilet) values (0, 'rtabtgayrsmmeqtqqtij', 307);
insert into Bilet (IdBilet, FK_Rachunek) values (308, 'ydkvjmyddgjuheb');
insert into Teatr_ma_Przedstawienie (FK_Teatr, FK_Przedstawienie, FK_Bilet) values (0, 'rtabtgayrsmmeqtqqtij', 308);
insert into Bilet (IdBilet, FK_Rachunek) values (309, 'ydkvjmyddgjuheb');
insert into Teatr_ma_Przedstawienie (FK_Teatr, FK_Przedstawienie, FK_Bilet) values (0, 'rtabtgayrsmmeqtqqtij', 309);
insert into Bilet (IdBilet, FK_Rachunek) values (310, 'ydkvjmyddgjuheb');
insert into Teatr_ma_Przedstawienie (FK_Teatr, FK_Przedstawienie, FK_Bilet) values (0, 'rtabtgayrsmmeqtqqtij', 310);
insert into Rachunek (NrRachunku, DataWystawienia, Stanowisko, Platnosc, Koszt, FK_Sprzedawca) values ('ofgqjacgdusjhhr', '2016-09-04', '0011300', 'G', 1125.13, 5);
insert into Bilet (IdBilet, FK_Rachunek) values (311, 'ofgqjacgdusjhhr');
insert into Teatr_ma_Przedstawienie (FK_Teatr, FK_Przedstawienie, FK_Bilet) values (0, 'rtabtgayrsmmeqtqqtij', 311);
insert into Rachunek (NrRachunku, DataWystawienia, Stanowisko, Platnosc, Koszt, FK_Sprzedawca) values ('cpexwjxftbfvfmk', '2016-10-02', '0392477', 'G', 1390.04, 5);
insert into Bilet (IdBilet, FK_Rachunek) values (312, 'cpexwjxftbfvfmk');
insert into Teatr_ma_Przedstawienie (FK_Teatr, FK_Przedstawienie, FK_Bilet) values (0, 'rtabtgayrsmmeqtqqtij', 312);
insert into Bilet (IdBilet, FK_Rachunek) values (313, 'cpexwjxftbfvfmk');
insert into Teatr_ma_Przedstawienie (FK_Teatr, FK_Przedstawienie, FK_Bilet) values (0, 'rtabtgayrsmmeqtqqtij', 313);
insert into Bilet (IdBilet, FK_Rachunek) values (314, 'cpexwjxftbfvfmk');
insert into Teatr_ma_Przedstawienie (FK_Teatr, FK_Przedstawienie, FK_Bilet) values (0, 'rtabtgayrsmmeqtqqtij', 314);
insert into Bilet (IdBilet, FK_Rachunek) values (315, 'cpexwjxftbfvfmk');
insert into Teatr_ma_Przedstawienie (FK_Teatr, FK_Przedstawienie, FK_Bilet) values (0, 'rtabtgayrsmmeqtqqtij', 315);
insert into Rachunek (NrRachunku, DataWystawienia, Stanowisko, Platnosc, Koszt, FK_Sprzedawca) values ('vsfhcvwvkiwwgaq', '2016-09-21', '0880155', 'G', 282.47, 5);
insert into Bilet (IdBilet, FK_Rachunek) values (316, 'vsfhcvwvkiwwgaq');
insert into Teatr_ma_Przedstawienie (FK_Teatr, FK_Przedstawienie, FK_Bilet) values (0, 'rtabtgayrsmmeqtqqtij', 316);
insert into Bilet (IdBilet, FK_Rachunek) values (317, 'vsfhcvwvkiwwgaq');
insert into Teatr_ma_Przedstawienie (FK_Teatr, FK_Przedstawienie, FK_Bilet) values (0, 'rtabtgayrsmmeqtqqtij', 317);
insert into Rachunek (NrRachunku, DataWystawienia, Stanowisko, Platnosc, Koszt, FK_Sprzedawca) values ('iiexlwxdoekvvou', '2016-09-14', '0041789', 'K', 439.74, 5);
insert into Bilet (IdBilet, FK_Rachunek) values (762, 'iiexlwxdoekvvou');
insert into Teatr_ma_Przedstawienie (FK_Teatr, FK_Przedstawienie, FK_Bilet) values (0, 'rtabtgayrsmmeqtqqtij', 762);
insert into Rachunek (NrRachunku, DataWystawienia, Stanowisko, Platnosc, Koszt, FK_Sprzedawca) values ('vinkmudlfomoeve', '2016-09-22', '0713208', 'K', 1986.28, 5);
insert into Bilet (IdBilet, FK_Rachunek) values (763, 'vinkmudlfomoeve');
insert into Teatr_ma_Przedstawienie (FK_Teatr, FK_Przedstawienie, FK_Bilet) values (0, 'rtabtgayrsmmeqtqqtij', 763);
insert into Bilet (IdBilet, FK_Rachunek) values (764, 'vinkmudlfomoeve');
insert into Teatr_ma_Przedstawienie (FK_Teatr, FK_Przedstawienie, FK_Bilet) values (0, 'rtabtgayrsmmeqtqqtij', 764);
insert into Bilet (IdBilet, FK_Rachunek) values (765, 'vinkmudlfomoeve');
insert into Teatr_ma_Przedstawienie (FK_Teatr, FK_Przedstawienie, FK_Bilet) values (0, 'rtabtgayrsmmeqtqqtij', 765);
insert into Rachunek (NrRachunku, DataWystawienia, Stanowisko, Platnosc, Koszt, FK_Sprzedawca) values ('ehblpmeetwvqfmt', '2016-09-29', '0893957', 'K', 1479.82, 5);
insert into Bilet (IdBilet, FK_Rachunek) values (766, 'ehblpmeetwvqfmt');
insert into Teatr_ma_Przedstawienie (FK_Teatr, FK_Przedstawienie, FK_Bilet) values (0, 'rtabtgayrsmmeqtqqtij', 766);
insert into Bilet (IdBilet, FK_Rachunek) values (767, 'ehblpmeetwvqfmt');
insert into Teatr_ma_Przedstawienie (FK_Teatr, FK_Przedstawienie, FK_Bilet) values (0, 'rtabtgayrsmmeqtqqtij', 767);
insert into Bilet (IdBilet, FK_Rachunek) values (768, 'ehblpmeetwvqfmt');
insert into Teatr_ma_Przedstawienie (FK_Teatr, FK_Przedstawienie, FK_Bilet) values (0, 'rtabtgayrsmmeqtqqtij', 768);
insert into Rachunek (NrRachunku, DataWystawienia, Stanowisko, Platnosc, Koszt, FK_Sprzedawca) values ('jehbyrxpkvewyix', '2016-09-09', '0142710', 'G', 434.19, 5);
insert into Bilet (IdBilet, FK_Rachunek) values (769, 'jehbyrxpkvewyix');
insert into Teatr_ma_Przedstawienie (FK_Teatr, FK_Przedstawienie, FK_Bilet) values (0, 'rtabtgayrsmmeqtqqtij', 769);
insert into Rachunek (NrRachunku, DataWystawienia, Stanowisko, Platnosc, Koszt, FK_Sprzedawca) values ('ithkadukyhrdtnp', '2016-09-11', '0361970', 'G', 493.39, 5);
insert into Bilet (IdBilet, FK_Rachunek) values (770, 'ithkadukyhrdtnp');
insert into Teatr_ma_Przedstawienie (FK_Teatr, FK_Przedstawienie, FK_Bilet) values (0, 'rtabtgayrsmmeqtqqtij', 770);
insert into Rachunek (NrRachunku, DataWystawienia, Stanowisko, Platnosc, Koszt, FK_Sprzedawca) values ('dxxkfihdvlgqpok', '2016-09-21', '0637803', 'K', 1735.02, 5);
insert into Bilet (IdBilet, FK_Rachunek) values (771, 'dxxkfihdvlgqpok');
insert into Teatr_ma_Przedstawienie (FK_Teatr, FK_Przedstawienie, FK_Bilet) values (0, 'rtabtgayrsmmeqtqqtij', 771);
insert into Bilet (IdBilet, FK_Rachunek) values (772, 'dxxkfihdvlgqpok');
insert into Teatr_ma_Przedstawienie (FK_Teatr, FK_Przedstawienie, FK_Bilet) values (0, 'rtabtgayrsmmeqtqqtij', 772);
insert into Bilet (IdBilet, FK_Rachunek) values (773, 'dxxkfihdvlgqpok');
insert into Teatr_ma_Przedstawienie (FK_Teatr, FK_Przedstawienie, FK_Bilet) values (0, 'rtabtgayrsmmeqtqqtij', 773);
insert into Bilet (IdBilet, FK_Rachunek) values (774, 'dxxkfihdvlgqpok');
insert into Teatr_ma_Przedstawienie (FK_Teatr, FK_Przedstawienie, FK_Bilet) values (0, 'rtabtgayrsmmeqtqqtij', 774);
insert into Rachunek (NrRachunku, DataWystawienia, Stanowisko, Platnosc, Koszt, FK_Sprzedawca) values ('pfuuncjtmpntish', '2016-09-14', '0072337', 'K', 1897.73, 5);
insert into Bilet (IdBilet, FK_Rachunek) values (775, 'pfuuncjtmpntish');
insert into Teatr_ma_Przedstawienie (FK_Teatr, FK_Przedstawienie, FK_Bilet) values (0, 'rtabtgayrsmmeqtqqtij', 775);
insert into Bilet (IdBilet, FK_Rachunek) values (776, 'pfuuncjtmpntish');
insert into Teatr_ma_Przedstawienie (FK_Teatr, FK_Przedstawienie, FK_Bilet) values (0, 'rtabtgayrsmmeqtqqtij', 776);
insert into Rachunek (NrRachunku, DataWystawienia, Stanowisko, Platnosc, Koszt, FK_Sprzedawca) values ('nectsgxncpbqkxt', '2016-09-23', '0051449', 'K', 312.23, 5);
insert into Bilet (IdBilet, FK_Rachunek) values (777, 'nectsgxncpbqkxt');
insert into Teatr_ma_Przedstawienie (FK_Teatr, FK_Przedstawienie, FK_Bilet) values (0, 'rtabtgayrsmmeqtqqtij', 777);
insert into Rachunek (NrRachunku, DataWystawienia, Stanowisko, Platnosc, Koszt, FK_Sprzedawca) values ('meunrmhyynsdkuq', '2016-09-21', '0635721', 'K', 1823.03, 5);
insert into Bilet (IdBilet, FK_Rachunek) values (778, 'meunrmhyynsdkuq');
insert into Teatr_ma_Przedstawienie (FK_Teatr, FK_Przedstawienie, FK_Bilet) values (0, 'rtabtgayrsmmeqtqqtij', 778);
insert into Rachunek (NrRachunku, DataWystawienia, Stanowisko, Platnosc, Koszt, FK_Sprzedawca) values ('oxkowbouvdqqrem', '2016-09-29', '0097323', 'G', 1514.11, 5);
insert into Bilet (IdBilet, FK_Rachunek) values (779, 'oxkowbouvdqqrem');
insert into Teatr_ma_Przedstawienie (FK_Teatr, FK_Przedstawienie, FK_Bilet) values (0, 'rtabtgayrsmmeqtqqtij', 779);
insert into Rachunek (NrRachunku, DataWystawienia, Stanowisko, Platnosc, Koszt, FK_Sprzedawca) values ('kyusdjxtauffcfy', '2016-09-16', '0124067', 'G', 736.56, 5);
insert into Bilet (IdBilet, FK_Rachunek) values (780, 'kyusdjxtauffcfy');
insert into Teatr_ma_Przedstawienie (FK_Teatr, FK_Przedstawienie, FK_Bilet) values (0, 'rtabtgayrsmmeqtqqtij', 780);
insert into Rachunek (NrRachunku, DataWystawienia, Stanowisko, Platnosc, Koszt, FK_Sprzedawca) values ('xapwkeffymcrdul', '2017-03-06', '0476645', 'G', 1493.98, 5);
insert into Bilet (IdBilet, FK_Rachunek) values (963, 'xapwkeffymcrdul');
insert into Teatr_ma_Przedstawienie (FK_Teatr, FK_Przedstawienie, FK_Bilet) values (0, 'onrclfbdhytyuygssveo', 963);
insert into Bilet (IdBilet, FK_Rachunek) values (964, 'xapwkeffymcrdul');
insert into Teatr_ma_Przedstawienie (FK_Teatr, FK_Przedstawienie, FK_Bilet) values (0, 'onrclfbdhytyuygssveo', 964);
insert into Bilet (IdBilet, FK_Rachunek) values (965, 'xapwkeffymcrdul');
insert into Teatr_ma_Przedstawienie (FK_Teatr, FK_Przedstawienie, FK_Bilet) values (0, 'onrclfbdhytyuygssveo', 965);
insert into Bilet (IdBilet, FK_Rachunek) values (966, 'xapwkeffymcrdul');
insert into Teatr_ma_Przedstawienie (FK_Teatr, FK_Przedstawienie, FK_Bilet) values (0, 'onrclfbdhytyuygssveo', 966);
insert into Rachunek (NrRachunku, DataWystawienia, Stanowisko, Platnosc, Koszt, FK_Sprzedawca) values ('teekuivjkatejmw', '2017-02-24', '0387018', 'G', 663.42, 5);
insert into Bilet (IdBilet, FK_Rachunek) values (967, 'teekuivjkatejmw');
insert into Teatr_ma_Przedstawienie (FK_Teatr, FK_Przedstawienie, FK_Bilet) values (0, 'onrclfbdhytyuygssveo', 967);
insert into Bilet (IdBilet, FK_Rachunek) values (968, 'teekuivjkatejmw');
insert into Teatr_ma_Przedstawienie (FK_Teatr, FK_Przedstawienie, FK_Bilet) values (0, 'onrclfbdhytyuygssveo', 968);
insert into Bilet (IdBilet, FK_Rachunek) values (969, 'teekuivjkatejmw');
insert into Teatr_ma_Przedstawienie (FK_Teatr, FK_Przedstawienie, FK_Bilet) values (0, 'onrclfbdhytyuygssveo', 969);
insert into Rachunek (NrRachunku, DataWystawienia, Stanowisko, Platnosc, Koszt, FK_Sprzedawca) values ('qeadwkdwsvpvtjo', '2017-03-07', '0757169', 'K', 1703.96, 5);
insert into Bilet (IdBilet, FK_Rachunek) values (970, 'qeadwkdwsvpvtjo');
insert into Teatr_ma_Przedstawienie (FK_Teatr, FK_Przedstawienie, FK_Bilet) values (0, 'onrclfbdhytyuygssveo', 970);
insert into Bilet (IdBilet, FK_Rachunek) values (971, 'qeadwkdwsvpvtjo');
insert into Teatr_ma_Przedstawienie (FK_Teatr, FK_Przedstawienie, FK_Bilet) values (0, 'onrclfbdhytyuygssveo', 971);
insert into Rachunek (NrRachunku, DataWystawienia, Stanowisko, Platnosc, Koszt, FK_Sprzedawca) values ('xljgxtidsacqewp', '2017-03-06', '0161363', 'K', 1421.09, 5);
insert into Bilet (IdBilet, FK_Rachunek) values (972, 'xljgxtidsacqewp');
insert into Teatr_ma_Przedstawienie (FK_Teatr, FK_Przedstawienie, FK_Bilet) values (0, 'onrclfbdhytyuygssveo', 972);
insert into Bilet (IdBilet, FK_Rachunek) values (973, 'xljgxtidsacqewp');
insert into Teatr_ma_Przedstawienie (FK_Teatr, FK_Przedstawienie, FK_Bilet) values (0, 'onrclfbdhytyuygssveo', 973);
insert into Bilet (IdBilet, FK_Rachunek) values (974, 'xljgxtidsacqewp');
insert into Teatr_ma_Przedstawienie (FK_Teatr, FK_Przedstawienie, FK_Bilet) values (0, 'onrclfbdhytyuygssveo', 974);
insert into Bilet (IdBilet, FK_Rachunek) values (975, 'xljgxtidsacqewp');
insert into Teatr_ma_Przedstawienie (FK_Teatr, FK_Przedstawienie, FK_Bilet) values (0, 'onrclfbdhytyuygssveo', 975);
insert into Rachunek (NrRachunku, DataWystawienia, Stanowisko, Platnosc, Koszt, FK_Sprzedawca) values ('yvrcvxraxbqhkne', '2017-02-26', '0064426', 'K', 262.07, 5);
insert into Bilet (IdBilet, FK_Rachunek) values (976, 'yvrcvxraxbqhkne');
insert into Teatr_ma_Przedstawienie (FK_Teatr, FK_Przedstawienie, FK_Bilet) values (0, 'onrclfbdhytyuygssveo', 976);
insert into Bilet (IdBilet, FK_Rachunek) values (977, 'yvrcvxraxbqhkne');
insert into Teatr_ma_Przedstawienie (FK_Teatr, FK_Przedstawienie, FK_Bilet) values (0, 'onrclfbdhytyuygssveo', 977);
insert into Rachunek (NrRachunku, DataWystawienia, Stanowisko, Platnosc, Koszt, FK_Sprzedawca) values ('lbavchudochahcu', '2017-03-11', '0780153', 'K', 1874.06, 5);
insert into Bilet (IdBilet, FK_Rachunek) values (978, 'lbavchudochahcu');
insert into Teatr_ma_Przedstawienie (FK_Teatr, FK_Przedstawienie, FK_Bilet) values (0, 'onrclfbdhytyuygssveo', 978);
insert into Rachunek (NrRachunku, DataWystawienia, Stanowisko, Platnosc, Koszt, FK_Sprzedawca) values ('sxacvtermpglkeg', '2017-03-20', '0688437', 'K', 1107.96, 5);
insert into Bilet (IdBilet, FK_Rachunek) values (979, 'sxacvtermpglkeg');
insert into Teatr_ma_Przedstawienie (FK_Teatr, FK_Przedstawienie, FK_Bilet) values (0, 'onrclfbdhytyuygssveo', 979);
insert into Bilet (IdBilet, FK_Rachunek) values (980, 'sxacvtermpglkeg');
insert into Teatr_ma_Przedstawienie (FK_Teatr, FK_Przedstawienie, FK_Bilet) values (0, 'onrclfbdhytyuygssveo', 980);
insert into Rachunek (NrRachunku, DataWystawienia, Stanowisko, Platnosc, Koszt, FK_Sprzedawca) values ('mxoonaqhthdrdyn', '2017-03-13', '0140024', 'K', 1094.38, 5);
insert into Bilet (IdBilet, FK_Rachunek) values (981, 'mxoonaqhthdrdyn');
insert into Teatr_ma_Przedstawienie (FK_Teatr, FK_Przedstawienie, FK_Bilet) values (0, 'onrclfbdhytyuygssveo', 981);
insert into Bilet (IdBilet, FK_Rachunek) values (982, 'mxoonaqhthdrdyn');
insert into Teatr_ma_Przedstawienie (FK_Teatr, FK_Przedstawienie, FK_Bilet) values (0, 'onrclfbdhytyuygssveo', 982);
insert into Bilet (IdBilet, FK_Rachunek) values (983, 'mxoonaqhthdrdyn');
insert into Teatr_ma_Przedstawienie (FK_Teatr, FK_Przedstawienie, FK_Bilet) values (0, 'onrclfbdhytyuygssveo', 983);
insert into Bilet (IdBilet, FK_Rachunek) values (984, 'mxoonaqhthdrdyn');
insert into Teatr_ma_Przedstawienie (FK_Teatr, FK_Przedstawienie, FK_Bilet) values (0, 'onrclfbdhytyuygssveo', 984);
insert into Rachunek (NrRachunku, DataWystawienia, Stanowisko, Platnosc, Koszt, FK_Sprzedawca) values ('ihqbxevlneayqis', '2017-01-11', '0421268', 'K', 1455.83, 5);
insert into Bilet (IdBilet, FK_Rachunek) values (1162, 'ihqbxevlneayqis');
insert into Teatr_ma_Przedstawienie (FK_Teatr, FK_Przedstawienie, FK_Bilet) values (0, 'jpnhqtkfyibunvtgkyxe', 1162);
insert into Bilet (IdBilet, FK_Rachunek) values (1163, 'ihqbxevlneayqis');
insert into Teatr_ma_Przedstawienie (FK_Teatr, FK_Przedstawienie, FK_Bilet) values (0, 'jpnhqtkfyibunvtgkyxe', 1163);
insert into Rachunek (NrRachunku, DataWystawienia, Stanowisko, Platnosc, Koszt, FK_Sprzedawca) values ('kdohjvajjfvyrak', '2016-12-28', '0296366', 'G', 1732.33, 5);
insert into Bilet (IdBilet, FK_Rachunek) values (1164, 'kdohjvajjfvyrak');
insert into Teatr_ma_Przedstawienie (FK_Teatr, FK_Przedstawienie, FK_Bilet) values (0, 'jpnhqtkfyibunvtgkyxe', 1164);
insert into Rachunek (NrRachunku, DataWystawienia, Stanowisko, Platnosc, Koszt, FK_Sprzedawca) values ('ysfxpfktokppwtx', '2017-01-11', '0857322', 'G', 653.85, 5);
insert into Bilet (IdBilet, FK_Rachunek) values (1165, 'ysfxpfktokppwtx');
insert into Teatr_ma_Przedstawienie (FK_Teatr, FK_Przedstawienie, FK_Bilet) values (0, 'jpnhqtkfyibunvtgkyxe', 1165);
insert into Bilet (IdBilet, FK_Rachunek) values (1166, 'ysfxpfktokppwtx');
insert into Teatr_ma_Przedstawienie (FK_Teatr, FK_Przedstawienie, FK_Bilet) values (0, 'jpnhqtkfyibunvtgkyxe', 1166);
insert into Bilet (IdBilet, FK_Rachunek) values (1167, 'ysfxpfktokppwtx');
insert into Teatr_ma_Przedstawienie (FK_Teatr, FK_Przedstawienie, FK_Bilet) values (0, 'jpnhqtkfyibunvtgkyxe', 1167);
insert into Bilet (IdBilet, FK_Rachunek) values (1168, 'ysfxpfktokppwtx');
insert into Teatr_ma_Przedstawienie (FK_Teatr, FK_Przedstawienie, FK_Bilet) values (0, 'jpnhqtkfyibunvtgkyxe', 1168);
insert into Rachunek (NrRachunku, DataWystawienia, Stanowisko, Platnosc, Koszt, FK_Sprzedawca) values ('ljbkcoyaltixhub', '2016-12-19', '0902507', 'G', 67.36, 5);
insert into Bilet (IdBilet, FK_Rachunek) values (1169, 'ljbkcoyaltixhub');
insert into Teatr_ma_Przedstawienie (FK_Teatr, FK_Przedstawienie, FK_Bilet) values (0, 'jpnhqtkfyibunvtgkyxe', 1169);
insert into Bilet (IdBilet, FK_Rachunek) values (1170, 'ljbkcoyaltixhub');
insert into Teatr_ma_Przedstawienie (FK_Teatr, FK_Przedstawienie, FK_Bilet) values (0, 'jpnhqtkfyibunvtgkyxe', 1170);
insert into Bilet (IdBilet, FK_Rachunek) values (1171, 'ljbkcoyaltixhub');
insert into Teatr_ma_Przedstawienie (FK_Teatr, FK_Przedstawienie, FK_Bilet) values (0, 'jpnhqtkfyibunvtgkyxe', 1171);
insert into Bilet (IdBilet, FK_Rachunek) values (1172, 'ljbkcoyaltixhub');
insert into Teatr_ma_Przedstawienie (FK_Teatr, FK_Przedstawienie, FK_Bilet) values (0, 'jpnhqtkfyibunvtgkyxe', 1172);
insert into Rachunek (NrRachunku, DataWystawienia, Stanowisko, Platnosc, Koszt, FK_Sprzedawca) values ('edlcfhtrsmyjyws', '2017-01-09', '0137315', 'K', 1642.77, 5);
insert into Bilet (IdBilet, FK_Rachunek) values (1173, 'edlcfhtrsmyjyws');
insert into Teatr_ma_Przedstawienie (FK_Teatr, FK_Przedstawienie, FK_Bilet) values (0, 'jpnhqtkfyibunvtgkyxe', 1173);
insert into Bilet (IdBilet, FK_Rachunek) values (1174, 'edlcfhtrsmyjyws');
insert into Teatr_ma_Przedstawienie (FK_Teatr, FK_Przedstawienie, FK_Bilet) values (0, 'jpnhqtkfyibunvtgkyxe', 1174);
insert into Bilet (IdBilet, FK_Rachunek) values (1175, 'edlcfhtrsmyjyws');
insert into Teatr_ma_Przedstawienie (FK_Teatr, FK_Przedstawienie, FK_Bilet) values (0, 'jpnhqtkfyibunvtgkyxe', 1175);
insert into Rachunek (NrRachunku, DataWystawienia, Stanowisko, Platnosc, Koszt, FK_Sprzedawca) values ('fcolslxgwvyrseg', '2016-12-17', '0184516', 'K', 1234.32, 5);
insert into Bilet (IdBilet, FK_Rachunek) values (1176, 'fcolslxgwvyrseg');
insert into Teatr_ma_Przedstawienie (FK_Teatr, FK_Przedstawienie, FK_Bilet) values (0, 'jpnhqtkfyibunvtgkyxe', 1176);
insert into Bilet (IdBilet, FK_Rachunek) values (1177, 'fcolslxgwvyrseg');
insert into Teatr_ma_Przedstawienie (FK_Teatr, FK_Przedstawienie, FK_Bilet) values (0, 'jpnhqtkfyibunvtgkyxe', 1177);
insert into Rachunek (NrRachunku, DataWystawienia, Stanowisko, Platnosc, Koszt, FK_Sprzedawca) values ('hdxmgleunprqiwd', '2017-01-03', '0275432', 'K', 1246.31, 5);
insert into Bilet (IdBilet, FK_Rachunek) values (1178, 'hdxmgleunprqiwd');
insert into Teatr_ma_Przedstawienie (FK_Teatr, FK_Przedstawienie, FK_Bilet) values (0, 'jpnhqtkfyibunvtgkyxe', 1178);
insert into Bilet (IdBilet, FK_Rachunek) values (1179, 'hdxmgleunprqiwd');
insert into Teatr_ma_Przedstawienie (FK_Teatr, FK_Przedstawienie, FK_Bilet) values (0, 'jpnhqtkfyibunvtgkyxe', 1179);
insert into Rachunek (NrRachunku, DataWystawienia, Stanowisko, Platnosc, Koszt, FK_Sprzedawca) values ('eydsofiubofwogf', '2017-01-14', '0489838', 'K', 290.85, 5);
insert into Bilet (IdBilet, FK_Rachunek) values (1180, 'eydsofiubofwogf');
insert into Teatr_ma_Przedstawienie (FK_Teatr, FK_Przedstawienie, FK_Bilet) values (0, 'jpnhqtkfyibunvtgkyxe', 1180);
insert into Bilet (IdBilet, FK_Rachunek) values (1181, 'eydsofiubofwogf');
insert into Teatr_ma_Przedstawienie (FK_Teatr, FK_Przedstawienie, FK_Bilet) values (0, 'jpnhqtkfyibunvtgkyxe', 1181);
insert into Bilet (IdBilet, FK_Rachunek) values (1182, 'eydsofiubofwogf');
insert into Teatr_ma_Przedstawienie (FK_Teatr, FK_Przedstawienie, FK_Bilet) values (0, 'jpnhqtkfyibunvtgkyxe', 1182);
insert into Bilet (IdBilet, FK_Rachunek) values (1183, 'eydsofiubofwogf');
insert into Teatr_ma_Przedstawienie (FK_Teatr, FK_Przedstawienie, FK_Bilet) values (0, 'jpnhqtkfyibunvtgkyxe', 1183);
insert into Sprzedawca (IDSprzedawca, Imie, Nazwisko) values (6, 'Trey', 'Chavez');
insert into Rachunek (NrRachunku, DataWystawienia, Stanowisko, Platnosc, Koszt, FK_Sprzedawca) values ('lkljpjlhyjpoiwu', '2016-12-18', '0974380', 'G', 47.98, 6);
insert into Bilet (IdBilet, FK_Rachunek) values (117, 'lkljpjlhyjpoiwu');
insert into Teatr_ma_Przedstawienie (FK_Teatr, FK_Przedstawienie, FK_Bilet) values (0, 'ygcssravfagxgfnsavdc', 117);
insert into Bilet (IdBilet, FK_Rachunek) values (118, 'lkljpjlhyjpoiwu');
insert into Teatr_ma_Przedstawienie (FK_Teatr, FK_Przedstawienie, FK_Bilet) values (0, 'ygcssravfagxgfnsavdc', 118);
insert into Rachunek (NrRachunku, DataWystawienia, Stanowisko, Platnosc, Koszt, FK_Sprzedawca) values ('jphmcfqfywccdib', '2016-11-28', '0656369', 'G', 1496.92, 6);
insert into Bilet (IdBilet, FK_Rachunek) values (119, 'jphmcfqfywccdib');
insert into Teatr_ma_Przedstawienie (FK_Teatr, FK_Przedstawienie, FK_Bilet) values (0, 'ygcssravfagxgfnsavdc', 119);
insert into Bilet (IdBilet, FK_Rachunek) values (120, 'jphmcfqfywccdib');
insert into Teatr_ma_Przedstawienie (FK_Teatr, FK_Przedstawienie, FK_Bilet) values (0, 'ygcssravfagxgfnsavdc', 120);
insert into Rachunek (NrRachunku, DataWystawienia, Stanowisko, Platnosc, Koszt, FK_Sprzedawca) values ('sxpacblworjqaum', '2016-12-02', '0700454', 'G', 189.39, 6);
insert into Bilet (IdBilet, FK_Rachunek) values (121, 'sxpacblworjqaum');
insert into Teatr_ma_Przedstawienie (FK_Teatr, FK_Przedstawienie, FK_Bilet) values (0, 'ygcssravfagxgfnsavdc', 121);
insert into Rachunek (NrRachunku, DataWystawienia, Stanowisko, Platnosc, Koszt, FK_Sprzedawca) values ('yfcqdprusjtemlm', '2016-12-12', '0502402', 'G', 1191.69, 6);
insert into Bilet (IdBilet, FK_Rachunek) values (122, 'yfcqdprusjtemlm');
insert into Teatr_ma_Przedstawienie (FK_Teatr, FK_Przedstawienie, FK_Bilet) values (0, 'ygcssravfagxgfnsavdc', 122);
insert into Bilet (IdBilet, FK_Rachunek) values (123, 'yfcqdprusjtemlm');
insert into Teatr_ma_Przedstawienie (FK_Teatr, FK_Przedstawienie, FK_Bilet) values (0, 'ygcssravfagxgfnsavdc', 123);
insert into Rachunek (NrRachunku, DataWystawienia, Stanowisko, Platnosc, Koszt, FK_Sprzedawca) values ('hiyxqqxhttxsrtr', '2016-12-14', '0985211', 'G', 124.66, 6);
insert into Bilet (IdBilet, FK_Rachunek) values (124, 'hiyxqqxhttxsrtr');
insert into Teatr_ma_Przedstawienie (FK_Teatr, FK_Przedstawienie, FK_Bilet) values (0, 'ygcssravfagxgfnsavdc', 124);
insert into Rachunek (NrRachunku, DataWystawienia, Stanowisko, Platnosc, Koszt, FK_Sprzedawca) values ('oqklxvamfkadwpi', '2016-12-20', '0041248', 'G', 1406.29, 6);
insert into Bilet (IdBilet, FK_Rachunek) values (125, 'oqklxvamfkadwpi');
insert into Teatr_ma_Przedstawienie (FK_Teatr, FK_Przedstawienie, FK_Bilet) values (0, 'ygcssravfagxgfnsavdc', 125);
insert into Bilet (IdBilet, FK_Rachunek) values (126, 'oqklxvamfkadwpi');
insert into Teatr_ma_Przedstawienie (FK_Teatr, FK_Przedstawienie, FK_Bilet) values (0, 'ygcssravfagxgfnsavdc', 126);
insert into Rachunek (NrRachunku, DataWystawienia, Stanowisko, Platnosc, Koszt, FK_Sprzedawca) values ('vykckbrceuaxhwf', '2016-12-20', '0392384', 'G', 263.97, 6);
insert into Bilet (IdBilet, FK_Rachunek) values (127, 'vykckbrceuaxhwf');
insert into Teatr_ma_Przedstawienie (FK_Teatr, FK_Przedstawienie, FK_Bilet) values (0, 'ygcssravfagxgfnsavdc', 127);
insert into Bilet (IdBilet, FK_Rachunek) values (128, 'vykckbrceuaxhwf');
insert into Teatr_ma_Przedstawienie (FK_Teatr, FK_Przedstawienie, FK_Bilet) values (0, 'ygcssravfagxgfnsavdc', 128);
insert into Rachunek (NrRachunku, DataWystawienia, Stanowisko, Platnosc, Koszt, FK_Sprzedawca) values ('wyaaudtamphvtmp', '2016-12-15', '0758396', 'K', 1391.62, 6);
insert into Bilet (IdBilet, FK_Rachunek) values (129, 'wyaaudtamphvtmp');
insert into Teatr_ma_Przedstawienie (FK_Teatr, FK_Przedstawienie, FK_Bilet) values (0, 'ygcssravfagxgfnsavdc', 129);
insert into Rachunek (NrRachunku, DataWystawienia, Stanowisko, Platnosc, Koszt, FK_Sprzedawca) values ('nbqlwxhpjqwngpx', '2016-12-10', '0013013', 'K', 1185.10, 6);
insert into Bilet (IdBilet, FK_Rachunek) values (130, 'nbqlwxhpjqwngpx');
insert into Teatr_ma_Przedstawienie (FK_Teatr, FK_Przedstawienie, FK_Bilet) values (0, 'ygcssravfagxgfnsavdc', 130);
insert into Bilet (IdBilet, FK_Rachunek) values (131, 'nbqlwxhpjqwngpx');
insert into Teatr_ma_Przedstawienie (FK_Teatr, FK_Przedstawienie, FK_Bilet) values (0, 'ygcssravfagxgfnsavdc', 131);
insert into Bilet (IdBilet, FK_Rachunek) values (132, 'nbqlwxhpjqwngpx');
insert into Teatr_ma_Przedstawienie (FK_Teatr, FK_Przedstawienie, FK_Bilet) values (0, 'ygcssravfagxgfnsavdc', 132);
insert into Bilet (IdBilet, FK_Rachunek) values (133, 'nbqlwxhpjqwngpx');
insert into Teatr_ma_Przedstawienie (FK_Teatr, FK_Przedstawienie, FK_Bilet) values (0, 'ygcssravfagxgfnsavdc', 133);
insert into Rachunek (NrRachunku, DataWystawienia, Stanowisko, Platnosc, Koszt, FK_Sprzedawca) values ('xrpymacvuebxwld', '2016-12-24', '0950206', 'G', 1550.29, 6);
insert into Bilet (IdBilet, FK_Rachunek) values (134, 'xrpymacvuebxwld');
insert into Teatr_ma_Przedstawienie (FK_Teatr, FK_Przedstawienie, FK_Bilet) values (0, 'ygcssravfagxgfnsavdc', 134);
insert into Bilet (IdBilet, FK_Rachunek) values (135, 'xrpymacvuebxwld');
insert into Teatr_ma_Przedstawienie (FK_Teatr, FK_Przedstawienie, FK_Bilet) values (0, 'ygcssravfagxgfnsavdc', 135);
insert into Rachunek (NrRachunku, DataWystawienia, Stanowisko, Platnosc, Koszt, FK_Sprzedawca) values ('druketpjgrpymod', '2016-10-03', '0704395', 'G', 1061.29, 6);
insert into Bilet (IdBilet, FK_Rachunek) values (318, 'druketpjgrpymod');
insert into Teatr_ma_Przedstawienie (FK_Teatr, FK_Przedstawienie, FK_Bilet) values (0, 'rtabtgayrsmmeqtqqtij', 318);
insert into Bilet (IdBilet, FK_Rachunek) values (319, 'druketpjgrpymod');
insert into Teatr_ma_Przedstawienie (FK_Teatr, FK_Przedstawienie, FK_Bilet) values (0, 'rtabtgayrsmmeqtqqtij', 319);
insert into Bilet (IdBilet, FK_Rachunek) values (320, 'druketpjgrpymod');
insert into Teatr_ma_Przedstawienie (FK_Teatr, FK_Przedstawienie, FK_Bilet) values (0, 'rtabtgayrsmmeqtqqtij', 320);
insert into Rachunek (NrRachunku, DataWystawienia, Stanowisko, Platnosc, Koszt, FK_Sprzedawca) values ('evtsyadyeuettpa', '2016-09-08', '0738130', 'K', 1764.27, 6);
insert into Bilet (IdBilet, FK_Rachunek) values (321, 'evtsyadyeuettpa');
insert into Teatr_ma_Przedstawienie (FK_Teatr, FK_Przedstawienie, FK_Bilet) values (0, 'rtabtgayrsmmeqtqqtij', 321);
insert into Bilet (IdBilet, FK_Rachunek) values (322, 'evtsyadyeuettpa');
insert into Teatr_ma_Przedstawienie (FK_Teatr, FK_Przedstawienie, FK_Bilet) values (0, 'rtabtgayrsmmeqtqqtij', 322);
insert into Rachunek (NrRachunku, DataWystawienia, Stanowisko, Platnosc, Koszt, FK_Sprzedawca) values ('lrecwnbthqfixpm', '2016-09-10', '0041432', 'K', 446.72, 6);
insert into Bilet (IdBilet, FK_Rachunek) values (323, 'lrecwnbthqfixpm');
insert into Teatr_ma_Przedstawienie (FK_Teatr, FK_Przedstawienie, FK_Bilet) values (0, 'rtabtgayrsmmeqtqqtij', 323);
insert into Rachunek (NrRachunku, DataWystawienia, Stanowisko, Platnosc, Koszt, FK_Sprzedawca) values ('vkgheadnbqyrppy', '2016-09-27', '0831389', 'G', 1876.96, 6);
insert into Bilet (IdBilet, FK_Rachunek) values (324, 'vkgheadnbqyrppy');
insert into Teatr_ma_Przedstawienie (FK_Teatr, FK_Przedstawienie, FK_Bilet) values (0, 'rtabtgayrsmmeqtqqtij', 324);
insert into Bilet (IdBilet, FK_Rachunek) values (325, 'vkgheadnbqyrppy');
insert into Teatr_ma_Przedstawienie (FK_Teatr, FK_Przedstawienie, FK_Bilet) values (0, 'rtabtgayrsmmeqtqqtij', 325);
insert into Rachunek (NrRachunku, DataWystawienia, Stanowisko, Platnosc, Koszt, FK_Sprzedawca) values ('yvsgfwujqpcclbs', '2016-09-16', '0769790', 'G', 1611.55, 6);
insert into Bilet (IdBilet, FK_Rachunek) values (326, 'yvsgfwujqpcclbs');
insert into Teatr_ma_Przedstawienie (FK_Teatr, FK_Przedstawienie, FK_Bilet) values (0, 'rtabtgayrsmmeqtqqtij', 326);
insert into Bilet (IdBilet, FK_Rachunek) values (327, 'yvsgfwujqpcclbs');
insert into Teatr_ma_Przedstawienie (FK_Teatr, FK_Przedstawienie, FK_Bilet) values (0, 'rtabtgayrsmmeqtqqtij', 327);
insert into Bilet (IdBilet, FK_Rachunek) values (328, 'yvsgfwujqpcclbs');
insert into Teatr_ma_Przedstawienie (FK_Teatr, FK_Przedstawienie, FK_Bilet) values (0, 'rtabtgayrsmmeqtqqtij', 328);
insert into Rachunek (NrRachunku, DataWystawienia, Stanowisko, Platnosc, Koszt, FK_Sprzedawca) values ('qfjrxtmmlyieclx', '2016-09-27', '0147202', 'G', 441.54, 6);
insert into Bilet (IdBilet, FK_Rachunek) values (329, 'qfjrxtmmlyieclx');
insert into Teatr_ma_Przedstawienie (FK_Teatr, FK_Przedstawienie, FK_Bilet) values (0, 'rtabtgayrsmmeqtqqtij', 329);
insert into Bilet (IdBilet, FK_Rachunek) values (330, 'qfjrxtmmlyieclx');
insert into Teatr_ma_Przedstawienie (FK_Teatr, FK_Przedstawienie, FK_Bilet) values (0, 'rtabtgayrsmmeqtqqtij', 330);
insert into Rachunek (NrRachunku, DataWystawienia, Stanowisko, Platnosc, Koszt, FK_Sprzedawca) values ('ukeiqjpqjobaoqb', '2016-10-02', '0473002', 'K', 1978.51, 6);
insert into Bilet (IdBilet, FK_Rachunek) values (331, 'ukeiqjpqjobaoqb');
insert into Teatr_ma_Przedstawienie (FK_Teatr, FK_Przedstawienie, FK_Bilet) values (0, 'rtabtgayrsmmeqtqqtij', 331);
insert into Bilet (IdBilet, FK_Rachunek) values (332, 'ukeiqjpqjobaoqb');
insert into Teatr_ma_Przedstawienie (FK_Teatr, FK_Przedstawienie, FK_Bilet) values (0, 'rtabtgayrsmmeqtqqtij', 332);
insert into Bilet (IdBilet, FK_Rachunek) values (333, 'ukeiqjpqjobaoqb');
insert into Teatr_ma_Przedstawienie (FK_Teatr, FK_Przedstawienie, FK_Bilet) values (0, 'rtabtgayrsmmeqtqqtij', 333);
insert into Rachunek (NrRachunku, DataWystawienia, Stanowisko, Platnosc, Koszt, FK_Sprzedawca) values ('xqliytiwqemjhhv', '2016-09-22', '0060741', 'K', 1231.92, 6);
insert into Bilet (IdBilet, FK_Rachunek) values (334, 'xqliytiwqemjhhv');
insert into Teatr_ma_Przedstawienie (FK_Teatr, FK_Przedstawienie, FK_Bilet) values (0, 'rtabtgayrsmmeqtqqtij', 334);
insert into Bilet (IdBilet, FK_Rachunek) values (335, 'xqliytiwqemjhhv');
insert into Teatr_ma_Przedstawienie (FK_Teatr, FK_Przedstawienie, FK_Bilet) values (0, 'rtabtgayrsmmeqtqqtij', 335);
insert into Bilet (IdBilet, FK_Rachunek) values (336, 'xqliytiwqemjhhv');
insert into Teatr_ma_Przedstawienie (FK_Teatr, FK_Przedstawienie, FK_Bilet) values (0, 'rtabtgayrsmmeqtqqtij', 336);
insert into Bilet (IdBilet, FK_Rachunek) values (337, 'xqliytiwqemjhhv');
insert into Teatr_ma_Przedstawienie (FK_Teatr, FK_Przedstawienie, FK_Bilet) values (0, 'rtabtgayrsmmeqtqqtij', 337);
insert into Rachunek (NrRachunku, DataWystawienia, Stanowisko, Platnosc, Koszt, FK_Sprzedawca) values ('dmslbcgvbrwiyja', '2016-09-30', '0650101', 'K', 199.05, 6);
insert into Bilet (IdBilet, FK_Rachunek) values (781, 'dmslbcgvbrwiyja');
insert into Teatr_ma_Przedstawienie (FK_Teatr, FK_Przedstawienie, FK_Bilet) values (0, 'rtabtgayrsmmeqtqqtij', 781);
insert into Bilet (IdBilet, FK_Rachunek) values (782, 'dmslbcgvbrwiyja');
insert into Teatr_ma_Przedstawienie (FK_Teatr, FK_Przedstawienie, FK_Bilet) values (0, 'rtabtgayrsmmeqtqqtij', 782);
insert into Bilet (IdBilet, FK_Rachunek) values (783, 'dmslbcgvbrwiyja');
insert into Teatr_ma_Przedstawienie (FK_Teatr, FK_Przedstawienie, FK_Bilet) values (0, 'rtabtgayrsmmeqtqqtij', 783);
insert into Bilet (IdBilet, FK_Rachunek) values (784, 'dmslbcgvbrwiyja');
insert into Teatr_ma_Przedstawienie (FK_Teatr, FK_Przedstawienie, FK_Bilet) values (0, 'rtabtgayrsmmeqtqqtij', 784);
insert into Rachunek (NrRachunku, DataWystawienia, Stanowisko, Platnosc, Koszt, FK_Sprzedawca) values ('uptmdthqqhpejtq', '2016-09-27', '0114260', 'K', 741.69, 6);
insert into Bilet (IdBilet, FK_Rachunek) values (785, 'uptmdthqqhpejtq');
insert into Teatr_ma_Przedstawienie (FK_Teatr, FK_Przedstawienie, FK_Bilet) values (0, 'rtabtgayrsmmeqtqqtij', 785);
insert into Bilet (IdBilet, FK_Rachunek) values (786, 'uptmdthqqhpejtq');
insert into Teatr_ma_Przedstawienie (FK_Teatr, FK_Przedstawienie, FK_Bilet) values (0, 'rtabtgayrsmmeqtqqtij', 786);
insert into Bilet (IdBilet, FK_Rachunek) values (787, 'uptmdthqqhpejtq');
insert into Teatr_ma_Przedstawienie (FK_Teatr, FK_Przedstawienie, FK_Bilet) values (0, 'rtabtgayrsmmeqtqqtij', 787);
insert into Bilet (IdBilet, FK_Rachunek) values (788, 'uptmdthqqhpejtq');
insert into Teatr_ma_Przedstawienie (FK_Teatr, FK_Przedstawienie, FK_Bilet) values (0, 'rtabtgayrsmmeqtqqtij', 788);
insert into Rachunek (NrRachunku, DataWystawienia, Stanowisko, Platnosc, Koszt, FK_Sprzedawca) values ('vlpwadxgdjdctbf', '2016-09-09', '0539290', 'G', 1029.22, 6);
insert into Bilet (IdBilet, FK_Rachunek) values (789, 'vlpwadxgdjdctbf');
insert into Teatr_ma_Przedstawienie (FK_Teatr, FK_Przedstawienie, FK_Bilet) values (0, 'rtabtgayrsmmeqtqqtij', 789);
insert into Rachunek (NrRachunku, DataWystawienia, Stanowisko, Platnosc, Koszt, FK_Sprzedawca) values ('ayjyypkpceuvcdl', '2016-09-30', '0925148', 'K', 1345.02, 6);
insert into Bilet (IdBilet, FK_Rachunek) values (790, 'ayjyypkpceuvcdl');
insert into Teatr_ma_Przedstawienie (FK_Teatr, FK_Przedstawienie, FK_Bilet) values (0, 'rtabtgayrsmmeqtqqtij', 790);
insert into Bilet (IdBilet, FK_Rachunek) values (791, 'ayjyypkpceuvcdl');
insert into Teatr_ma_Przedstawienie (FK_Teatr, FK_Przedstawienie, FK_Bilet) values (0, 'rtabtgayrsmmeqtqqtij', 791);
insert into Rachunek (NrRachunku, DataWystawienia, Stanowisko, Platnosc, Koszt, FK_Sprzedawca) values ('wwcjvlscjvwiqcy', '2016-09-19', '0970432', 'K', 1308.16, 6);
insert into Bilet (IdBilet, FK_Rachunek) values (792, 'wwcjvlscjvwiqcy');
insert into Teatr_ma_Przedstawienie (FK_Teatr, FK_Przedstawienie, FK_Bilet) values (0, 'rtabtgayrsmmeqtqqtij', 792);
insert into Rachunek (NrRachunku, DataWystawienia, Stanowisko, Platnosc, Koszt, FK_Sprzedawca) values ('qmpkhpujtbkumrf', '2016-09-29', '0490747', 'G', 970.03, 6);
insert into Bilet (IdBilet, FK_Rachunek) values (793, 'qmpkhpujtbkumrf');
insert into Teatr_ma_Przedstawienie (FK_Teatr, FK_Przedstawienie, FK_Bilet) values (0, 'rtabtgayrsmmeqtqqtij', 793);
insert into Bilet (IdBilet, FK_Rachunek) values (794, 'qmpkhpujtbkumrf');
insert into Teatr_ma_Przedstawienie (FK_Teatr, FK_Przedstawienie, FK_Bilet) values (0, 'rtabtgayrsmmeqtqqtij', 794);
insert into Rachunek (NrRachunku, DataWystawienia, Stanowisko, Platnosc, Koszt, FK_Sprzedawca) values ('hvdrmgaketgwacb', '2016-09-21', '0171041', 'K', 129.83, 6);
insert into Bilet (IdBilet, FK_Rachunek) values (795, 'hvdrmgaketgwacb');
insert into Teatr_ma_Przedstawienie (FK_Teatr, FK_Przedstawienie, FK_Bilet) values (0, 'rtabtgayrsmmeqtqqtij', 795);
insert into Rachunek (NrRachunku, DataWystawienia, Stanowisko, Platnosc, Koszt, FK_Sprzedawca) values ('htncmhfqvucmhhl', '2016-09-10', '0594260', 'G', 1496.04, 6);
insert into Bilet (IdBilet, FK_Rachunek) values (796, 'htncmhfqvucmhhl');
insert into Teatr_ma_Przedstawienie (FK_Teatr, FK_Przedstawienie, FK_Bilet) values (0, 'rtabtgayrsmmeqtqqtij', 796);
insert into Rachunek (NrRachunku, DataWystawienia, Stanowisko, Platnosc, Koszt, FK_Sprzedawca) values ('pfjdnbfypsqckqa', '2016-09-30', '0316443', 'G', 1572.70, 6);
insert into Bilet (IdBilet, FK_Rachunek) values (797, 'pfjdnbfypsqckqa');
insert into Teatr_ma_Przedstawienie (FK_Teatr, FK_Przedstawienie, FK_Bilet) values (0, 'rtabtgayrsmmeqtqqtij', 797);
insert into Bilet (IdBilet, FK_Rachunek) values (798, 'pfjdnbfypsqckqa');
insert into Teatr_ma_Przedstawienie (FK_Teatr, FK_Przedstawienie, FK_Bilet) values (0, 'rtabtgayrsmmeqtqqtij', 798);
insert into Rachunek (NrRachunku, DataWystawienia, Stanowisko, Platnosc, Koszt, FK_Sprzedawca) values ('stgssphkewcehvj', '2016-10-01', '0597165', 'G', 1885.64, 6);
insert into Bilet (IdBilet, FK_Rachunek) values (799, 'stgssphkewcehvj');
insert into Teatr_ma_Przedstawienie (FK_Teatr, FK_Przedstawienie, FK_Bilet) values (0, 'rtabtgayrsmmeqtqqtij', 799);
insert into Bilet (IdBilet, FK_Rachunek) values (800, 'stgssphkewcehvj');
insert into Teatr_ma_Przedstawienie (FK_Teatr, FK_Przedstawienie, FK_Bilet) values (0, 'rtabtgayrsmmeqtqqtij', 800);
insert into Rachunek (NrRachunku, DataWystawienia, Stanowisko, Platnosc, Koszt, FK_Sprzedawca) values ('wjwcirghrjhjmfu', '2017-02-23', '0163967', 'K', 1143.20, 6);
insert into Bilet (IdBilet, FK_Rachunek) values (985, 'wjwcirghrjhjmfu');
insert into Teatr_ma_Przedstawienie (FK_Teatr, FK_Przedstawienie, FK_Bilet) values (0, 'onrclfbdhytyuygssveo', 985);
insert into Bilet (IdBilet, FK_Rachunek) values (986, 'wjwcirghrjhjmfu');
insert into Teatr_ma_Przedstawienie (FK_Teatr, FK_Przedstawienie, FK_Bilet) values (0, 'onrclfbdhytyuygssveo', 986);
insert into Rachunek (NrRachunku, DataWystawienia, Stanowisko, Platnosc, Koszt, FK_Sprzedawca) values ('vjyhpjlsoucqfts', '2017-02-23', '0865721', 'G', 832.10, 6);
insert into Bilet (IdBilet, FK_Rachunek) values (987, 'vjyhpjlsoucqfts');
insert into Teatr_ma_Przedstawienie (FK_Teatr, FK_Przedstawienie, FK_Bilet) values (0, 'onrclfbdhytyuygssveo', 987);
insert into Bilet (IdBilet, FK_Rachunek) values (988, 'vjyhpjlsoucqfts');
insert into Teatr_ma_Przedstawienie (FK_Teatr, FK_Przedstawienie, FK_Bilet) values (0, 'onrclfbdhytyuygssveo', 988);
insert into Bilet (IdBilet, FK_Rachunek) values (989, 'vjyhpjlsoucqfts');
insert into Teatr_ma_Przedstawienie (FK_Teatr, FK_Przedstawienie, FK_Bilet) values (0, 'onrclfbdhytyuygssveo', 989);
insert into Rachunek (NrRachunku, DataWystawienia, Stanowisko, Platnosc, Koszt, FK_Sprzedawca) values ('cbrxsvnhvogpwef', '2017-03-07', '0560914', 'K', 1852.20, 6);
insert into Bilet (IdBilet, FK_Rachunek) values (990, 'cbrxsvnhvogpwef');
insert into Teatr_ma_Przedstawienie (FK_Teatr, FK_Przedstawienie, FK_Bilet) values (0, 'onrclfbdhytyuygssveo', 990);
insert into Bilet (IdBilet, FK_Rachunek) values (991, 'cbrxsvnhvogpwef');
insert into Teatr_ma_Przedstawienie (FK_Teatr, FK_Przedstawienie, FK_Bilet) values (0, 'onrclfbdhytyuygssveo', 991);
insert into Bilet (IdBilet, FK_Rachunek) values (992, 'cbrxsvnhvogpwef');
insert into Teatr_ma_Przedstawienie (FK_Teatr, FK_Przedstawienie, FK_Bilet) values (0, 'onrclfbdhytyuygssveo', 992);
insert into Bilet (IdBilet, FK_Rachunek) values (993, 'cbrxsvnhvogpwef');
insert into Teatr_ma_Przedstawienie (FK_Teatr, FK_Przedstawienie, FK_Bilet) values (0, 'onrclfbdhytyuygssveo', 993);
insert into Rachunek (NrRachunku, DataWystawienia, Stanowisko, Platnosc, Koszt, FK_Sprzedawca) values ('pdbylssujelqihf', '2017-03-19', '0661790', 'G', 1613.42, 6);
insert into Bilet (IdBilet, FK_Rachunek) values (994, 'pdbylssujelqihf');
insert into Teatr_ma_Przedstawienie (FK_Teatr, FK_Przedstawienie, FK_Bilet) values (0, 'onrclfbdhytyuygssveo', 994);
insert into Rachunek (NrRachunku, DataWystawienia, Stanowisko, Platnosc, Koszt, FK_Sprzedawca) values ('aamyhgqnmyhcdrj', '2017-03-10', '0658058', 'G', 1398.23, 6);
insert into Bilet (IdBilet, FK_Rachunek) values (995, 'aamyhgqnmyhcdrj');
insert into Teatr_ma_Przedstawienie (FK_Teatr, FK_Przedstawienie, FK_Bilet) values (0, 'onrclfbdhytyuygssveo', 995);
insert into Bilet (IdBilet, FK_Rachunek) values (996, 'aamyhgqnmyhcdrj');
insert into Teatr_ma_Przedstawienie (FK_Teatr, FK_Przedstawienie, FK_Bilet) values (0, 'onrclfbdhytyuygssveo', 996);
insert into Bilet (IdBilet, FK_Rachunek) values (997, 'aamyhgqnmyhcdrj');
insert into Teatr_ma_Przedstawienie (FK_Teatr, FK_Przedstawienie, FK_Bilet) values (0, 'onrclfbdhytyuygssveo', 997);
insert into Rachunek (NrRachunku, DataWystawienia, Stanowisko, Platnosc, Koszt, FK_Sprzedawca) values ('tonieyogiyjfitg', '2017-03-22', '0110443', 'G', 398.08, 6);
insert into Bilet (IdBilet, FK_Rachunek) values (998, 'tonieyogiyjfitg');
insert into Teatr_ma_Przedstawienie (FK_Teatr, FK_Przedstawienie, FK_Bilet) values (0, 'onrclfbdhytyuygssveo', 998);
insert into Bilet (IdBilet, FK_Rachunek) values (999, 'tonieyogiyjfitg');
insert into Teatr_ma_Przedstawienie (FK_Teatr, FK_Przedstawienie, FK_Bilet) values (0, 'onrclfbdhytyuygssveo', 999);
insert into Bilet (IdBilet, FK_Rachunek) values (1000, 'tonieyogiyjfitg');
insert into Teatr_ma_Przedstawienie (FK_Teatr, FK_Przedstawienie, FK_Bilet) values (0, 'onrclfbdhytyuygssveo', 1000);
insert into Bilet (IdBilet, FK_Rachunek) values (1001, 'tonieyogiyjfitg');
insert into Teatr_ma_Przedstawienie (FK_Teatr, FK_Przedstawienie, FK_Bilet) values (0, 'onrclfbdhytyuygssveo', 1001);
insert into Rachunek (NrRachunku, DataWystawienia, Stanowisko, Platnosc, Koszt, FK_Sprzedawca) values ('efapnfcxwyxooye', '2017-03-20', '0260014', 'G', 6.99, 6);
insert into Bilet (IdBilet, FK_Rachunek) values (1002, 'efapnfcxwyxooye');
insert into Teatr_ma_Przedstawienie (FK_Teatr, FK_Przedstawienie, FK_Bilet) values (0, 'onrclfbdhytyuygssveo', 1002);
insert into Bilet (IdBilet, FK_Rachunek) values (1003, 'efapnfcxwyxooye');
insert into Teatr_ma_Przedstawienie (FK_Teatr, FK_Przedstawienie, FK_Bilet) values (0, 'onrclfbdhytyuygssveo', 1003);
insert into Rachunek (NrRachunku, DataWystawienia, Stanowisko, Platnosc, Koszt, FK_Sprzedawca) values ('oanlfvlmqgbhbub', '2016-12-27', '0871316', 'K', 1462.60, 6);
insert into Bilet (IdBilet, FK_Rachunek) values (1184, 'oanlfvlmqgbhbub');
insert into Teatr_ma_Przedstawienie (FK_Teatr, FK_Przedstawienie, FK_Bilet) values (0, 'jpnhqtkfyibunvtgkyxe', 1184);
insert into Rachunek (NrRachunku, DataWystawienia, Stanowisko, Platnosc, Koszt, FK_Sprzedawca) values ('toitqaoaobyhvxa', '2016-12-31', '0012248', 'G', 1973.89, 6);
insert into Bilet (IdBilet, FK_Rachunek) values (1185, 'toitqaoaobyhvxa');
insert into Teatr_ma_Przedstawienie (FK_Teatr, FK_Przedstawienie, FK_Bilet) values (0, 'jpnhqtkfyibunvtgkyxe', 1185);
insert into Bilet (IdBilet, FK_Rachunek) values (1186, 'toitqaoaobyhvxa');
insert into Teatr_ma_Przedstawienie (FK_Teatr, FK_Przedstawienie, FK_Bilet) values (0, 'jpnhqtkfyibunvtgkyxe', 1186);
insert into Bilet (IdBilet, FK_Rachunek) values (1187, 'toitqaoaobyhvxa');
insert into Teatr_ma_Przedstawienie (FK_Teatr, FK_Przedstawienie, FK_Bilet) values (0, 'jpnhqtkfyibunvtgkyxe', 1187);
insert into Bilet (IdBilet, FK_Rachunek) values (1188, 'toitqaoaobyhvxa');
insert into Teatr_ma_Przedstawienie (FK_Teatr, FK_Przedstawienie, FK_Bilet) values (0, 'jpnhqtkfyibunvtgkyxe', 1188);
insert into Rachunek (NrRachunku, DataWystawienia, Stanowisko, Platnosc, Koszt, FK_Sprzedawca) values ('opoiardwrgsmllm', '2017-01-01', '0827563', 'G', 1541.88, 6);
insert into Bilet (IdBilet, FK_Rachunek) values (1189, 'opoiardwrgsmllm');
insert into Teatr_ma_Przedstawienie (FK_Teatr, FK_Przedstawienie, FK_Bilet) values (0, 'jpnhqtkfyibunvtgkyxe', 1189);
insert into Rachunek (NrRachunku, DataWystawienia, Stanowisko, Platnosc, Koszt, FK_Sprzedawca) values ('wgyatqntofyyxkf', '2016-12-20', '0621120', 'G', 959.70, 6);
insert into Bilet (IdBilet, FK_Rachunek) values (1190, 'wgyatqntofyyxkf');
insert into Teatr_ma_Przedstawienie (FK_Teatr, FK_Przedstawienie, FK_Bilet) values (0, 'jpnhqtkfyibunvtgkyxe', 1190);
insert into Bilet (IdBilet, FK_Rachunek) values (1191, 'wgyatqntofyyxkf');
insert into Teatr_ma_Przedstawienie (FK_Teatr, FK_Przedstawienie, FK_Bilet) values (0, 'jpnhqtkfyibunvtgkyxe', 1191);
insert into Bilet (IdBilet, FK_Rachunek) values (1192, 'wgyatqntofyyxkf');
insert into Teatr_ma_Przedstawienie (FK_Teatr, FK_Przedstawienie, FK_Bilet) values (0, 'jpnhqtkfyibunvtgkyxe', 1192);
insert into Bilet (IdBilet, FK_Rachunek) values (1193, 'wgyatqntofyyxkf');
insert into Teatr_ma_Przedstawienie (FK_Teatr, FK_Przedstawienie, FK_Bilet) values (0, 'jpnhqtkfyibunvtgkyxe', 1193);
insert into Rachunek (NrRachunku, DataWystawienia, Stanowisko, Platnosc, Koszt, FK_Sprzedawca) values ('nonpqlsrtjqrqmx', '2016-12-17', '0176554', 'G', 1839.91, 6);
insert into Bilet (IdBilet, FK_Rachunek) values (1194, 'nonpqlsrtjqrqmx');
insert into Teatr_ma_Przedstawienie (FK_Teatr, FK_Przedstawienie, FK_Bilet) values (0, 'jpnhqtkfyibunvtgkyxe', 1194);
insert into Bilet (IdBilet, FK_Rachunek) values (1195, 'nonpqlsrtjqrqmx');
insert into Teatr_ma_Przedstawienie (FK_Teatr, FK_Przedstawienie, FK_Bilet) values (0, 'jpnhqtkfyibunvtgkyxe', 1195);
insert into Bilet (IdBilet, FK_Rachunek) values (1196, 'nonpqlsrtjqrqmx');
insert into Teatr_ma_Przedstawienie (FK_Teatr, FK_Przedstawienie, FK_Bilet) values (0, 'jpnhqtkfyibunvtgkyxe', 1196);
insert into Rachunek (NrRachunku, DataWystawienia, Stanowisko, Platnosc, Koszt, FK_Sprzedawca) values ('mcobdrhvdjbuyda', '2016-12-19', '0044370', 'K', 612.90, 6);
insert into Bilet (IdBilet, FK_Rachunek) values (1197, 'mcobdrhvdjbuyda');
insert into Teatr_ma_Przedstawienie (FK_Teatr, FK_Przedstawienie, FK_Bilet) values (0, 'jpnhqtkfyibunvtgkyxe', 1197);
insert into Bilet (IdBilet, FK_Rachunek) values (1198, 'mcobdrhvdjbuyda');
insert into Teatr_ma_Przedstawienie (FK_Teatr, FK_Przedstawienie, FK_Bilet) values (0, 'jpnhqtkfyibunvtgkyxe', 1198);
insert into Bilet (IdBilet, FK_Rachunek) values (1199, 'mcobdrhvdjbuyda');
insert into Teatr_ma_Przedstawienie (FK_Teatr, FK_Przedstawienie, FK_Bilet) values (0, 'jpnhqtkfyibunvtgkyxe', 1199);
insert into Rachunek (NrRachunku, DataWystawienia, Stanowisko, Platnosc, Koszt, FK_Sprzedawca) values ('rellsdxvtbeoepd', '2017-01-11', '0229682', 'G', 1868.49, 6);
insert into Bilet (IdBilet, FK_Rachunek) values (1200, 'rellsdxvtbeoepd');
insert into Teatr_ma_Przedstawienie (FK_Teatr, FK_Przedstawienie, FK_Bilet) values (0, 'jpnhqtkfyibunvtgkyxe', 1200);
insert into Bilet (IdBilet, FK_Rachunek) values (1201, 'rellsdxvtbeoepd');
insert into Teatr_ma_Przedstawienie (FK_Teatr, FK_Przedstawienie, FK_Bilet) values (0, 'jpnhqtkfyibunvtgkyxe', 1201);
insert into Bilet (IdBilet, FK_Rachunek) values (1202, 'rellsdxvtbeoepd');
insert into Teatr_ma_Przedstawienie (FK_Teatr, FK_Przedstawienie, FK_Bilet) values (0, 'jpnhqtkfyibunvtgkyxe', 1202);
insert into Sprzedawca (IDSprzedawca, Imie, Nazwisko) values (7, 'Dong', 'Pacheco');
insert into Rachunek (NrRachunku, DataWystawienia, Stanowisko, Platnosc, Koszt, FK_Sprzedawca) values ('fwpngxguygpjqix', '2016-11-29', '0355451', 'K', 1363.73, 7);
insert into Bilet (IdBilet, FK_Rachunek) values (136, 'fwpngxguygpjqix');
insert into Teatr_ma_Przedstawienie (FK_Teatr, FK_Przedstawienie, FK_Bilet) values (0, 'ygcssravfagxgfnsavdc', 136);
insert into Bilet (IdBilet, FK_Rachunek) values (137, 'fwpngxguygpjqix');
insert into Teatr_ma_Przedstawienie (FK_Teatr, FK_Przedstawienie, FK_Bilet) values (0, 'ygcssravfagxgfnsavdc', 137);
insert into Bilet (IdBilet, FK_Rachunek) values (138, 'fwpngxguygpjqix');
insert into Teatr_ma_Przedstawienie (FK_Teatr, FK_Przedstawienie, FK_Bilet) values (0, 'ygcssravfagxgfnsavdc', 138);
insert into Rachunek (NrRachunku, DataWystawienia, Stanowisko, Platnosc, Koszt, FK_Sprzedawca) values ('pnjoqogtyolevgv', '2016-12-06', '0106983', 'G', 249.33, 7);
insert into Bilet (IdBilet, FK_Rachunek) values (139, 'pnjoqogtyolevgv');
insert into Teatr_ma_Przedstawienie (FK_Teatr, FK_Przedstawienie, FK_Bilet) values (0, 'ygcssravfagxgfnsavdc', 139);
insert into Rachunek (NrRachunku, DataWystawienia, Stanowisko, Platnosc, Koszt, FK_Sprzedawca) values ('yjdflywriyrvpsw', '2016-12-12', '0639660', 'G', 709.43, 7);
insert into Bilet (IdBilet, FK_Rachunek) values (140, 'yjdflywriyrvpsw');
insert into Teatr_ma_Przedstawienie (FK_Teatr, FK_Przedstawienie, FK_Bilet) values (0, 'ygcssravfagxgfnsavdc', 140);
insert into Bilet (IdBilet, FK_Rachunek) values (141, 'yjdflywriyrvpsw');
insert into Teatr_ma_Przedstawienie (FK_Teatr, FK_Przedstawienie, FK_Bilet) values (0, 'ygcssravfagxgfnsavdc', 141);
insert into Bilet (IdBilet, FK_Rachunek) values (142, 'yjdflywriyrvpsw');
insert into Teatr_ma_Przedstawienie (FK_Teatr, FK_Przedstawienie, FK_Bilet) values (0, 'ygcssravfagxgfnsavdc', 142);
insert into Rachunek (NrRachunku, DataWystawienia, Stanowisko, Platnosc, Koszt, FK_Sprzedawca) values ('qknwonoitnycpyu', '2016-12-21', '0411595', 'G', 447.82, 7);
insert into Bilet (IdBilet, FK_Rachunek) values (143, 'qknwonoitnycpyu');
insert into Teatr_ma_Przedstawienie (FK_Teatr, FK_Przedstawienie, FK_Bilet) values (0, 'ygcssravfagxgfnsavdc', 143);
insert into Bilet (IdBilet, FK_Rachunek) values (144, 'qknwonoitnycpyu');
insert into Teatr_ma_Przedstawienie (FK_Teatr, FK_Przedstawienie, FK_Bilet) values (0, 'ygcssravfagxgfnsavdc', 144);
insert into Bilet (IdBilet, FK_Rachunek) values (145, 'qknwonoitnycpyu');
insert into Teatr_ma_Przedstawienie (FK_Teatr, FK_Przedstawienie, FK_Bilet) values (0, 'ygcssravfagxgfnsavdc', 145);
insert into Bilet (IdBilet, FK_Rachunek) values (146, 'qknwonoitnycpyu');
insert into Teatr_ma_Przedstawienie (FK_Teatr, FK_Przedstawienie, FK_Bilet) values (0, 'ygcssravfagxgfnsavdc', 146);
insert into Rachunek (NrRachunku, DataWystawienia, Stanowisko, Platnosc, Koszt, FK_Sprzedawca) values ('sjodhfgkwxruapy', '2016-12-05', '0631129', 'K', 1908.11, 7);
insert into Bilet (IdBilet, FK_Rachunek) values (147, 'sjodhfgkwxruapy');
insert into Teatr_ma_Przedstawienie (FK_Teatr, FK_Przedstawienie, FK_Bilet) values (0, 'ygcssravfagxgfnsavdc', 147);
insert into Bilet (IdBilet, FK_Rachunek) values (148, 'sjodhfgkwxruapy');
insert into Teatr_ma_Przedstawienie (FK_Teatr, FK_Przedstawienie, FK_Bilet) values (0, 'ygcssravfagxgfnsavdc', 148);
insert into Bilet (IdBilet, FK_Rachunek) values (149, 'sjodhfgkwxruapy');
insert into Teatr_ma_Przedstawienie (FK_Teatr, FK_Przedstawienie, FK_Bilet) values (0, 'ygcssravfagxgfnsavdc', 149);
insert into Bilet (IdBilet, FK_Rachunek) values (150, 'sjodhfgkwxruapy');
insert into Teatr_ma_Przedstawienie (FK_Teatr, FK_Przedstawienie, FK_Bilet) values (0, 'ygcssravfagxgfnsavdc', 150);
insert into Rachunek (NrRachunku, DataWystawienia, Stanowisko, Platnosc, Koszt, FK_Sprzedawca) values ('rpbcxaqyrhkbirl', '2016-12-13', '0195999', 'K', 567.74, 7);
insert into Bilet (IdBilet, FK_Rachunek) values (151, 'rpbcxaqyrhkbirl');
insert into Teatr_ma_Przedstawienie (FK_Teatr, FK_Przedstawienie, FK_Bilet) values (0, 'ygcssravfagxgfnsavdc', 151);
insert into Rachunek (NrRachunku, DataWystawienia, Stanowisko, Platnosc, Koszt, FK_Sprzedawca) values ('vhsnfihmlrjapyw', '2016-12-25', '0780448', 'G', 920.64, 7);
insert into Bilet (IdBilet, FK_Rachunek) values (152, 'vhsnfihmlrjapyw');
insert into Teatr_ma_Przedstawienie (FK_Teatr, FK_Przedstawienie, FK_Bilet) values (0, 'ygcssravfagxgfnsavdc', 152);
insert into Bilet (IdBilet, FK_Rachunek) values (153, 'vhsnfihmlrjapyw');
insert into Teatr_ma_Przedstawienie (FK_Teatr, FK_Przedstawienie, FK_Bilet) values (0, 'ygcssravfagxgfnsavdc', 153);
insert into Bilet (IdBilet, FK_Rachunek) values (154, 'vhsnfihmlrjapyw');
insert into Teatr_ma_Przedstawienie (FK_Teatr, FK_Przedstawienie, FK_Bilet) values (0, 'ygcssravfagxgfnsavdc', 154);
insert into Bilet (IdBilet, FK_Rachunek) values (155, 'vhsnfihmlrjapyw');
insert into Teatr_ma_Przedstawienie (FK_Teatr, FK_Przedstawienie, FK_Bilet) values (0, 'ygcssravfagxgfnsavdc', 155);
insert into Rachunek (NrRachunku, DataWystawienia, Stanowisko, Platnosc, Koszt, FK_Sprzedawca) values ('srwsurxdkjbnydw', '2016-09-19', '0663823', 'G', 1347.42, 7);
insert into Bilet (IdBilet, FK_Rachunek) values (338, 'srwsurxdkjbnydw');
insert into Teatr_ma_Przedstawienie (FK_Teatr, FK_Przedstawienie, FK_Bilet) values (0, 'rtabtgayrsmmeqtqqtij', 338);
insert into Bilet (IdBilet, FK_Rachunek) values (339, 'srwsurxdkjbnydw');
insert into Teatr_ma_Przedstawienie (FK_Teatr, FK_Przedstawienie, FK_Bilet) values (0, 'rtabtgayrsmmeqtqqtij', 339);
insert into Bilet (IdBilet, FK_Rachunek) values (340, 'srwsurxdkjbnydw');
insert into Teatr_ma_Przedstawienie (FK_Teatr, FK_Przedstawienie, FK_Bilet) values (0, 'rtabtgayrsmmeqtqqtij', 340);
insert into Bilet (IdBilet, FK_Rachunek) values (341, 'srwsurxdkjbnydw');
insert into Teatr_ma_Przedstawienie (FK_Teatr, FK_Przedstawienie, FK_Bilet) values (0, 'rtabtgayrsmmeqtqqtij', 341);
insert into Rachunek (NrRachunku, DataWystawienia, Stanowisko, Platnosc, Koszt, FK_Sprzedawca) values ('twukbqstmelmmde', '2016-09-06', '0516864', 'G', 188.53, 7);
insert into Bilet (IdBilet, FK_Rachunek) values (342, 'twukbqstmelmmde');
insert into Teatr_ma_Przedstawienie (FK_Teatr, FK_Przedstawienie, FK_Bilet) values (0, 'rtabtgayrsmmeqtqqtij', 342);
insert into Bilet (IdBilet, FK_Rachunek) values (343, 'twukbqstmelmmde');
insert into Teatr_ma_Przedstawienie (FK_Teatr, FK_Przedstawienie, FK_Bilet) values (0, 'rtabtgayrsmmeqtqqtij', 343);
insert into Rachunek (NrRachunku, DataWystawienia, Stanowisko, Platnosc, Koszt, FK_Sprzedawca) values ('ahjmuidvvianbyx', '2016-09-08', '0644439', 'K', 1951.94, 7);
insert into Bilet (IdBilet, FK_Rachunek) values (344, 'ahjmuidvvianbyx');
insert into Teatr_ma_Przedstawienie (FK_Teatr, FK_Przedstawienie, FK_Bilet) values (0, 'rtabtgayrsmmeqtqqtij', 344);
insert into Bilet (IdBilet, FK_Rachunek) values (345, 'ahjmuidvvianbyx');
insert into Teatr_ma_Przedstawienie (FK_Teatr, FK_Przedstawienie, FK_Bilet) values (0, 'rtabtgayrsmmeqtqqtij', 345);
insert into Bilet (IdBilet, FK_Rachunek) values (346, 'ahjmuidvvianbyx');
insert into Teatr_ma_Przedstawienie (FK_Teatr, FK_Przedstawienie, FK_Bilet) values (0, 'rtabtgayrsmmeqtqqtij', 346);
insert into Bilet (IdBilet, FK_Rachunek) values (347, 'ahjmuidvvianbyx');
insert into Teatr_ma_Przedstawienie (FK_Teatr, FK_Przedstawienie, FK_Bilet) values (0, 'rtabtgayrsmmeqtqqtij', 347);
insert into Rachunek (NrRachunku, DataWystawienia, Stanowisko, Platnosc, Koszt, FK_Sprzedawca) values ('fitskoovffaxkoi', '2016-09-25', '0117216', 'G', 162.17, 7);
insert into Bilet (IdBilet, FK_Rachunek) values (348, 'fitskoovffaxkoi');
insert into Teatr_ma_Przedstawienie (FK_Teatr, FK_Przedstawienie, FK_Bilet) values (0, 'rtabtgayrsmmeqtqqtij', 348);
insert into Bilet (IdBilet, FK_Rachunek) values (349, 'fitskoovffaxkoi');
insert into Teatr_ma_Przedstawienie (FK_Teatr, FK_Przedstawienie, FK_Bilet) values (0, 'rtabtgayrsmmeqtqqtij', 349);
insert into Rachunek (NrRachunku, DataWystawienia, Stanowisko, Platnosc, Koszt, FK_Sprzedawca) values ('ekafjsemhnpbxbb', '2016-10-02', '0447122', 'G', 1133.40, 7);
insert into Bilet (IdBilet, FK_Rachunek) values (350, 'ekafjsemhnpbxbb');
insert into Teatr_ma_Przedstawienie (FK_Teatr, FK_Przedstawienie, FK_Bilet) values (0, 'rtabtgayrsmmeqtqqtij', 350);
insert into Rachunek (NrRachunku, DataWystawienia, Stanowisko, Platnosc, Koszt, FK_Sprzedawca) values ('drunxdstrplkdhu', '2016-09-24', '0577504', 'K', 991.99, 7);
insert into Bilet (IdBilet, FK_Rachunek) values (351, 'drunxdstrplkdhu');
insert into Teatr_ma_Przedstawienie (FK_Teatr, FK_Przedstawienie, FK_Bilet) values (0, 'rtabtgayrsmmeqtqqtij', 351);
insert into Bilet (IdBilet, FK_Rachunek) values (352, 'drunxdstrplkdhu');
insert into Teatr_ma_Przedstawienie (FK_Teatr, FK_Przedstawienie, FK_Bilet) values (0, 'rtabtgayrsmmeqtqqtij', 352);
insert into Rachunek (NrRachunku, DataWystawienia, Stanowisko, Platnosc, Koszt, FK_Sprzedawca) values ('kshndonupfbvleu', '2016-09-24', '0924269', 'K', 50.74, 7);
insert into Bilet (IdBilet, FK_Rachunek) values (353, 'kshndonupfbvleu');
insert into Teatr_ma_Przedstawienie (FK_Teatr, FK_Przedstawienie, FK_Bilet) values (0, 'rtabtgayrsmmeqtqqtij', 353);
insert into Bilet (IdBilet, FK_Rachunek) values (354, 'kshndonupfbvleu');
insert into Teatr_ma_Przedstawienie (FK_Teatr, FK_Przedstawienie, FK_Bilet) values (0, 'rtabtgayrsmmeqtqqtij', 354);
insert into Rachunek (NrRachunku, DataWystawienia, Stanowisko, Platnosc, Koszt, FK_Sprzedawca) values ('npuecidvpelphpw', '2016-09-07', '0666444', 'G', 134.37, 7);
insert into Bilet (IdBilet, FK_Rachunek) values (355, 'npuecidvpelphpw');
insert into Teatr_ma_Przedstawienie (FK_Teatr, FK_Przedstawienie, FK_Bilet) values (0, 'rtabtgayrsmmeqtqqtij', 355);
insert into Rachunek (NrRachunku, DataWystawienia, Stanowisko, Platnosc, Koszt, FK_Sprzedawca) values ('haemdwskwlovfiw', '2016-09-29', '0134463', 'G', 1518.26, 7);
insert into Bilet (IdBilet, FK_Rachunek) values (356, 'haemdwskwlovfiw');
insert into Teatr_ma_Przedstawienie (FK_Teatr, FK_Przedstawienie, FK_Bilet) values (0, 'rtabtgayrsmmeqtqqtij', 356);
insert into Bilet (IdBilet, FK_Rachunek) values (357, 'haemdwskwlovfiw');
insert into Teatr_ma_Przedstawienie (FK_Teatr, FK_Przedstawienie, FK_Bilet) values (0, 'rtabtgayrsmmeqtqqtij', 357);
insert into Rachunek (NrRachunku, DataWystawienia, Stanowisko, Platnosc, Koszt, FK_Sprzedawca) values ('tscsdbmvnycuxjv', '2016-09-05', '0255774', 'G', 1405.09, 7);
insert into Bilet (IdBilet, FK_Rachunek) values (801, 'tscsdbmvnycuxjv');
insert into Teatr_ma_Przedstawienie (FK_Teatr, FK_Przedstawienie, FK_Bilet) values (0, 'rtabtgayrsmmeqtqqtij', 801);
insert into Bilet (IdBilet, FK_Rachunek) values (802, 'tscsdbmvnycuxjv');
insert into Teatr_ma_Przedstawienie (FK_Teatr, FK_Przedstawienie, FK_Bilet) values (0, 'rtabtgayrsmmeqtqqtij', 802);
insert into Rachunek (NrRachunku, DataWystawienia, Stanowisko, Platnosc, Koszt, FK_Sprzedawca) values ('ftaubifnnuitfgl', '2016-09-23', '0385724', 'K', 613.22, 7);
insert into Bilet (IdBilet, FK_Rachunek) values (803, 'ftaubifnnuitfgl');
insert into Teatr_ma_Przedstawienie (FK_Teatr, FK_Przedstawienie, FK_Bilet) values (0, 'rtabtgayrsmmeqtqqtij', 803);
insert into Bilet (IdBilet, FK_Rachunek) values (804, 'ftaubifnnuitfgl');
insert into Teatr_ma_Przedstawienie (FK_Teatr, FK_Przedstawienie, FK_Bilet) values (0, 'rtabtgayrsmmeqtqqtij', 804);
insert into Rachunek (NrRachunku, DataWystawienia, Stanowisko, Platnosc, Koszt, FK_Sprzedawca) values ('wwcfxwyrmyfwstq', '2016-09-07', '0489666', 'K', 390.31, 7);
insert into Bilet (IdBilet, FK_Rachunek) values (805, 'wwcfxwyrmyfwstq');
insert into Teatr_ma_Przedstawienie (FK_Teatr, FK_Przedstawienie, FK_Bilet) values (0, 'rtabtgayrsmmeqtqqtij', 805);
insert into Bilet (IdBilet, FK_Rachunek) values (806, 'wwcfxwyrmyfwstq');
insert into Teatr_ma_Przedstawienie (FK_Teatr, FK_Przedstawienie, FK_Bilet) values (0, 'rtabtgayrsmmeqtqqtij', 806);
insert into Rachunek (NrRachunku, DataWystawienia, Stanowisko, Platnosc, Koszt, FK_Sprzedawca) values ('ujbhqieluaoenxt', '2016-09-22', '0637369', 'G', 638.25, 7);
insert into Bilet (IdBilet, FK_Rachunek) values (807, 'ujbhqieluaoenxt');
insert into Teatr_ma_Przedstawienie (FK_Teatr, FK_Przedstawienie, FK_Bilet) values (0, 'rtabtgayrsmmeqtqqtij', 807);
insert into Rachunek (NrRachunku, DataWystawienia, Stanowisko, Platnosc, Koszt, FK_Sprzedawca) values ('ghpccesrkygcmuu', '2016-09-28', '0276029', 'K', 1245.97, 7);
insert into Bilet (IdBilet, FK_Rachunek) values (808, 'ghpccesrkygcmuu');
insert into Teatr_ma_Przedstawienie (FK_Teatr, FK_Przedstawienie, FK_Bilet) values (0, 'rtabtgayrsmmeqtqqtij', 808);
insert into Rachunek (NrRachunku, DataWystawienia, Stanowisko, Platnosc, Koszt, FK_Sprzedawca) values ('kmtvayswodrkhfj', '2016-09-30', '0577141', 'G', 955.00, 7);
insert into Bilet (IdBilet, FK_Rachunek) values (809, 'kmtvayswodrkhfj');
insert into Teatr_ma_Przedstawienie (FK_Teatr, FK_Przedstawienie, FK_Bilet) values (0, 'rtabtgayrsmmeqtqqtij', 809);
insert into Rachunek (NrRachunku, DataWystawienia, Stanowisko, Platnosc, Koszt, FK_Sprzedawca) values ('rktrsxhpqmcqqik', '2016-09-23', '0522492', 'G', 81.24, 7);
insert into Bilet (IdBilet, FK_Rachunek) values (810, 'rktrsxhpqmcqqik');
insert into Teatr_ma_Przedstawienie (FK_Teatr, FK_Przedstawienie, FK_Bilet) values (0, 'rtabtgayrsmmeqtqqtij', 810);
insert into Bilet (IdBilet, FK_Rachunek) values (811, 'rktrsxhpqmcqqik');
insert into Teatr_ma_Przedstawienie (FK_Teatr, FK_Przedstawienie, FK_Bilet) values (0, 'rtabtgayrsmmeqtqqtij', 811);
insert into Rachunek (NrRachunku, DataWystawienia, Stanowisko, Platnosc, Koszt, FK_Sprzedawca) values ('frqypckqwumkbyj', '2016-09-13', '0997069', 'G', 838.70, 7);
insert into Bilet (IdBilet, FK_Rachunek) values (812, 'frqypckqwumkbyj');
insert into Teatr_ma_Przedstawienie (FK_Teatr, FK_Przedstawienie, FK_Bilet) values (0, 'rtabtgayrsmmeqtqqtij', 812);
insert into Bilet (IdBilet, FK_Rachunek) values (813, 'frqypckqwumkbyj');
insert into Teatr_ma_Przedstawienie (FK_Teatr, FK_Przedstawienie, FK_Bilet) values (0, 'rtabtgayrsmmeqtqqtij', 813);
insert into Bilet (IdBilet, FK_Rachunek) values (814, 'frqypckqwumkbyj');
insert into Teatr_ma_Przedstawienie (FK_Teatr, FK_Przedstawienie, FK_Bilet) values (0, 'rtabtgayrsmmeqtqqtij', 814);
insert into Bilet (IdBilet, FK_Rachunek) values (815, 'frqypckqwumkbyj');
insert into Teatr_ma_Przedstawienie (FK_Teatr, FK_Przedstawienie, FK_Bilet) values (0, 'rtabtgayrsmmeqtqqtij', 815);
insert into Rachunek (NrRachunku, DataWystawienia, Stanowisko, Platnosc, Koszt, FK_Sprzedawca) values ('skmbguitcwcvcjx', '2016-09-22', '0993241', 'G', 23.12, 7);
insert into Bilet (IdBilet, FK_Rachunek) values (816, 'skmbguitcwcvcjx');
insert into Teatr_ma_Przedstawienie (FK_Teatr, FK_Przedstawienie, FK_Bilet) values (0, 'rtabtgayrsmmeqtqqtij', 816);
insert into Bilet (IdBilet, FK_Rachunek) values (817, 'skmbguitcwcvcjx');
insert into Teatr_ma_Przedstawienie (FK_Teatr, FK_Przedstawienie, FK_Bilet) values (0, 'rtabtgayrsmmeqtqqtij', 817);
insert into Bilet (IdBilet, FK_Rachunek) values (818, 'skmbguitcwcvcjx');
insert into Teatr_ma_Przedstawienie (FK_Teatr, FK_Przedstawienie, FK_Bilet) values (0, 'rtabtgayrsmmeqtqqtij', 818);
insert into Bilet (IdBilet, FK_Rachunek) values (819, 'skmbguitcwcvcjx');
insert into Teatr_ma_Przedstawienie (FK_Teatr, FK_Przedstawienie, FK_Bilet) values (0, 'rtabtgayrsmmeqtqqtij', 819);
insert into Rachunek (NrRachunku, DataWystawienia, Stanowisko, Platnosc, Koszt, FK_Sprzedawca) values ('qocakwdycglteyx', '2017-03-06', '0584772', 'G', 300.29, 7);
insert into Bilet (IdBilet, FK_Rachunek) values (1004, 'qocakwdycglteyx');
insert into Teatr_ma_Przedstawienie (FK_Teatr, FK_Przedstawienie, FK_Bilet) values (0, 'onrclfbdhytyuygssveo', 1004);
insert into Bilet (IdBilet, FK_Rachunek) values (1005, 'qocakwdycglteyx');
insert into Teatr_ma_Przedstawienie (FK_Teatr, FK_Przedstawienie, FK_Bilet) values (0, 'onrclfbdhytyuygssveo', 1005);
insert into Rachunek (NrRachunku, DataWystawienia, Stanowisko, Platnosc, Koszt, FK_Sprzedawca) values ('bitfubbmeerpqjf', '2017-03-18', '0347905', 'K', 1565.27, 7);
insert into Bilet (IdBilet, FK_Rachunek) values (1006, 'bitfubbmeerpqjf');
insert into Teatr_ma_Przedstawienie (FK_Teatr, FK_Przedstawienie, FK_Bilet) values (0, 'onrclfbdhytyuygssveo', 1006);
insert into Rachunek (NrRachunku, DataWystawienia, Stanowisko, Platnosc, Koszt, FK_Sprzedawca) values ('jagdhtciijbfwjc', '2017-03-11', '0392054', 'G', 1237.87, 7);
insert into Bilet (IdBilet, FK_Rachunek) values (1007, 'jagdhtciijbfwjc');
insert into Teatr_ma_Przedstawienie (FK_Teatr, FK_Przedstawienie, FK_Bilet) values (0, 'onrclfbdhytyuygssveo', 1007);
insert into Bilet (IdBilet, FK_Rachunek) values (1008, 'jagdhtciijbfwjc');
insert into Teatr_ma_Przedstawienie (FK_Teatr, FK_Przedstawienie, FK_Bilet) values (0, 'onrclfbdhytyuygssveo', 1008);
insert into Bilet (IdBilet, FK_Rachunek) values (1009, 'jagdhtciijbfwjc');
insert into Teatr_ma_Przedstawienie (FK_Teatr, FK_Przedstawienie, FK_Bilet) values (0, 'onrclfbdhytyuygssveo', 1009);
insert into Rachunek (NrRachunku, DataWystawienia, Stanowisko, Platnosc, Koszt, FK_Sprzedawca) values ('kwxyxpuiecocxvs', '2017-03-17', '0412238', 'G', 1225.57, 7);
insert into Bilet (IdBilet, FK_Rachunek) values (1010, 'kwxyxpuiecocxvs');
insert into Teatr_ma_Przedstawienie (FK_Teatr, FK_Przedstawienie, FK_Bilet) values (0, 'onrclfbdhytyuygssveo', 1010);
insert into Bilet (IdBilet, FK_Rachunek) values (1011, 'kwxyxpuiecocxvs');
insert into Teatr_ma_Przedstawienie (FK_Teatr, FK_Przedstawienie, FK_Bilet) values (0, 'onrclfbdhytyuygssveo', 1011);
insert into Bilet (IdBilet, FK_Rachunek) values (1012, 'kwxyxpuiecocxvs');
insert into Teatr_ma_Przedstawienie (FK_Teatr, FK_Przedstawienie, FK_Bilet) values (0, 'onrclfbdhytyuygssveo', 1012);
insert into Bilet (IdBilet, FK_Rachunek) values (1013, 'kwxyxpuiecocxvs');
insert into Teatr_ma_Przedstawienie (FK_Teatr, FK_Przedstawienie, FK_Bilet) values (0, 'onrclfbdhytyuygssveo', 1013);
insert into Rachunek (NrRachunku, DataWystawienia, Stanowisko, Platnosc, Koszt, FK_Sprzedawca) values ('gmpwvkmardxakvs', '2017-03-17', '0054397', 'K', 1229.54, 7);
insert into Bilet (IdBilet, FK_Rachunek) values (1014, 'gmpwvkmardxakvs');
insert into Teatr_ma_Przedstawienie (FK_Teatr, FK_Przedstawienie, FK_Bilet) values (0, 'onrclfbdhytyuygssveo', 1014);
insert into Bilet (IdBilet, FK_Rachunek) values (1015, 'gmpwvkmardxakvs');
insert into Teatr_ma_Przedstawienie (FK_Teatr, FK_Przedstawienie, FK_Bilet) values (0, 'onrclfbdhytyuygssveo', 1015);
insert into Bilet (IdBilet, FK_Rachunek) values (1016, 'gmpwvkmardxakvs');
insert into Teatr_ma_Przedstawienie (FK_Teatr, FK_Przedstawienie, FK_Bilet) values (0, 'onrclfbdhytyuygssveo', 1016);
insert into Bilet (IdBilet, FK_Rachunek) values (1017, 'gmpwvkmardxakvs');
insert into Teatr_ma_Przedstawienie (FK_Teatr, FK_Przedstawienie, FK_Bilet) values (0, 'onrclfbdhytyuygssveo', 1017);
insert into Rachunek (NrRachunku, DataWystawienia, Stanowisko, Platnosc, Koszt, FK_Sprzedawca) values ('vecbstrrlporcbr', '2017-03-13', '0139201', 'K', 590.32, 7);
insert into Bilet (IdBilet, FK_Rachunek) values (1018, 'vecbstrrlporcbr');
insert into Teatr_ma_Przedstawienie (FK_Teatr, FK_Przedstawienie, FK_Bilet) values (0, 'onrclfbdhytyuygssveo', 1018);
insert into Rachunek (NrRachunku, DataWystawienia, Stanowisko, Platnosc, Koszt, FK_Sprzedawca) values ('qdmpdopynqxvguy', '2017-02-28', '0994762', 'K', 308.94, 7);
insert into Bilet (IdBilet, FK_Rachunek) values (1019, 'qdmpdopynqxvguy');
insert into Teatr_ma_Przedstawienie (FK_Teatr, FK_Przedstawienie, FK_Bilet) values (0, 'onrclfbdhytyuygssveo', 1019);
insert into Bilet (IdBilet, FK_Rachunek) values (1020, 'qdmpdopynqxvguy');
insert into Teatr_ma_Przedstawienie (FK_Teatr, FK_Przedstawienie, FK_Bilet) values (0, 'onrclfbdhytyuygssveo', 1020);
insert into Bilet (IdBilet, FK_Rachunek) values (1021, 'qdmpdopynqxvguy');
insert into Teatr_ma_Przedstawienie (FK_Teatr, FK_Przedstawienie, FK_Bilet) values (0, 'onrclfbdhytyuygssveo', 1021);
insert into Rachunek (NrRachunku, DataWystawienia, Stanowisko, Platnosc, Koszt, FK_Sprzedawca) values ('pjmkgkyvcxnudhh', '2017-02-21', '0336828', 'G', 829.49, 7);
insert into Bilet (IdBilet, FK_Rachunek) values (1022, 'pjmkgkyvcxnudhh');
insert into Teatr_ma_Przedstawienie (FK_Teatr, FK_Przedstawienie, FK_Bilet) values (0, 'onrclfbdhytyuygssveo', 1022);
insert into Rachunek (NrRachunku, DataWystawienia, Stanowisko, Platnosc, Koszt, FK_Sprzedawca) values ('xwhqswkwhnfskgp', '2016-12-16', '0486771', 'K', 806.78, 7);
insert into Bilet (IdBilet, FK_Rachunek) values (1203, 'xwhqswkwhnfskgp');
insert into Teatr_ma_Przedstawienie (FK_Teatr, FK_Przedstawienie, FK_Bilet) values (0, 'jpnhqtkfyibunvtgkyxe', 1203);
insert into Bilet (IdBilet, FK_Rachunek) values (1204, 'xwhqswkwhnfskgp');
insert into Teatr_ma_Przedstawienie (FK_Teatr, FK_Przedstawienie, FK_Bilet) values (0, 'jpnhqtkfyibunvtgkyxe', 1204);
insert into Bilet (IdBilet, FK_Rachunek) values (1205, 'xwhqswkwhnfskgp');
insert into Teatr_ma_Przedstawienie (FK_Teatr, FK_Przedstawienie, FK_Bilet) values (0, 'jpnhqtkfyibunvtgkyxe', 1205);
insert into Rachunek (NrRachunku, DataWystawienia, Stanowisko, Platnosc, Koszt, FK_Sprzedawca) values ('psotqmfettngtyx', '2016-12-23', '0281709', 'G', 42.17, 7);
insert into Bilet (IdBilet, FK_Rachunek) values (1206, 'psotqmfettngtyx');
insert into Teatr_ma_Przedstawienie (FK_Teatr, FK_Przedstawienie, FK_Bilet) values (0, 'jpnhqtkfyibunvtgkyxe', 1206);
insert into Bilet (IdBilet, FK_Rachunek) values (1207, 'psotqmfettngtyx');
insert into Teatr_ma_Przedstawienie (FK_Teatr, FK_Przedstawienie, FK_Bilet) values (0, 'jpnhqtkfyibunvtgkyxe', 1207);
insert into Rachunek (NrRachunku, DataWystawienia, Stanowisko, Platnosc, Koszt, FK_Sprzedawca) values ('dcfaldmijdhhexm', '2016-12-28', '0523517', 'G', 1289.09, 7);
insert into Bilet (IdBilet, FK_Rachunek) values (1208, 'dcfaldmijdhhexm');
insert into Teatr_ma_Przedstawienie (FK_Teatr, FK_Przedstawienie, FK_Bilet) values (0, 'jpnhqtkfyibunvtgkyxe', 1208);
insert into Rachunek (NrRachunku, DataWystawienia, Stanowisko, Platnosc, Koszt, FK_Sprzedawca) values ('knpdklykxprsnve', '2016-12-22', '0718598', 'K', 1216.21, 7);
insert into Bilet (IdBilet, FK_Rachunek) values (1209, 'knpdklykxprsnve');
insert into Teatr_ma_Przedstawienie (FK_Teatr, FK_Przedstawienie, FK_Bilet) values (0, 'jpnhqtkfyibunvtgkyxe', 1209);
insert into Bilet (IdBilet, FK_Rachunek) values (1210, 'knpdklykxprsnve');
insert into Teatr_ma_Przedstawienie (FK_Teatr, FK_Przedstawienie, FK_Bilet) values (0, 'jpnhqtkfyibunvtgkyxe', 1210);
insert into Bilet (IdBilet, FK_Rachunek) values (1211, 'knpdklykxprsnve');
insert into Teatr_ma_Przedstawienie (FK_Teatr, FK_Przedstawienie, FK_Bilet) values (0, 'jpnhqtkfyibunvtgkyxe', 1211);
insert into Bilet (IdBilet, FK_Rachunek) values (1212, 'knpdklykxprsnve');
insert into Teatr_ma_Przedstawienie (FK_Teatr, FK_Przedstawienie, FK_Bilet) values (0, 'jpnhqtkfyibunvtgkyxe', 1212);
insert into Rachunek (NrRachunku, DataWystawienia, Stanowisko, Platnosc, Koszt, FK_Sprzedawca) values ('ppwijdmjumdkepj', '2017-01-08', '0991309', 'K', 1498.82, 7);
insert into Bilet (IdBilet, FK_Rachunek) values (1213, 'ppwijdmjumdkepj');
insert into Teatr_ma_Przedstawienie (FK_Teatr, FK_Przedstawienie, FK_Bilet) values (0, 'jpnhqtkfyibunvtgkyxe', 1213);
insert into Bilet (IdBilet, FK_Rachunek) values (1214, 'ppwijdmjumdkepj');
insert into Teatr_ma_Przedstawienie (FK_Teatr, FK_Przedstawienie, FK_Bilet) values (0, 'jpnhqtkfyibunvtgkyxe', 1214);
insert into Bilet (IdBilet, FK_Rachunek) values (1215, 'ppwijdmjumdkepj');
insert into Teatr_ma_Przedstawienie (FK_Teatr, FK_Przedstawienie, FK_Bilet) values (0, 'jpnhqtkfyibunvtgkyxe', 1215);
insert into Bilet (IdBilet, FK_Rachunek) values (1216, 'ppwijdmjumdkepj');
insert into Teatr_ma_Przedstawienie (FK_Teatr, FK_Przedstawienie, FK_Bilet) values (0, 'jpnhqtkfyibunvtgkyxe', 1216);
insert into Rachunek (NrRachunku, DataWystawienia, Stanowisko, Platnosc, Koszt, FK_Sprzedawca) values ('fafhjyqpomdrgjs', '2016-12-31', '0214275', 'K', 1636.77, 7);
insert into Bilet (IdBilet, FK_Rachunek) values (1217, 'fafhjyqpomdrgjs');
insert into Teatr_ma_Przedstawienie (FK_Teatr, FK_Przedstawienie, FK_Bilet) values (0, 'jpnhqtkfyibunvtgkyxe', 1217);
insert into Bilet (IdBilet, FK_Rachunek) values (1218, 'fafhjyqpomdrgjs');
insert into Teatr_ma_Przedstawienie (FK_Teatr, FK_Przedstawienie, FK_Bilet) values (0, 'jpnhqtkfyibunvtgkyxe', 1218);
insert into Rachunek (NrRachunku, DataWystawienia, Stanowisko, Platnosc, Koszt, FK_Sprzedawca) values ('kymfnqjvnjwdtqh', '2016-12-31', '0670498', 'K', 238.37, 7);
insert into Bilet (IdBilet, FK_Rachunek) values (1219, 'kymfnqjvnjwdtqh');
insert into Teatr_ma_Przedstawienie (FK_Teatr, FK_Przedstawienie, FK_Bilet) values (0, 'jpnhqtkfyibunvtgkyxe', 1219);
insert into Bilet (IdBilet, FK_Rachunek) values (1220, 'kymfnqjvnjwdtqh');
insert into Teatr_ma_Przedstawienie (FK_Teatr, FK_Przedstawienie, FK_Bilet) values (0, 'jpnhqtkfyibunvtgkyxe', 1220);
insert into Rachunek (NrRachunku, DataWystawienia, Stanowisko, Platnosc, Koszt, FK_Sprzedawca) values ('atuokqmflfyahuf', '2017-01-06', '0458687', 'G', 1473.43, 7);
insert into Bilet (IdBilet, FK_Rachunek) values (1221, 'atuokqmflfyahuf');
insert into Teatr_ma_Przedstawienie (FK_Teatr, FK_Przedstawienie, FK_Bilet) values (0, 'jpnhqtkfyibunvtgkyxe', 1221);
insert into Sprzedawca (IDSprzedawca, Imie, Nazwisko) values (8, 'Sal', 'Bronson');
insert into Rachunek (NrRachunku, DataWystawienia, Stanowisko, Platnosc, Koszt, FK_Sprzedawca) values ('rnruvjbnauckwuv', '2016-12-18', '0697521', 'G', 473.99, 8);
insert into Bilet (IdBilet, FK_Rachunek) values (156, 'rnruvjbnauckwuv');
insert into Teatr_ma_Przedstawienie (FK_Teatr, FK_Przedstawienie, FK_Bilet) values (0, 'ygcssravfagxgfnsavdc', 156);
insert into Bilet (IdBilet, FK_Rachunek) values (157, 'rnruvjbnauckwuv');
insert into Teatr_ma_Przedstawienie (FK_Teatr, FK_Przedstawienie, FK_Bilet) values (0, 'ygcssravfagxgfnsavdc', 157);
insert into Bilet (IdBilet, FK_Rachunek) values (158, 'rnruvjbnauckwuv');
insert into Teatr_ma_Przedstawienie (FK_Teatr, FK_Przedstawienie, FK_Bilet) values (0, 'ygcssravfagxgfnsavdc', 158);
insert into Bilet (IdBilet, FK_Rachunek) values (159, 'rnruvjbnauckwuv');
insert into Teatr_ma_Przedstawienie (FK_Teatr, FK_Przedstawienie, FK_Bilet) values (0, 'ygcssravfagxgfnsavdc', 159);
insert into Rachunek (NrRachunku, DataWystawienia, Stanowisko, Platnosc, Koszt, FK_Sprzedawca) values ('dxskbjcmkqjcpjn', '2016-12-20', '0723293', 'K', 279.18, 8);
insert into Bilet (IdBilet, FK_Rachunek) values (160, 'dxskbjcmkqjcpjn');
insert into Teatr_ma_Przedstawienie (FK_Teatr, FK_Przedstawienie, FK_Bilet) values (0, 'ygcssravfagxgfnsavdc', 160);
insert into Bilet (IdBilet, FK_Rachunek) values (161, 'dxskbjcmkqjcpjn');
insert into Teatr_ma_Przedstawienie (FK_Teatr, FK_Przedstawienie, FK_Bilet) values (0, 'ygcssravfagxgfnsavdc', 161);
insert into Bilet (IdBilet, FK_Rachunek) values (162, 'dxskbjcmkqjcpjn');
insert into Teatr_ma_Przedstawienie (FK_Teatr, FK_Przedstawienie, FK_Bilet) values (0, 'ygcssravfagxgfnsavdc', 162);
insert into Bilet (IdBilet, FK_Rachunek) values (163, 'dxskbjcmkqjcpjn');
insert into Teatr_ma_Przedstawienie (FK_Teatr, FK_Przedstawienie, FK_Bilet) values (0, 'ygcssravfagxgfnsavdc', 163);
insert into Rachunek (NrRachunku, DataWystawienia, Stanowisko, Platnosc, Koszt, FK_Sprzedawca) values ('abatowimucutrrd', '2016-11-28', '0324367', 'K', 311.31, 8);
insert into Bilet (IdBilet, FK_Rachunek) values (164, 'abatowimucutrrd');
insert into Teatr_ma_Przedstawienie (FK_Teatr, FK_Przedstawienie, FK_Bilet) values (0, 'ygcssravfagxgfnsavdc', 164);
insert into Rachunek (NrRachunku, DataWystawienia, Stanowisko, Platnosc, Koszt, FK_Sprzedawca) values ('wkqonlgewnpahel', '2016-12-13', '0323347', 'K', 793.45, 8);
insert into Bilet (IdBilet, FK_Rachunek) values (165, 'wkqonlgewnpahel');
insert into Teatr_ma_Przedstawienie (FK_Teatr, FK_Przedstawienie, FK_Bilet) values (0, 'ygcssravfagxgfnsavdc', 165);
insert into Rachunek (NrRachunku, DataWystawienia, Stanowisko, Platnosc, Koszt, FK_Sprzedawca) values ('gkdltakcfytkxig', '2016-12-16', '0518204', 'K', 946.82, 8);
insert into Bilet (IdBilet, FK_Rachunek) values (166, 'gkdltakcfytkxig');
insert into Teatr_ma_Przedstawienie (FK_Teatr, FK_Przedstawienie, FK_Bilet) values (0, 'ygcssravfagxgfnsavdc', 166);
insert into Bilet (IdBilet, FK_Rachunek) values (167, 'gkdltakcfytkxig');
insert into Teatr_ma_Przedstawienie (FK_Teatr, FK_Przedstawienie, FK_Bilet) values (0, 'ygcssravfagxgfnsavdc', 167);
insert into Bilet (IdBilet, FK_Rachunek) values (168, 'gkdltakcfytkxig');
insert into Teatr_ma_Przedstawienie (FK_Teatr, FK_Przedstawienie, FK_Bilet) values (0, 'ygcssravfagxgfnsavdc', 168);
insert into Rachunek (NrRachunku, DataWystawienia, Stanowisko, Platnosc, Koszt, FK_Sprzedawca) values ('pjthsxkbvcsvcgy', '2016-12-19', '0353719', 'K', 1709.49, 8);
insert into Bilet (IdBilet, FK_Rachunek) values (169, 'pjthsxkbvcsvcgy');
insert into Teatr_ma_Przedstawienie (FK_Teatr, FK_Przedstawienie, FK_Bilet) values (0, 'ygcssravfagxgfnsavdc', 169);
insert into Bilet (IdBilet, FK_Rachunek) values (170, 'pjthsxkbvcsvcgy');
insert into Teatr_ma_Przedstawienie (FK_Teatr, FK_Przedstawienie, FK_Bilet) values (0, 'ygcssravfagxgfnsavdc', 170);
insert into Bilet (IdBilet, FK_Rachunek) values (171, 'pjthsxkbvcsvcgy');
insert into Teatr_ma_Przedstawienie (FK_Teatr, FK_Przedstawienie, FK_Bilet) values (0, 'ygcssravfagxgfnsavdc', 171);
insert into Bilet (IdBilet, FK_Rachunek) values (172, 'pjthsxkbvcsvcgy');
insert into Teatr_ma_Przedstawienie (FK_Teatr, FK_Przedstawienie, FK_Bilet) values (0, 'ygcssravfagxgfnsavdc', 172);
insert into Rachunek (NrRachunku, DataWystawienia, Stanowisko, Platnosc, Koszt, FK_Sprzedawca) values ('vbiivjqfwclilos', '2016-12-04', '0243307', 'K', 704.23, 8);
insert into Bilet (IdBilet, FK_Rachunek) values (173, 'vbiivjqfwclilos');
insert into Teatr_ma_Przedstawienie (FK_Teatr, FK_Przedstawienie, FK_Bilet) values (0, 'ygcssravfagxgfnsavdc', 173);
insert into Rachunek (NrRachunku, DataWystawienia, Stanowisko, Platnosc, Koszt, FK_Sprzedawca) values ('bivpwgfaknujgja', '2016-12-05', '0590580', 'K', 844.39, 8);
insert into Bilet (IdBilet, FK_Rachunek) values (174, 'bivpwgfaknujgja');
insert into Teatr_ma_Przedstawienie (FK_Teatr, FK_Przedstawienie, FK_Bilet) values (0, 'ygcssravfagxgfnsavdc', 174);
insert into Bilet (IdBilet, FK_Rachunek) values (175, 'bivpwgfaknujgja');
insert into Teatr_ma_Przedstawienie (FK_Teatr, FK_Przedstawienie, FK_Bilet) values (0, 'ygcssravfagxgfnsavdc', 175);
insert into Bilet (IdBilet, FK_Rachunek) values (176, 'bivpwgfaknujgja');
insert into Teatr_ma_Przedstawienie (FK_Teatr, FK_Przedstawienie, FK_Bilet) values (0, 'ygcssravfagxgfnsavdc', 176);
insert into Rachunek (NrRachunku, DataWystawienia, Stanowisko, Platnosc, Koszt, FK_Sprzedawca) values ('hgowbupyfmhvqjr', '2016-09-05', '0475561', 'K', 326.18, 8);
insert into Bilet (IdBilet, FK_Rachunek) values (358, 'hgowbupyfmhvqjr');
insert into Teatr_ma_Przedstawienie (FK_Teatr, FK_Przedstawienie, FK_Bilet) values (0, 'rtabtgayrsmmeqtqqtij', 358);
insert into Bilet (IdBilet, FK_Rachunek) values (359, 'hgowbupyfmhvqjr');
insert into Teatr_ma_Przedstawienie (FK_Teatr, FK_Przedstawienie, FK_Bilet) values (0, 'rtabtgayrsmmeqtqqtij', 359);
insert into Bilet (IdBilet, FK_Rachunek) values (360, 'hgowbupyfmhvqjr');
insert into Teatr_ma_Przedstawienie (FK_Teatr, FK_Przedstawienie, FK_Bilet) values (0, 'rtabtgayrsmmeqtqqtij', 360);
insert into Rachunek (NrRachunku, DataWystawienia, Stanowisko, Platnosc, Koszt, FK_Sprzedawca) values ('xgerwbrybwtfwrm', '2016-09-25', '0316663', 'K', 1460.40, 8);
insert into Bilet (IdBilet, FK_Rachunek) values (361, 'xgerwbrybwtfwrm');
insert into Teatr_ma_Przedstawienie (FK_Teatr, FK_Przedstawienie, FK_Bilet) values (0, 'rtabtgayrsmmeqtqqtij', 361);
insert into Bilet (IdBilet, FK_Rachunek) values (362, 'xgerwbrybwtfwrm');
insert into Teatr_ma_Przedstawienie (FK_Teatr, FK_Przedstawienie, FK_Bilet) values (0, 'rtabtgayrsmmeqtqqtij', 362);
insert into Rachunek (NrRachunku, DataWystawienia, Stanowisko, Platnosc, Koszt, FK_Sprzedawca) values ('lwnswebjncqaxyv', '2016-10-01', '0271128', 'K', 1044.45, 8);
insert into Bilet (IdBilet, FK_Rachunek) values (363, 'lwnswebjncqaxyv');
insert into Teatr_ma_Przedstawienie (FK_Teatr, FK_Przedstawienie, FK_Bilet) values (0, 'rtabtgayrsmmeqtqqtij', 363);
insert into Bilet (IdBilet, FK_Rachunek) values (364, 'lwnswebjncqaxyv');
insert into Teatr_ma_Przedstawienie (FK_Teatr, FK_Przedstawienie, FK_Bilet) values (0, 'rtabtgayrsmmeqtqqtij', 364);
insert into Rachunek (NrRachunku, DataWystawienia, Stanowisko, Platnosc, Koszt, FK_Sprzedawca) values ('acafmiqmkvphnah', '2016-09-18', '0421736', 'K', 823.70, 8);
insert into Bilet (IdBilet, FK_Rachunek) values (365, 'acafmiqmkvphnah');
insert into Teatr_ma_Przedstawienie (FK_Teatr, FK_Przedstawienie, FK_Bilet) values (0, 'rtabtgayrsmmeqtqqtij', 365);
insert into Bilet (IdBilet, FK_Rachunek) values (366, 'acafmiqmkvphnah');
insert into Teatr_ma_Przedstawienie (FK_Teatr, FK_Przedstawienie, FK_Bilet) values (0, 'rtabtgayrsmmeqtqqtij', 366);
insert into Rachunek (NrRachunku, DataWystawienia, Stanowisko, Platnosc, Koszt, FK_Sprzedawca) values ('pshrajixlmwvqog', '2016-09-06', '0061931', 'G', 466.60, 8);
insert into Bilet (IdBilet, FK_Rachunek) values (367, 'pshrajixlmwvqog');
insert into Teatr_ma_Przedstawienie (FK_Teatr, FK_Przedstawienie, FK_Bilet) values (0, 'rtabtgayrsmmeqtqqtij', 367);
insert into Rachunek (NrRachunku, DataWystawienia, Stanowisko, Platnosc, Koszt, FK_Sprzedawca) values ('asyevreqeeukdvh', '2016-09-19', '0798209', 'G', 1004.53, 8);
insert into Bilet (IdBilet, FK_Rachunek) values (368, 'asyevreqeeukdvh');
insert into Teatr_ma_Przedstawienie (FK_Teatr, FK_Przedstawienie, FK_Bilet) values (0, 'rtabtgayrsmmeqtqqtij', 368);
insert into Bilet (IdBilet, FK_Rachunek) values (369, 'asyevreqeeukdvh');
insert into Teatr_ma_Przedstawienie (FK_Teatr, FK_Przedstawienie, FK_Bilet) values (0, 'rtabtgayrsmmeqtqqtij', 369);
insert into Bilet (IdBilet, FK_Rachunek) values (370, 'asyevreqeeukdvh');
insert into Teatr_ma_Przedstawienie (FK_Teatr, FK_Przedstawienie, FK_Bilet) values (0, 'rtabtgayrsmmeqtqqtij', 370);
insert into Bilet (IdBilet, FK_Rachunek) values (371, 'asyevreqeeukdvh');
insert into Teatr_ma_Przedstawienie (FK_Teatr, FK_Przedstawienie, FK_Bilet) values (0, 'rtabtgayrsmmeqtqqtij', 371);
insert into Rachunek (NrRachunku, DataWystawienia, Stanowisko, Platnosc, Koszt, FK_Sprzedawca) values ('wnjgmxsfxmrdosp', '2016-09-27', '0254045', 'K', 612.52, 8);
insert into Bilet (IdBilet, FK_Rachunek) values (372, 'wnjgmxsfxmrdosp');
insert into Teatr_ma_Przedstawienie (FK_Teatr, FK_Przedstawienie, FK_Bilet) values (0, 'rtabtgayrsmmeqtqqtij', 372);
insert into Bilet (IdBilet, FK_Rachunek) values (373, 'wnjgmxsfxmrdosp');
insert into Teatr_ma_Przedstawienie (FK_Teatr, FK_Przedstawienie, FK_Bilet) values (0, 'rtabtgayrsmmeqtqqtij', 373);
insert into Bilet (IdBilet, FK_Rachunek) values (374, 'wnjgmxsfxmrdosp');
insert into Teatr_ma_Przedstawienie (FK_Teatr, FK_Przedstawienie, FK_Bilet) values (0, 'rtabtgayrsmmeqtqqtij', 374);
insert into Rachunek (NrRachunku, DataWystawienia, Stanowisko, Platnosc, Koszt, FK_Sprzedawca) values ('lawduvhidpkbcnf', '2016-09-25', '0627796', 'K', 252.83, 8);
insert into Bilet (IdBilet, FK_Rachunek) values (375, 'lawduvhidpkbcnf');
insert into Teatr_ma_Przedstawienie (FK_Teatr, FK_Przedstawienie, FK_Bilet) values (0, 'rtabtgayrsmmeqtqqtij', 375);
insert into Bilet (IdBilet, FK_Rachunek) values (376, 'lawduvhidpkbcnf');
insert into Teatr_ma_Przedstawienie (FK_Teatr, FK_Przedstawienie, FK_Bilet) values (0, 'rtabtgayrsmmeqtqqtij', 376);
insert into Bilet (IdBilet, FK_Rachunek) values (377, 'lawduvhidpkbcnf');
insert into Teatr_ma_Przedstawienie (FK_Teatr, FK_Przedstawienie, FK_Bilet) values (0, 'rtabtgayrsmmeqtqqtij', 377);
insert into Rachunek (NrRachunku, DataWystawienia, Stanowisko, Platnosc, Koszt, FK_Sprzedawca) values ('hcndwathohhsvwf', '2016-09-13', '0795523', 'G', 1713.30, 8);
insert into Bilet (IdBilet, FK_Rachunek) values (820, 'hcndwathohhsvwf');
insert into Teatr_ma_Przedstawienie (FK_Teatr, FK_Przedstawienie, FK_Bilet) values (0, 'rtabtgayrsmmeqtqqtij', 820);
insert into Bilet (IdBilet, FK_Rachunek) values (821, 'hcndwathohhsvwf');
insert into Teatr_ma_Przedstawienie (FK_Teatr, FK_Przedstawienie, FK_Bilet) values (0, 'rtabtgayrsmmeqtqqtij', 821);
insert into Rachunek (NrRachunku, DataWystawienia, Stanowisko, Platnosc, Koszt, FK_Sprzedawca) values ('mgqgtqepcowwnbm', '2016-09-05', '0678732', 'K', 1420.25, 8);
insert into Bilet (IdBilet, FK_Rachunek) values (822, 'mgqgtqepcowwnbm');
insert into Teatr_ma_Przedstawienie (FK_Teatr, FK_Przedstawienie, FK_Bilet) values (0, 'rtabtgayrsmmeqtqqtij', 822);
insert into Bilet (IdBilet, FK_Rachunek) values (823, 'mgqgtqepcowwnbm');
insert into Teatr_ma_Przedstawienie (FK_Teatr, FK_Przedstawienie, FK_Bilet) values (0, 'rtabtgayrsmmeqtqqtij', 823);
insert into Bilet (IdBilet, FK_Rachunek) values (824, 'mgqgtqepcowwnbm');
insert into Teatr_ma_Przedstawienie (FK_Teatr, FK_Przedstawienie, FK_Bilet) values (0, 'rtabtgayrsmmeqtqqtij', 824);
insert into Rachunek (NrRachunku, DataWystawienia, Stanowisko, Platnosc, Koszt, FK_Sprzedawca) values ('fhhxnkwwbjxcwsx', '2016-09-26', '0885947', 'K', 1417.97, 8);
insert into Bilet (IdBilet, FK_Rachunek) values (825, 'fhhxnkwwbjxcwsx');
insert into Teatr_ma_Przedstawienie (FK_Teatr, FK_Przedstawienie, FK_Bilet) values (0, 'rtabtgayrsmmeqtqqtij', 825);
insert into Bilet (IdBilet, FK_Rachunek) values (826, 'fhhxnkwwbjxcwsx');
insert into Teatr_ma_Przedstawienie (FK_Teatr, FK_Przedstawienie, FK_Bilet) values (0, 'rtabtgayrsmmeqtqqtij', 826);
insert into Bilet (IdBilet, FK_Rachunek) values (827, 'fhhxnkwwbjxcwsx');
insert into Teatr_ma_Przedstawienie (FK_Teatr, FK_Przedstawienie, FK_Bilet) values (0, 'rtabtgayrsmmeqtqqtij', 827);
insert into Bilet (IdBilet, FK_Rachunek) values (828, 'fhhxnkwwbjxcwsx');
insert into Teatr_ma_Przedstawienie (FK_Teatr, FK_Przedstawienie, FK_Bilet) values (0, 'rtabtgayrsmmeqtqqtij', 828);
insert into Rachunek (NrRachunku, DataWystawienia, Stanowisko, Platnosc, Koszt, FK_Sprzedawca) values ('clwvkvfuohdmkoy', '2016-09-19', '0738513', 'K', 70.52, 8);
insert into Bilet (IdBilet, FK_Rachunek) values (829, 'clwvkvfuohdmkoy');
insert into Teatr_ma_Przedstawienie (FK_Teatr, FK_Przedstawienie, FK_Bilet) values (0, 'rtabtgayrsmmeqtqqtij', 829);
insert into Rachunek (NrRachunku, DataWystawienia, Stanowisko, Platnosc, Koszt, FK_Sprzedawca) values ('cfgbcykwjupiowv', '2016-09-21', '0531859', 'K', 1664.50, 8);
insert into Bilet (IdBilet, FK_Rachunek) values (830, 'cfgbcykwjupiowv');
insert into Teatr_ma_Przedstawienie (FK_Teatr, FK_Przedstawienie, FK_Bilet) values (0, 'rtabtgayrsmmeqtqqtij', 830);
insert into Bilet (IdBilet, FK_Rachunek) values (831, 'cfgbcykwjupiowv');
insert into Teatr_ma_Przedstawienie (FK_Teatr, FK_Przedstawienie, FK_Bilet) values (0, 'rtabtgayrsmmeqtqqtij', 831);
insert into Bilet (IdBilet, FK_Rachunek) values (832, 'cfgbcykwjupiowv');
insert into Teatr_ma_Przedstawienie (FK_Teatr, FK_Przedstawienie, FK_Bilet) values (0, 'rtabtgayrsmmeqtqqtij', 832);
insert into Rachunek (NrRachunku, DataWystawienia, Stanowisko, Platnosc, Koszt, FK_Sprzedawca) values ('ngvdmlarqqylsqk', '2016-09-06', '0606854', 'G', 1685.43, 8);
insert into Bilet (IdBilet, FK_Rachunek) values (833, 'ngvdmlarqqylsqk');
insert into Teatr_ma_Przedstawienie (FK_Teatr, FK_Przedstawienie, FK_Bilet) values (0, 'rtabtgayrsmmeqtqqtij', 833);
insert into Rachunek (NrRachunku, DataWystawienia, Stanowisko, Platnosc, Koszt, FK_Sprzedawca) values ('wlibhrvvqyqnmau', '2016-09-11', '0513826', 'G', 633.67, 8);
insert into Bilet (IdBilet, FK_Rachunek) values (834, 'wlibhrvvqyqnmau');
insert into Teatr_ma_Przedstawienie (FK_Teatr, FK_Przedstawienie, FK_Bilet) values (0, 'rtabtgayrsmmeqtqqtij', 834);
insert into Rachunek (NrRachunku, DataWystawienia, Stanowisko, Platnosc, Koszt, FK_Sprzedawca) values ('mqxssvqhbnbnpjc', '2016-09-05', '0321186', 'G', 389.53, 8);
insert into Bilet (IdBilet, FK_Rachunek) values (835, 'mqxssvqhbnbnpjc');
insert into Teatr_ma_Przedstawienie (FK_Teatr, FK_Przedstawienie, FK_Bilet) values (0, 'rtabtgayrsmmeqtqqtij', 835);
insert into Rachunek (NrRachunku, DataWystawienia, Stanowisko, Platnosc, Koszt, FK_Sprzedawca) values ('nrgyxdampdrjfeu', '2016-09-20', '0089382', 'K', 713.02, 8);
insert into Bilet (IdBilet, FK_Rachunek) values (836, 'nrgyxdampdrjfeu');
insert into Teatr_ma_Przedstawienie (FK_Teatr, FK_Przedstawienie, FK_Bilet) values (0, 'rtabtgayrsmmeqtqqtij', 836);
insert into Bilet (IdBilet, FK_Rachunek) values (837, 'nrgyxdampdrjfeu');
insert into Teatr_ma_Przedstawienie (FK_Teatr, FK_Przedstawienie, FK_Bilet) values (0, 'rtabtgayrsmmeqtqqtij', 837);
insert into Rachunek (NrRachunku, DataWystawienia, Stanowisko, Platnosc, Koszt, FK_Sprzedawca) values ('wnruehnywngegmf', '2016-09-08', '0000499', 'G', 900.37, 8);
insert into Bilet (IdBilet, FK_Rachunek) values (838, 'wnruehnywngegmf');
insert into Teatr_ma_Przedstawienie (FK_Teatr, FK_Przedstawienie, FK_Bilet) values (0, 'rtabtgayrsmmeqtqqtij', 838);
insert into Rachunek (NrRachunku, DataWystawienia, Stanowisko, Platnosc, Koszt, FK_Sprzedawca) values ('skyyltnurefeoju', '2017-03-20', '0284924', 'K', 640.44, 8);
insert into Bilet (IdBilet, FK_Rachunek) values (1023, 'skyyltnurefeoju');
insert into Teatr_ma_Przedstawienie (FK_Teatr, FK_Przedstawienie, FK_Bilet) values (0, 'onrclfbdhytyuygssveo', 1023);
insert into Bilet (IdBilet, FK_Rachunek) values (1024, 'skyyltnurefeoju');
insert into Teatr_ma_Przedstawienie (FK_Teatr, FK_Przedstawienie, FK_Bilet) values (0, 'onrclfbdhytyuygssveo', 1024);
insert into Rachunek (NrRachunku, DataWystawienia, Stanowisko, Platnosc, Koszt, FK_Sprzedawca) values ('wlvlyffquhrhjqo', '2017-03-16', '0708898', 'K', 1648.19, 8);
insert into Bilet (IdBilet, FK_Rachunek) values (1025, 'wlvlyffquhrhjqo');
insert into Teatr_ma_Przedstawienie (FK_Teatr, FK_Przedstawienie, FK_Bilet) values (0, 'onrclfbdhytyuygssveo', 1025);
insert into Rachunek (NrRachunku, DataWystawienia, Stanowisko, Platnosc, Koszt, FK_Sprzedawca) values ('tmrgxnwgifcotga', '2017-03-19', '0672168', 'G', 647.32, 8);
insert into Bilet (IdBilet, FK_Rachunek) values (1026, 'tmrgxnwgifcotga');
insert into Teatr_ma_Przedstawienie (FK_Teatr, FK_Przedstawienie, FK_Bilet) values (0, 'onrclfbdhytyuygssveo', 1026);
insert into Rachunek (NrRachunku, DataWystawienia, Stanowisko, Platnosc, Koszt, FK_Sprzedawca) values ('fkmhacxqhbnsdqt', '2017-02-24', '0834631', 'K', 764.77, 8);
insert into Bilet (IdBilet, FK_Rachunek) values (1027, 'fkmhacxqhbnsdqt');
insert into Teatr_ma_Przedstawienie (FK_Teatr, FK_Przedstawienie, FK_Bilet) values (0, 'onrclfbdhytyuygssveo', 1027);
insert into Bilet (IdBilet, FK_Rachunek) values (1028, 'fkmhacxqhbnsdqt');
insert into Teatr_ma_Przedstawienie (FK_Teatr, FK_Przedstawienie, FK_Bilet) values (0, 'onrclfbdhytyuygssveo', 1028);
insert into Bilet (IdBilet, FK_Rachunek) values (1029, 'fkmhacxqhbnsdqt');
insert into Teatr_ma_Przedstawienie (FK_Teatr, FK_Przedstawienie, FK_Bilet) values (0, 'onrclfbdhytyuygssveo', 1029);
insert into Rachunek (NrRachunku, DataWystawienia, Stanowisko, Platnosc, Koszt, FK_Sprzedawca) values ('mdddkslilhaengw', '2017-02-26', '0403842', 'G', 883.50, 8);
insert into Bilet (IdBilet, FK_Rachunek) values (1030, 'mdddkslilhaengw');
insert into Teatr_ma_Przedstawienie (FK_Teatr, FK_Przedstawienie, FK_Bilet) values (0, 'onrclfbdhytyuygssveo', 1030);
insert into Bilet (IdBilet, FK_Rachunek) values (1031, 'mdddkslilhaengw');
insert into Teatr_ma_Przedstawienie (FK_Teatr, FK_Przedstawienie, FK_Bilet) values (0, 'onrclfbdhytyuygssveo', 1031);
insert into Bilet (IdBilet, FK_Rachunek) values (1032, 'mdddkslilhaengw');
insert into Teatr_ma_Przedstawienie (FK_Teatr, FK_Przedstawienie, FK_Bilet) values (0, 'onrclfbdhytyuygssveo', 1032);
insert into Bilet (IdBilet, FK_Rachunek) values (1033, 'mdddkslilhaengw');
insert into Teatr_ma_Przedstawienie (FK_Teatr, FK_Przedstawienie, FK_Bilet) values (0, 'onrclfbdhytyuygssveo', 1033);
insert into Rachunek (NrRachunku, DataWystawienia, Stanowisko, Platnosc, Koszt, FK_Sprzedawca) values ('qlktcgtbqmuukek', '2017-03-18', '0855662', 'K', 603.80, 8);
insert into Bilet (IdBilet, FK_Rachunek) values (1034, 'qlktcgtbqmuukek');
insert into Teatr_ma_Przedstawienie (FK_Teatr, FK_Przedstawienie, FK_Bilet) values (0, 'onrclfbdhytyuygssveo', 1034);
insert into Bilet (IdBilet, FK_Rachunek) values (1035, 'qlktcgtbqmuukek');
insert into Teatr_ma_Przedstawienie (FK_Teatr, FK_Przedstawienie, FK_Bilet) values (0, 'onrclfbdhytyuygssveo', 1035);
insert into Rachunek (NrRachunku, DataWystawienia, Stanowisko, Platnosc, Koszt, FK_Sprzedawca) values ('tspnrxkpuhscaaa', '2017-02-21', '0083331', 'G', 137.05, 8);
insert into Bilet (IdBilet, FK_Rachunek) values (1036, 'tspnrxkpuhscaaa');
insert into Teatr_ma_Przedstawienie (FK_Teatr, FK_Przedstawienie, FK_Bilet) values (0, 'onrclfbdhytyuygssveo', 1036);
insert into Bilet (IdBilet, FK_Rachunek) values (1037, 'tspnrxkpuhscaaa');
insert into Teatr_ma_Przedstawienie (FK_Teatr, FK_Przedstawienie, FK_Bilet) values (0, 'onrclfbdhytyuygssveo', 1037);
insert into Bilet (IdBilet, FK_Rachunek) values (1038, 'tspnrxkpuhscaaa');
insert into Teatr_ma_Przedstawienie (FK_Teatr, FK_Przedstawienie, FK_Bilet) values (0, 'onrclfbdhytyuygssveo', 1038);
insert into Rachunek (NrRachunku, DataWystawienia, Stanowisko, Platnosc, Koszt, FK_Sprzedawca) values ('wjkkkbhjonrbmpo', '2017-03-16', '0432591', 'K', 577.33, 8);
insert into Bilet (IdBilet, FK_Rachunek) values (1039, 'wjkkkbhjonrbmpo');
insert into Teatr_ma_Przedstawienie (FK_Teatr, FK_Przedstawienie, FK_Bilet) values (0, 'onrclfbdhytyuygssveo', 1039);
insert into Bilet (IdBilet, FK_Rachunek) values (1040, 'wjkkkbhjonrbmpo');
insert into Teatr_ma_Przedstawienie (FK_Teatr, FK_Przedstawienie, FK_Bilet) values (0, 'onrclfbdhytyuygssveo', 1040);
insert into Bilet (IdBilet, FK_Rachunek) values (1041, 'wjkkkbhjonrbmpo');
insert into Teatr_ma_Przedstawienie (FK_Teatr, FK_Przedstawienie, FK_Bilet) values (0, 'onrclfbdhytyuygssveo', 1041);
insert into Rachunek (NrRachunku, DataWystawienia, Stanowisko, Platnosc, Koszt, FK_Sprzedawca) values ('kgabbdxycsuerxm', '2017-01-01', '0217300', 'G', 1420.28, 8);
insert into Bilet (IdBilet, FK_Rachunek) values (1222, 'kgabbdxycsuerxm');
insert into Teatr_ma_Przedstawienie (FK_Teatr, FK_Przedstawienie, FK_Bilet) values (0, 'jpnhqtkfyibunvtgkyxe', 1222);
insert into Bilet (IdBilet, FK_Rachunek) values (1223, 'kgabbdxycsuerxm');
insert into Teatr_ma_Przedstawienie (FK_Teatr, FK_Przedstawienie, FK_Bilet) values (0, 'jpnhqtkfyibunvtgkyxe', 1223);
insert into Bilet (IdBilet, FK_Rachunek) values (1224, 'kgabbdxycsuerxm');
insert into Teatr_ma_Przedstawienie (FK_Teatr, FK_Przedstawienie, FK_Bilet) values (0, 'jpnhqtkfyibunvtgkyxe', 1224);
insert into Rachunek (NrRachunku, DataWystawienia, Stanowisko, Platnosc, Koszt, FK_Sprzedawca) values ('vvxgljwrybxsaao', '2016-12-23', '0796588', 'K', 961.74, 8);
insert into Bilet (IdBilet, FK_Rachunek) values (1225, 'vvxgljwrybxsaao');
insert into Teatr_ma_Przedstawienie (FK_Teatr, FK_Przedstawienie, FK_Bilet) values (0, 'jpnhqtkfyibunvtgkyxe', 1225);
insert into Bilet (IdBilet, FK_Rachunek) values (1226, 'vvxgljwrybxsaao');
insert into Teatr_ma_Przedstawienie (FK_Teatr, FK_Przedstawienie, FK_Bilet) values (0, 'jpnhqtkfyibunvtgkyxe', 1226);
insert into Bilet (IdBilet, FK_Rachunek) values (1227, 'vvxgljwrybxsaao');
insert into Teatr_ma_Przedstawienie (FK_Teatr, FK_Przedstawienie, FK_Bilet) values (0, 'jpnhqtkfyibunvtgkyxe', 1227);
insert into Bilet (IdBilet, FK_Rachunek) values (1228, 'vvxgljwrybxsaao');
insert into Teatr_ma_Przedstawienie (FK_Teatr, FK_Przedstawienie, FK_Bilet) values (0, 'jpnhqtkfyibunvtgkyxe', 1228);
insert into Rachunek (NrRachunku, DataWystawienia, Stanowisko, Platnosc, Koszt, FK_Sprzedawca) values ('qcahxpdspdctrup', '2016-12-29', '0985884', 'G', 362.67, 8);
insert into Bilet (IdBilet, FK_Rachunek) values (1229, 'qcahxpdspdctrup');
insert into Teatr_ma_Przedstawienie (FK_Teatr, FK_Przedstawienie, FK_Bilet) values (0, 'jpnhqtkfyibunvtgkyxe', 1229);
insert into Bilet (IdBilet, FK_Rachunek) values (1230, 'qcahxpdspdctrup');
insert into Teatr_ma_Przedstawienie (FK_Teatr, FK_Przedstawienie, FK_Bilet) values (0, 'jpnhqtkfyibunvtgkyxe', 1230);
insert into Rachunek (NrRachunku, DataWystawienia, Stanowisko, Platnosc, Koszt, FK_Sprzedawca) values ('muhyicbbjvnnayd', '2017-01-12', '0475338', 'K', 1626.02, 8);
insert into Bilet (IdBilet, FK_Rachunek) values (1231, 'muhyicbbjvnnayd');
insert into Teatr_ma_Przedstawienie (FK_Teatr, FK_Przedstawienie, FK_Bilet) values (0, 'jpnhqtkfyibunvtgkyxe', 1231);
insert into Rachunek (NrRachunku, DataWystawienia, Stanowisko, Platnosc, Koszt, FK_Sprzedawca) values ('jwynbsdjyvrdici', '2017-01-14', '0168969', 'G', 1335.42, 8);
insert into Bilet (IdBilet, FK_Rachunek) values (1232, 'jwynbsdjyvrdici');
insert into Teatr_ma_Przedstawienie (FK_Teatr, FK_Przedstawienie, FK_Bilet) values (0, 'jpnhqtkfyibunvtgkyxe', 1232);
insert into Bilet (IdBilet, FK_Rachunek) values (1233, 'jwynbsdjyvrdici');
insert into Teatr_ma_Przedstawienie (FK_Teatr, FK_Przedstawienie, FK_Bilet) values (0, 'jpnhqtkfyibunvtgkyxe', 1233);
insert into Rachunek (NrRachunku, DataWystawienia, Stanowisko, Platnosc, Koszt, FK_Sprzedawca) values ('oeviockbqloaqlj', '2016-12-23', '0607973', 'K', 775.93, 8);
insert into Bilet (IdBilet, FK_Rachunek) values (1234, 'oeviockbqloaqlj');
insert into Teatr_ma_Przedstawienie (FK_Teatr, FK_Przedstawienie, FK_Bilet) values (0, 'jpnhqtkfyibunvtgkyxe', 1234);
insert into Bilet (IdBilet, FK_Rachunek) values (1235, 'oeviockbqloaqlj');
insert into Teatr_ma_Przedstawienie (FK_Teatr, FK_Przedstawienie, FK_Bilet) values (0, 'jpnhqtkfyibunvtgkyxe', 1235);
insert into Rachunek (NrRachunku, DataWystawienia, Stanowisko, Platnosc, Koszt, FK_Sprzedawca) values ('ccsmsfuetwikicq', '2016-12-22', '0052841', 'G', 1192.75, 8);
insert into Bilet (IdBilet, FK_Rachunek) values (1236, 'ccsmsfuetwikicq');
insert into Teatr_ma_Przedstawienie (FK_Teatr, FK_Przedstawienie, FK_Bilet) values (0, 'jpnhqtkfyibunvtgkyxe', 1236);
insert into Bilet (IdBilet, FK_Rachunek) values (1237, 'ccsmsfuetwikicq');
insert into Teatr_ma_Przedstawienie (FK_Teatr, FK_Przedstawienie, FK_Bilet) values (0, 'jpnhqtkfyibunvtgkyxe', 1237);
insert into Bilet (IdBilet, FK_Rachunek) values (1238, 'ccsmsfuetwikicq');
insert into Teatr_ma_Przedstawienie (FK_Teatr, FK_Przedstawienie, FK_Bilet) values (0, 'jpnhqtkfyibunvtgkyxe', 1238);
insert into Rachunek (NrRachunku, DataWystawienia, Stanowisko, Platnosc, Koszt, FK_Sprzedawca) values ('ysxahjrrkayvibl', '2017-01-14', '0044185', 'K', 1357.37, 8);
insert into Bilet (IdBilet, FK_Rachunek) values (1239, 'ysxahjrrkayvibl');
insert into Teatr_ma_Przedstawienie (FK_Teatr, FK_Przedstawienie, FK_Bilet) values (0, 'jpnhqtkfyibunvtgkyxe', 1239);
insert into Bilet (IdBilet, FK_Rachunek) values (1240, 'ysxahjrrkayvibl');
insert into Teatr_ma_Przedstawienie (FK_Teatr, FK_Przedstawienie, FK_Bilet) values (0, 'jpnhqtkfyibunvtgkyxe', 1240);
insert into Bilet (IdBilet, FK_Rachunek) values (1241, 'ysxahjrrkayvibl');
insert into Teatr_ma_Przedstawienie (FK_Teatr, FK_Przedstawienie, FK_Bilet) values (0, 'jpnhqtkfyibunvtgkyxe', 1241);
insert into Sprzedawca (IDSprzedawca, Imie, Nazwisko) values (9, 'Ozie', 'Judd');
insert into Rachunek (NrRachunku, DataWystawienia, Stanowisko, Platnosc, Koszt, FK_Sprzedawca) values ('dhvgdsbolwxdveg', '2016-12-12', '0781633', 'G', 1747.48, 9);
insert into Bilet (IdBilet, FK_Rachunek) values (177, 'dhvgdsbolwxdveg');
insert into Teatr_ma_Przedstawienie (FK_Teatr, FK_Przedstawienie, FK_Bilet) values (0, 'ygcssravfagxgfnsavdc', 177);
insert into Bilet (IdBilet, FK_Rachunek) values (178, 'dhvgdsbolwxdveg');
insert into Teatr_ma_Przedstawienie (FK_Teatr, FK_Przedstawienie, FK_Bilet) values (0, 'ygcssravfagxgfnsavdc', 178);
insert into Bilet (IdBilet, FK_Rachunek) values (179, 'dhvgdsbolwxdveg');
insert into Teatr_ma_Przedstawienie (FK_Teatr, FK_Przedstawienie, FK_Bilet) values (0, 'ygcssravfagxgfnsavdc', 179);
insert into Bilet (IdBilet, FK_Rachunek) values (180, 'dhvgdsbolwxdveg');
insert into Teatr_ma_Przedstawienie (FK_Teatr, FK_Przedstawienie, FK_Bilet) values (0, 'ygcssravfagxgfnsavdc', 180);
insert into Rachunek (NrRachunku, DataWystawienia, Stanowisko, Platnosc, Koszt, FK_Sprzedawca) values ('pyldakamirpbwua', '2016-12-02', '0865766', 'K', 456.37, 9);
insert into Bilet (IdBilet, FK_Rachunek) values (181, 'pyldakamirpbwua');
insert into Teatr_ma_Przedstawienie (FK_Teatr, FK_Przedstawienie, FK_Bilet) values (0, 'ygcssravfagxgfnsavdc', 181);
insert into Bilet (IdBilet, FK_Rachunek) values (182, 'pyldakamirpbwua');
insert into Teatr_ma_Przedstawienie (FK_Teatr, FK_Przedstawienie, FK_Bilet) values (0, 'ygcssravfagxgfnsavdc', 182);
insert into Bilet (IdBilet, FK_Rachunek) values (183, 'pyldakamirpbwua');
insert into Teatr_ma_Przedstawienie (FK_Teatr, FK_Przedstawienie, FK_Bilet) values (0, 'ygcssravfagxgfnsavdc', 183);
insert into Rachunek (NrRachunku, DataWystawienia, Stanowisko, Platnosc, Koszt, FK_Sprzedawca) values ('yjvvxemelaysjsy', '2016-12-12', '0921755', 'G', 1287.57, 9);
insert into Bilet (IdBilet, FK_Rachunek) values (184, 'yjvvxemelaysjsy');
insert into Teatr_ma_Przedstawienie (FK_Teatr, FK_Przedstawienie, FK_Bilet) values (0, 'ygcssravfagxgfnsavdc', 184);
insert into Bilet (IdBilet, FK_Rachunek) values (185, 'yjvvxemelaysjsy');
insert into Teatr_ma_Przedstawienie (FK_Teatr, FK_Przedstawienie, FK_Bilet) values (0, 'ygcssravfagxgfnsavdc', 185);
insert into Bilet (IdBilet, FK_Rachunek) values (186, 'yjvvxemelaysjsy');
insert into Teatr_ma_Przedstawienie (FK_Teatr, FK_Przedstawienie, FK_Bilet) values (0, 'ygcssravfagxgfnsavdc', 186);
insert into Bilet (IdBilet, FK_Rachunek) values (187, 'yjvvxemelaysjsy');
insert into Teatr_ma_Przedstawienie (FK_Teatr, FK_Przedstawienie, FK_Bilet) values (0, 'ygcssravfagxgfnsavdc', 187);
insert into Rachunek (NrRachunku, DataWystawienia, Stanowisko, Platnosc, Koszt, FK_Sprzedawca) values ('djudwuxdjpdumnm', '2016-12-02', '0605695', 'K', 1770.02, 9);
insert into Bilet (IdBilet, FK_Rachunek) values (188, 'djudwuxdjpdumnm');
insert into Teatr_ma_Przedstawienie (FK_Teatr, FK_Przedstawienie, FK_Bilet) values (0, 'ygcssravfagxgfnsavdc', 188);
insert into Rachunek (NrRachunku, DataWystawienia, Stanowisko, Platnosc, Koszt, FK_Sprzedawca) values ('rdtkwohagcdtycb', '2016-12-14', '0315347', 'K', 618.66, 9);
insert into Bilet (IdBilet, FK_Rachunek) values (189, 'rdtkwohagcdtycb');
insert into Teatr_ma_Przedstawienie (FK_Teatr, FK_Przedstawienie, FK_Bilet) values (0, 'ygcssravfagxgfnsavdc', 189);
insert into Bilet (IdBilet, FK_Rachunek) values (190, 'rdtkwohagcdtycb');
insert into Teatr_ma_Przedstawienie (FK_Teatr, FK_Przedstawienie, FK_Bilet) values (0, 'ygcssravfagxgfnsavdc', 190);
insert into Bilet (IdBilet, FK_Rachunek) values (191, 'rdtkwohagcdtycb');
insert into Teatr_ma_Przedstawienie (FK_Teatr, FK_Przedstawienie, FK_Bilet) values (0, 'ygcssravfagxgfnsavdc', 191);
insert into Rachunek (NrRachunku, DataWystawienia, Stanowisko, Platnosc, Koszt, FK_Sprzedawca) values ('rqsjogftweaglgu', '2016-12-09', '0736275', 'K', 1142.11, 9);
insert into Bilet (IdBilet, FK_Rachunek) values (192, 'rqsjogftweaglgu');
insert into Teatr_ma_Przedstawienie (FK_Teatr, FK_Przedstawienie, FK_Bilet) values (0, 'ygcssravfagxgfnsavdc', 192);
insert into Rachunek (NrRachunku, DataWystawienia, Stanowisko, Platnosc, Koszt, FK_Sprzedawca) values ('iypxiuxxujvioat', '2016-12-17', '0255222', 'G', 1089.08, 9);
insert into Bilet (IdBilet, FK_Rachunek) values (193, 'iypxiuxxujvioat');
insert into Teatr_ma_Przedstawienie (FK_Teatr, FK_Przedstawienie, FK_Bilet) values (0, 'ygcssravfagxgfnsavdc', 193);
insert into Rachunek (NrRachunku, DataWystawienia, Stanowisko, Platnosc, Koszt, FK_Sprzedawca) values ('bxahwlccygljwgv', '2016-12-20', '0162096', 'G', 1152.43, 9);
insert into Bilet (IdBilet, FK_Rachunek) values (194, 'bxahwlccygljwgv');
insert into Teatr_ma_Przedstawienie (FK_Teatr, FK_Przedstawienie, FK_Bilet) values (0, 'ygcssravfagxgfnsavdc', 194);
insert into Rachunek (NrRachunku, DataWystawienia, Stanowisko, Platnosc, Koszt, FK_Sprzedawca) values ('iusktddbtfsrwyr', '2016-12-24', '0078309', 'G', 737.59, 9);
insert into Bilet (IdBilet, FK_Rachunek) values (195, 'iusktddbtfsrwyr');
insert into Teatr_ma_Przedstawienie (FK_Teatr, FK_Przedstawienie, FK_Bilet) values (0, 'ygcssravfagxgfnsavdc', 195);
insert into Bilet (IdBilet, FK_Rachunek) values (196, 'iusktddbtfsrwyr');
insert into Teatr_ma_Przedstawienie (FK_Teatr, FK_Przedstawienie, FK_Bilet) values (0, 'ygcssravfagxgfnsavdc', 196);
insert into Rachunek (NrRachunku, DataWystawienia, Stanowisko, Platnosc, Koszt, FK_Sprzedawca) values ('yfcepjljcihmbre', '2016-09-05', '0380476', 'K', 1535.29, 9);
insert into Bilet (IdBilet, FK_Rachunek) values (378, 'yfcepjljcihmbre');
insert into Teatr_ma_Przedstawienie (FK_Teatr, FK_Przedstawienie, FK_Bilet) values (0, 'rtabtgayrsmmeqtqqtij', 378);
insert into Bilet (IdBilet, FK_Rachunek) values (379, 'yfcepjljcihmbre');
insert into Teatr_ma_Przedstawienie (FK_Teatr, FK_Przedstawienie, FK_Bilet) values (0, 'rtabtgayrsmmeqtqqtij', 379);
insert into Bilet (IdBilet, FK_Rachunek) values (380, 'yfcepjljcihmbre');
insert into Teatr_ma_Przedstawienie (FK_Teatr, FK_Przedstawienie, FK_Bilet) values (0, 'rtabtgayrsmmeqtqqtij', 380);
insert into Rachunek (NrRachunku, DataWystawienia, Stanowisko, Platnosc, Koszt, FK_Sprzedawca) values ('npxortmyakoegqb', '2016-10-01', '0851982', 'G', 305.12, 9);
insert into Bilet (IdBilet, FK_Rachunek) values (381, 'npxortmyakoegqb');
insert into Teatr_ma_Przedstawienie (FK_Teatr, FK_Przedstawienie, FK_Bilet) values (0, 'rtabtgayrsmmeqtqqtij', 381);
insert into Bilet (IdBilet, FK_Rachunek) values (382, 'npxortmyakoegqb');
insert into Teatr_ma_Przedstawienie (FK_Teatr, FK_Przedstawienie, FK_Bilet) values (0, 'rtabtgayrsmmeqtqqtij', 382);
insert into Bilet (IdBilet, FK_Rachunek) values (383, 'npxortmyakoegqb');
insert into Teatr_ma_Przedstawienie (FK_Teatr, FK_Przedstawienie, FK_Bilet) values (0, 'rtabtgayrsmmeqtqqtij', 383);
insert into Bilet (IdBilet, FK_Rachunek) values (384, 'npxortmyakoegqb');
insert into Teatr_ma_Przedstawienie (FK_Teatr, FK_Przedstawienie, FK_Bilet) values (0, 'rtabtgayrsmmeqtqqtij', 384);
insert into Rachunek (NrRachunku, DataWystawienia, Stanowisko, Platnosc, Koszt, FK_Sprzedawca) values ('vpqrmmbjdfypuun', '2016-09-20', '0036389', 'G', 372.34, 9);
insert into Bilet (IdBilet, FK_Rachunek) values (385, 'vpqrmmbjdfypuun');
insert into Teatr_ma_Przedstawienie (FK_Teatr, FK_Przedstawienie, FK_Bilet) values (0, 'rtabtgayrsmmeqtqqtij', 385);
insert into Bilet (IdBilet, FK_Rachunek) values (386, 'vpqrmmbjdfypuun');
insert into Teatr_ma_Przedstawienie (FK_Teatr, FK_Przedstawienie, FK_Bilet) values (0, 'rtabtgayrsmmeqtqqtij', 386);
insert into Bilet (IdBilet, FK_Rachunek) values (387, 'vpqrmmbjdfypuun');
insert into Teatr_ma_Przedstawienie (FK_Teatr, FK_Przedstawienie, FK_Bilet) values (0, 'rtabtgayrsmmeqtqqtij', 387);
insert into Rachunek (NrRachunku, DataWystawienia, Stanowisko, Platnosc, Koszt, FK_Sprzedawca) values ('jgqxbudnvllfbsa', '2016-09-17', '0368972', 'K', 1627.14, 9);
insert into Bilet (IdBilet, FK_Rachunek) values (388, 'jgqxbudnvllfbsa');
insert into Teatr_ma_Przedstawienie (FK_Teatr, FK_Przedstawienie, FK_Bilet) values (0, 'rtabtgayrsmmeqtqqtij', 388);
insert into Bilet (IdBilet, FK_Rachunek) values (389, 'jgqxbudnvllfbsa');
insert into Teatr_ma_Przedstawienie (FK_Teatr, FK_Przedstawienie, FK_Bilet) values (0, 'rtabtgayrsmmeqtqqtij', 389);
insert into Bilet (IdBilet, FK_Rachunek) values (390, 'jgqxbudnvllfbsa');
insert into Teatr_ma_Przedstawienie (FK_Teatr, FK_Przedstawienie, FK_Bilet) values (0, 'rtabtgayrsmmeqtqqtij', 390);
insert into Bilet (IdBilet, FK_Rachunek) values (391, 'jgqxbudnvllfbsa');
insert into Teatr_ma_Przedstawienie (FK_Teatr, FK_Przedstawienie, FK_Bilet) values (0, 'rtabtgayrsmmeqtqqtij', 391);
insert into Rachunek (NrRachunku, DataWystawienia, Stanowisko, Platnosc, Koszt, FK_Sprzedawca) values ('ffsblquieqlfuir', '2016-10-03', '0611311', 'G', 701.74, 9);
insert into Bilet (IdBilet, FK_Rachunek) values (392, 'ffsblquieqlfuir');
insert into Teatr_ma_Przedstawienie (FK_Teatr, FK_Przedstawienie, FK_Bilet) values (0, 'rtabtgayrsmmeqtqqtij', 392);
insert into Bilet (IdBilet, FK_Rachunek) values (393, 'ffsblquieqlfuir');
insert into Teatr_ma_Przedstawienie (FK_Teatr, FK_Przedstawienie, FK_Bilet) values (0, 'rtabtgayrsmmeqtqqtij', 393);
insert into Bilet (IdBilet, FK_Rachunek) values (394, 'ffsblquieqlfuir');
insert into Teatr_ma_Przedstawienie (FK_Teatr, FK_Przedstawienie, FK_Bilet) values (0, 'rtabtgayrsmmeqtqqtij', 394);
insert into Bilet (IdBilet, FK_Rachunek) values (395, 'ffsblquieqlfuir');
insert into Teatr_ma_Przedstawienie (FK_Teatr, FK_Przedstawienie, FK_Bilet) values (0, 'rtabtgayrsmmeqtqqtij', 395);
insert into Rachunek (NrRachunku, DataWystawienia, Stanowisko, Platnosc, Koszt, FK_Sprzedawca) values ('drdmbinhofscugb', '2016-09-08', '0179254', 'K', 1477.95, 9);
insert into Bilet (IdBilet, FK_Rachunek) values (396, 'drdmbinhofscugb');
insert into Teatr_ma_Przedstawienie (FK_Teatr, FK_Przedstawienie, FK_Bilet) values (0, 'rtabtgayrsmmeqtqqtij', 396);
insert into Bilet (IdBilet, FK_Rachunek) values (397, 'drdmbinhofscugb');
insert into Teatr_ma_Przedstawienie (FK_Teatr, FK_Przedstawienie, FK_Bilet) values (0, 'rtabtgayrsmmeqtqqtij', 397);
insert into Bilet (IdBilet, FK_Rachunek) values (398, 'drdmbinhofscugb');
insert into Teatr_ma_Przedstawienie (FK_Teatr, FK_Przedstawienie, FK_Bilet) values (0, 'rtabtgayrsmmeqtqqtij', 398);
insert into Bilet (IdBilet, FK_Rachunek) values (399, 'drdmbinhofscugb');
insert into Teatr_ma_Przedstawienie (FK_Teatr, FK_Przedstawienie, FK_Bilet) values (0, 'rtabtgayrsmmeqtqqtij', 399);
insert into Rachunek (NrRachunku, DataWystawienia, Stanowisko, Platnosc, Koszt, FK_Sprzedawca) values ('eflnkyhncqleiob', '2016-09-08', '0460925', 'K', 1144.48, 9);
insert into Bilet (IdBilet, FK_Rachunek) values (839, 'eflnkyhncqleiob');
insert into Teatr_ma_Przedstawienie (FK_Teatr, FK_Przedstawienie, FK_Bilet) values (0, 'rtabtgayrsmmeqtqqtij', 839);
insert into Bilet (IdBilet, FK_Rachunek) values (840, 'eflnkyhncqleiob');
insert into Teatr_ma_Przedstawienie (FK_Teatr, FK_Przedstawienie, FK_Bilet) values (0, 'rtabtgayrsmmeqtqqtij', 840);
insert into Bilet (IdBilet, FK_Rachunek) values (841, 'eflnkyhncqleiob');
insert into Teatr_ma_Przedstawienie (FK_Teatr, FK_Przedstawienie, FK_Bilet) values (0, 'rtabtgayrsmmeqtqqtij', 841);
insert into Bilet (IdBilet, FK_Rachunek) values (842, 'eflnkyhncqleiob');
insert into Teatr_ma_Przedstawienie (FK_Teatr, FK_Przedstawienie, FK_Bilet) values (0, 'rtabtgayrsmmeqtqqtij', 842);
insert into Rachunek (NrRachunku, DataWystawienia, Stanowisko, Platnosc, Koszt, FK_Sprzedawca) values ('lkcgqnvtftarikq', '2016-09-18', '0459269', 'K', 257.99, 9);
insert into Bilet (IdBilet, FK_Rachunek) values (843, 'lkcgqnvtftarikq');
insert into Teatr_ma_Przedstawienie (FK_Teatr, FK_Przedstawienie, FK_Bilet) values (0, 'rtabtgayrsmmeqtqqtij', 843);
insert into Bilet (IdBilet, FK_Rachunek) values (844, 'lkcgqnvtftarikq');
insert into Teatr_ma_Przedstawienie (FK_Teatr, FK_Przedstawienie, FK_Bilet) values (0, 'rtabtgayrsmmeqtqqtij', 844);
insert into Bilet (IdBilet, FK_Rachunek) values (845, 'lkcgqnvtftarikq');
insert into Teatr_ma_Przedstawienie (FK_Teatr, FK_Przedstawienie, FK_Bilet) values (0, 'rtabtgayrsmmeqtqqtij', 845);
insert into Bilet (IdBilet, FK_Rachunek) values (846, 'lkcgqnvtftarikq');
insert into Teatr_ma_Przedstawienie (FK_Teatr, FK_Przedstawienie, FK_Bilet) values (0, 'rtabtgayrsmmeqtqqtij', 846);
insert into Rachunek (NrRachunku, DataWystawienia, Stanowisko, Platnosc, Koszt, FK_Sprzedawca) values ('ysyjylwqsvpyoer', '2016-09-21', '0325958', 'K', 567.46, 9);
insert into Bilet (IdBilet, FK_Rachunek) values (847, 'ysyjylwqsvpyoer');
insert into Teatr_ma_Przedstawienie (FK_Teatr, FK_Przedstawienie, FK_Bilet) values (0, 'rtabtgayrsmmeqtqqtij', 847);
insert into Bilet (IdBilet, FK_Rachunek) values (848, 'ysyjylwqsvpyoer');
insert into Teatr_ma_Przedstawienie (FK_Teatr, FK_Przedstawienie, FK_Bilet) values (0, 'rtabtgayrsmmeqtqqtij', 848);
insert into Rachunek (NrRachunku, DataWystawienia, Stanowisko, Platnosc, Koszt, FK_Sprzedawca) values ('dejucubavrhkgsk', '2016-09-18', '0412437', 'K', 1599.08, 9);
insert into Bilet (IdBilet, FK_Rachunek) values (849, 'dejucubavrhkgsk');
insert into Teatr_ma_Przedstawienie (FK_Teatr, FK_Przedstawienie, FK_Bilet) values (0, 'rtabtgayrsmmeqtqqtij', 849);
insert into Rachunek (NrRachunku, DataWystawienia, Stanowisko, Platnosc, Koszt, FK_Sprzedawca) values ('gxckqseyppntikb', '2016-09-06', '0277091', 'K', 205.53, 9);
insert into Bilet (IdBilet, FK_Rachunek) values (850, 'gxckqseyppntikb');
insert into Teatr_ma_Przedstawienie (FK_Teatr, FK_Przedstawienie, FK_Bilet) values (0, 'rtabtgayrsmmeqtqqtij', 850);
insert into Bilet (IdBilet, FK_Rachunek) values (851, 'gxckqseyppntikb');
insert into Teatr_ma_Przedstawienie (FK_Teatr, FK_Przedstawienie, FK_Bilet) values (0, 'rtabtgayrsmmeqtqqtij', 851);
insert into Bilet (IdBilet, FK_Rachunek) values (852, 'gxckqseyppntikb');
insert into Teatr_ma_Przedstawienie (FK_Teatr, FK_Przedstawienie, FK_Bilet) values (0, 'rtabtgayrsmmeqtqqtij', 852);
insert into Rachunek (NrRachunku, DataWystawienia, Stanowisko, Platnosc, Koszt, FK_Sprzedawca) values ('ngpnquhnivxsdqq', '2016-09-11', '0434176', 'K', 1065.07, 9);
insert into Bilet (IdBilet, FK_Rachunek) values (853, 'ngpnquhnivxsdqq');
insert into Teatr_ma_Przedstawienie (FK_Teatr, FK_Przedstawienie, FK_Bilet) values (0, 'rtabtgayrsmmeqtqqtij', 853);
insert into Rachunek (NrRachunku, DataWystawienia, Stanowisko, Platnosc, Koszt, FK_Sprzedawca) values ('aqwioqwemyyftfn', '2016-09-15', '0365248', 'G', 252.23, 9);
insert into Bilet (IdBilet, FK_Rachunek) values (854, 'aqwioqwemyyftfn');
insert into Teatr_ma_Przedstawienie (FK_Teatr, FK_Przedstawienie, FK_Bilet) values (0, 'rtabtgayrsmmeqtqqtij', 854);
insert into Bilet (IdBilet, FK_Rachunek) values (855, 'aqwioqwemyyftfn');
insert into Teatr_ma_Przedstawienie (FK_Teatr, FK_Przedstawienie, FK_Bilet) values (0, 'rtabtgayrsmmeqtqqtij', 855);
insert into Bilet (IdBilet, FK_Rachunek) values (856, 'aqwioqwemyyftfn');
insert into Teatr_ma_Przedstawienie (FK_Teatr, FK_Przedstawienie, FK_Bilet) values (0, 'rtabtgayrsmmeqtqqtij', 856);
insert into Rachunek (NrRachunku, DataWystawienia, Stanowisko, Platnosc, Koszt, FK_Sprzedawca) values ('broteburcoxktos', '2016-09-07', '0277808', 'K', 1479.03, 9);
insert into Bilet (IdBilet, FK_Rachunek) values (857, 'broteburcoxktos');
insert into Teatr_ma_Przedstawienie (FK_Teatr, FK_Przedstawienie, FK_Bilet) values (0, 'rtabtgayrsmmeqtqqtij', 857);
insert into Bilet (IdBilet, FK_Rachunek) values (858, 'broteburcoxktos');
insert into Teatr_ma_Przedstawienie (FK_Teatr, FK_Przedstawienie, FK_Bilet) values (0, 'rtabtgayrsmmeqtqqtij', 858);
insert into Bilet (IdBilet, FK_Rachunek) values (859, 'broteburcoxktos');
insert into Teatr_ma_Przedstawienie (FK_Teatr, FK_Przedstawienie, FK_Bilet) values (0, 'rtabtgayrsmmeqtqqtij', 859);
insert into Bilet (IdBilet, FK_Rachunek) values (860, 'broteburcoxktos');
insert into Teatr_ma_Przedstawienie (FK_Teatr, FK_Przedstawienie, FK_Bilet) values (0, 'rtabtgayrsmmeqtqqtij', 860);
insert into Rachunek (NrRachunku, DataWystawienia, Stanowisko, Platnosc, Koszt, FK_Sprzedawca) values ('xbdbmgoynxfuoli', '2017-03-03', '0621044', 'G', 982.16, 9);
insert into Bilet (IdBilet, FK_Rachunek) values (1042, 'xbdbmgoynxfuoli');
insert into Teatr_ma_Przedstawienie (FK_Teatr, FK_Przedstawienie, FK_Bilet) values (0, 'onrclfbdhytyuygssveo', 1042);
insert into Bilet (IdBilet, FK_Rachunek) values (1043, 'xbdbmgoynxfuoli');
insert into Teatr_ma_Przedstawienie (FK_Teatr, FK_Przedstawienie, FK_Bilet) values (0, 'onrclfbdhytyuygssveo', 1043);
insert into Rachunek (NrRachunku, DataWystawienia, Stanowisko, Platnosc, Koszt, FK_Sprzedawca) values ('etbppkjasiljaaa', '2017-03-14', '0905822', 'G', 424.42, 9);
insert into Bilet (IdBilet, FK_Rachunek) values (1044, 'etbppkjasiljaaa');
insert into Teatr_ma_Przedstawienie (FK_Teatr, FK_Przedstawienie, FK_Bilet) values (0, 'onrclfbdhytyuygssveo', 1044);
insert into Bilet (IdBilet, FK_Rachunek) values (1045, 'etbppkjasiljaaa');
insert into Teatr_ma_Przedstawienie (FK_Teatr, FK_Przedstawienie, FK_Bilet) values (0, 'onrclfbdhytyuygssveo', 1045);
insert into Rachunek (NrRachunku, DataWystawienia, Stanowisko, Platnosc, Koszt, FK_Sprzedawca) values ('vxagjrxymshkvlf', '2017-03-15', '0940930', 'K', 1122.93, 9);
insert into Bilet (IdBilet, FK_Rachunek) values (1046, 'vxagjrxymshkvlf');
insert into Teatr_ma_Przedstawienie (FK_Teatr, FK_Przedstawienie, FK_Bilet) values (0, 'onrclfbdhytyuygssveo', 1046);
insert into Rachunek (NrRachunku, DataWystawienia, Stanowisko, Platnosc, Koszt, FK_Sprzedawca) values ('grwfiwavadnbksa', '2017-03-03', '0514604', 'K', 1703.65, 9);
insert into Bilet (IdBilet, FK_Rachunek) values (1047, 'grwfiwavadnbksa');
insert into Teatr_ma_Przedstawienie (FK_Teatr, FK_Przedstawienie, FK_Bilet) values (0, 'onrclfbdhytyuygssveo', 1047);
insert into Bilet (IdBilet, FK_Rachunek) values (1048, 'grwfiwavadnbksa');
insert into Teatr_ma_Przedstawienie (FK_Teatr, FK_Przedstawienie, FK_Bilet) values (0, 'onrclfbdhytyuygssveo', 1048);
insert into Bilet (IdBilet, FK_Rachunek) values (1049, 'grwfiwavadnbksa');
insert into Teatr_ma_Przedstawienie (FK_Teatr, FK_Przedstawienie, FK_Bilet) values (0, 'onrclfbdhytyuygssveo', 1049);
insert into Bilet (IdBilet, FK_Rachunek) values (1050, 'grwfiwavadnbksa');
insert into Teatr_ma_Przedstawienie (FK_Teatr, FK_Przedstawienie, FK_Bilet) values (0, 'onrclfbdhytyuygssveo', 1050);
insert into Rachunek (NrRachunku, DataWystawienia, Stanowisko, Platnosc, Koszt, FK_Sprzedawca) values ('wnynbgticqguovh', '2017-03-20', '0370182', 'G', 1486.99, 9);
insert into Bilet (IdBilet, FK_Rachunek) values (1051, 'wnynbgticqguovh');
insert into Teatr_ma_Przedstawienie (FK_Teatr, FK_Przedstawienie, FK_Bilet) values (0, 'onrclfbdhytyuygssveo', 1051);
insert into Rachunek (NrRachunku, DataWystawienia, Stanowisko, Platnosc, Koszt, FK_Sprzedawca) values ('amnnbsluqcvcacu', '2017-03-10', '0633699', 'K', 1079.26, 9);
insert into Bilet (IdBilet, FK_Rachunek) values (1052, 'amnnbsluqcvcacu');
insert into Teatr_ma_Przedstawienie (FK_Teatr, FK_Przedstawienie, FK_Bilet) values (0, 'onrclfbdhytyuygssveo', 1052);
insert into Rachunek (NrRachunku, DataWystawienia, Stanowisko, Platnosc, Koszt, FK_Sprzedawca) values ('pmglvskikxljtnc', '2017-03-01', '0673042', 'K', 198.18, 9);
insert into Bilet (IdBilet, FK_Rachunek) values (1053, 'pmglvskikxljtnc');
insert into Teatr_ma_Przedstawienie (FK_Teatr, FK_Przedstawienie, FK_Bilet) values (0, 'onrclfbdhytyuygssveo', 1053);
insert into Bilet (IdBilet, FK_Rachunek) values (1054, 'pmglvskikxljtnc');
insert into Teatr_ma_Przedstawienie (FK_Teatr, FK_Przedstawienie, FK_Bilet) values (0, 'onrclfbdhytyuygssveo', 1054);
insert into Bilet (IdBilet, FK_Rachunek) values (1055, 'pmglvskikxljtnc');
insert into Teatr_ma_Przedstawienie (FK_Teatr, FK_Przedstawienie, FK_Bilet) values (0, 'onrclfbdhytyuygssveo', 1055);
insert into Rachunek (NrRachunku, DataWystawienia, Stanowisko, Platnosc, Koszt, FK_Sprzedawca) values ('ckyrdanwqhkrhke', '2017-02-28', '0794281', 'G', 1284.27, 9);
insert into Bilet (IdBilet, FK_Rachunek) values (1056, 'ckyrdanwqhkrhke');
insert into Teatr_ma_Przedstawienie (FK_Teatr, FK_Przedstawienie, FK_Bilet) values (0, 'onrclfbdhytyuygssveo', 1056);
insert into Rachunek (NrRachunku, DataWystawienia, Stanowisko, Platnosc, Koszt, FK_Sprzedawca) values ('etggbsocanoedoo', '2017-03-19', '0892551', 'G', 2.45, 9);
insert into Bilet (IdBilet, FK_Rachunek) values (1057, 'etggbsocanoedoo');
insert into Teatr_ma_Przedstawienie (FK_Teatr, FK_Przedstawienie, FK_Bilet) values (0, 'onrclfbdhytyuygssveo', 1057);
insert into Rachunek (NrRachunku, DataWystawienia, Stanowisko, Platnosc, Koszt, FK_Sprzedawca) values ('jrhoakchyucpoek', '2017-02-28', '0432028', 'K', 1957.16, 9);
insert into Bilet (IdBilet, FK_Rachunek) values (1058, 'jrhoakchyucpoek');
insert into Teatr_ma_Przedstawienie (FK_Teatr, FK_Przedstawienie, FK_Bilet) values (0, 'onrclfbdhytyuygssveo', 1058);
insert into Bilet (IdBilet, FK_Rachunek) values (1059, 'jrhoakchyucpoek');
insert into Teatr_ma_Przedstawienie (FK_Teatr, FK_Przedstawienie, FK_Bilet) values (0, 'onrclfbdhytyuygssveo', 1059);
insert into Bilet (IdBilet, FK_Rachunek) values (1060, 'jrhoakchyucpoek');
insert into Teatr_ma_Przedstawienie (FK_Teatr, FK_Przedstawienie, FK_Bilet) values (0, 'onrclfbdhytyuygssveo', 1060);
insert into Rachunek (NrRachunku, DataWystawienia, Stanowisko, Platnosc, Koszt, FK_Sprzedawca) values ('rmxptpkvidtyclg', '2016-12-17', '0330564', 'K', 1536.94, 9);
insert into Bilet (IdBilet, FK_Rachunek) values (1242, 'rmxptpkvidtyclg');
insert into Teatr_ma_Przedstawienie (FK_Teatr, FK_Przedstawienie, FK_Bilet) values (0, 'jpnhqtkfyibunvtgkyxe', 1242);
insert into Bilet (IdBilet, FK_Rachunek) values (1243, 'rmxptpkvidtyclg');
insert into Teatr_ma_Przedstawienie (FK_Teatr, FK_Przedstawienie, FK_Bilet) values (0, 'jpnhqtkfyibunvtgkyxe', 1243);
insert into Rachunek (NrRachunku, DataWystawienia, Stanowisko, Platnosc, Koszt, FK_Sprzedawca) values ('qcxymvcqdakkilt', '2016-12-28', '0914331', 'K', 375.90, 9);
insert into Bilet (IdBilet, FK_Rachunek) values (1244, 'qcxymvcqdakkilt');
insert into Teatr_ma_Przedstawienie (FK_Teatr, FK_Przedstawienie, FK_Bilet) values (0, 'jpnhqtkfyibunvtgkyxe', 1244);
insert into Bilet (IdBilet, FK_Rachunek) values (1245, 'qcxymvcqdakkilt');
insert into Teatr_ma_Przedstawienie (FK_Teatr, FK_Przedstawienie, FK_Bilet) values (0, 'jpnhqtkfyibunvtgkyxe', 1245);
insert into Rachunek (NrRachunku, DataWystawienia, Stanowisko, Platnosc, Koszt, FK_Sprzedawca) values ('ildheumsibovovm', '2016-12-27', '0373710', 'G', 565.15, 9);
insert into Bilet (IdBilet, FK_Rachunek) values (1246, 'ildheumsibovovm');
insert into Teatr_ma_Przedstawienie (FK_Teatr, FK_Przedstawienie, FK_Bilet) values (0, 'jpnhqtkfyibunvtgkyxe', 1246);
insert into Bilet (IdBilet, FK_Rachunek) values (1247, 'ildheumsibovovm');
insert into Teatr_ma_Przedstawienie (FK_Teatr, FK_Przedstawienie, FK_Bilet) values (0, 'jpnhqtkfyibunvtgkyxe', 1247);
insert into Rachunek (NrRachunku, DataWystawienia, Stanowisko, Platnosc, Koszt, FK_Sprzedawca) values ('jofdivxiooovtoj', '2016-12-23', '0736967', 'K', 1789.23, 9);
insert into Bilet (IdBilet, FK_Rachunek) values (1248, 'jofdivxiooovtoj');
insert into Teatr_ma_Przedstawienie (FK_Teatr, FK_Przedstawienie, FK_Bilet) values (0, 'jpnhqtkfyibunvtgkyxe', 1248);
insert into Bilet (IdBilet, FK_Rachunek) values (1249, 'jofdivxiooovtoj');
insert into Teatr_ma_Przedstawienie (FK_Teatr, FK_Przedstawienie, FK_Bilet) values (0, 'jpnhqtkfyibunvtgkyxe', 1249);
insert into Bilet (IdBilet, FK_Rachunek) values (1250, 'jofdivxiooovtoj');
insert into Teatr_ma_Przedstawienie (FK_Teatr, FK_Przedstawienie, FK_Bilet) values (0, 'jpnhqtkfyibunvtgkyxe', 1250);
insert into Bilet (IdBilet, FK_Rachunek) values (1251, 'jofdivxiooovtoj');
insert into Teatr_ma_Przedstawienie (FK_Teatr, FK_Przedstawienie, FK_Bilet) values (0, 'jpnhqtkfyibunvtgkyxe', 1251);
insert into Rachunek (NrRachunku, DataWystawienia, Stanowisko, Platnosc, Koszt, FK_Sprzedawca) values ('ebjouhvugkejpxx', '2017-01-07', '0800807', 'K', 1850.55, 9);
insert into Bilet (IdBilet, FK_Rachunek) values (1252, 'ebjouhvugkejpxx');
insert into Teatr_ma_Przedstawienie (FK_Teatr, FK_Przedstawienie, FK_Bilet) values (0, 'jpnhqtkfyibunvtgkyxe', 1252);
insert into Bilet (IdBilet, FK_Rachunek) values (1253, 'ebjouhvugkejpxx');
insert into Teatr_ma_Przedstawienie (FK_Teatr, FK_Przedstawienie, FK_Bilet) values (0, 'jpnhqtkfyibunvtgkyxe', 1253);
insert into Bilet (IdBilet, FK_Rachunek) values (1254, 'ebjouhvugkejpxx');
insert into Teatr_ma_Przedstawienie (FK_Teatr, FK_Przedstawienie, FK_Bilet) values (0, 'jpnhqtkfyibunvtgkyxe', 1254);
insert into Rachunek (NrRachunku, DataWystawienia, Stanowisko, Platnosc, Koszt, FK_Sprzedawca) values ('yntqpueedxkdoro', '2017-01-13', '0404568', 'G', 93.78, 9);
insert into Bilet (IdBilet, FK_Rachunek) values (1255, 'yntqpueedxkdoro');
insert into Teatr_ma_Przedstawienie (FK_Teatr, FK_Przedstawienie, FK_Bilet) values (0, 'jpnhqtkfyibunvtgkyxe', 1255);
insert into Rachunek (NrRachunku, DataWystawienia, Stanowisko, Platnosc, Koszt, FK_Sprzedawca) values ('yrdxvmmaafntxsd', '2016-12-30', '0996743', 'G', 1806.99, 9);
insert into Bilet (IdBilet, FK_Rachunek) values (1256, 'yrdxvmmaafntxsd');
insert into Teatr_ma_Przedstawienie (FK_Teatr, FK_Przedstawienie, FK_Bilet) values (0, 'jpnhqtkfyibunvtgkyxe', 1256);
insert into Bilet (IdBilet, FK_Rachunek) values (1257, 'yrdxvmmaafntxsd');
insert into Teatr_ma_Przedstawienie (FK_Teatr, FK_Przedstawienie, FK_Bilet) values (0, 'jpnhqtkfyibunvtgkyxe', 1257);
insert into Bilet (IdBilet, FK_Rachunek) values (1258, 'yrdxvmmaafntxsd');
insert into Teatr_ma_Przedstawienie (FK_Teatr, FK_Przedstawienie, FK_Bilet) values (0, 'jpnhqtkfyibunvtgkyxe', 1258);
insert into Rachunek (NrRachunku, DataWystawienia, Stanowisko, Platnosc, Koszt, FK_Sprzedawca) values ('lhkppbbdynywfpk', '2016-12-21', '0907694', 'K', 827.13, 9);
insert into Bilet (IdBilet, FK_Rachunek) values (1259, 'lhkppbbdynywfpk');
insert into Teatr_ma_Przedstawienie (FK_Teatr, FK_Przedstawienie, FK_Bilet) values (0, 'jpnhqtkfyibunvtgkyxe', 1259);
insert into Bilet (IdBilet, FK_Rachunek) values (1260, 'lhkppbbdynywfpk');
insert into Teatr_ma_Przedstawienie (FK_Teatr, FK_Przedstawienie, FK_Bilet) values (0, 'jpnhqtkfyibunvtgkyxe', 1260);
insert into Bilet (IdBilet, FK_Rachunek) values (1261, 'lhkppbbdynywfpk');
insert into Teatr_ma_Przedstawienie (FK_Teatr, FK_Przedstawienie, FK_Bilet) values (0, 'jpnhqtkfyibunvtgkyxe', 1261);
insert into Bilet (IdBilet, FK_Rachunek) values (1262, 'lhkppbbdynywfpk');
insert into Teatr_ma_Przedstawienie (FK_Teatr, FK_Przedstawienie, FK_Bilet) values (0, 'jpnhqtkfyibunvtgkyxe', 1262);
insert into Teatr (IDTeatr, Nazwa, Adres, Pojemnosc) values (1, 'Teatr Leonarf', '816 West Hudson Road ', 125);
insert into Przedstawienie (IDPrzedstawienie, Tytul, Gatunek, Goscinny, Data) values ('gapcatwsivnwlhooieeh', 'A Class Act', 'Musical', 'TAK', '2016-03-13');
update Aktor set "Imie" = 'Alona', "Nazwisko" = 'Oneil' where "IDAktor" = 3;
update Aktor set "Imie" = 'Loralee', "Nazwisko" = 'Lang' where "IDAktor" = 4;
insert into Aktor (IDAktor, Imie, Nazwisko, Ocena) values (5, 'Voncile', 'Peacock', 2);
insert into Autorstwo (FK_Przedstawienie, FK_Rezyser) values ('gapcatwsivnwlhooieeh', 2);
update Rezyser set "Imie" = 'Alverta', "Nazwisko" = 'Waddell' where "IDRezyser" = 2;
insert into Aktorstwo (FK_Przedstawienie, FK_Aktor) values ('gapcatwsivnwlhooieeh', 3);
insert into Aktorstwo (FK_Przedstawienie, FK_Aktor) values ('gapcatwsivnwlhooieeh', 4);
insert into Aktorstwo (FK_Przedstawienie, FK_Aktor) values ('gapcatwsivnwlhooieeh', 5);
insert into Przedstawienie (IDPrzedstawienie, Tytul, Gatunek, Goscinny, Data) values ('tcorqqxeusoacdklorhw', 'Knickerbocker Holiday', 'Komedia', 'NIE', '2016-08-27');
update Aktor set "Imie" = 'Deonna', "Nazwisko" = 'Hatton' where "IDAktor" = 6;
insert into Autorstwo (FK_Przedstawienie, FK_Rezyser) values ('tcorqqxeusoacdklorhw', 3);
insert into Autorstwo (FK_Przedstawienie, FK_Rezyser) values ('tcorqqxeusoacdklorhw', 4);
update Rezyser set "Imie" = 'Yessenia', "Nazwisko" = 'Kay' where "IDRezyser" = 3;
insert into Rezyser (IDRezyser, Imie, Nazwisko, Ocena) values (4, 'Renna', 'Farley', 9);
insert into Aktorstwo (FK_Przedstawienie, FK_Aktor) values ('tcorqqxeusoacdklorhw', 6);
insert into Przedstawienie (IDPrzedstawienie, Tytul, Gatunek, Goscinny, Data) values ('ehdqklgqblmmslbbflyl', 'Antigone', 'Pastoralny', 'NIE', '2017-04-07');
insert into Aktor (IDAktor, Imie, Nazwisko, Ocena) values (9, 'Leonida', 'Youngblood', 5);
insert into Aktor (IDAktor, Imie, Nazwisko, Ocena) values (10, 'Karima', 'Reed', 1);
insert into Autorstwo (FK_Przedstawienie, FK_Rezyser) values ('ehdqklgqblmmslbbflyl', 9);
insert into Rezyser (IDRezyser, Imie, Nazwisko, Ocena) values (9, 'Tashina', 'Brunson', 9);
insert into Aktorstwo (FK_Przedstawienie, FK_Aktor) values ('ehdqklgqblmmslbbflyl', 9);
insert into Aktorstwo (FK_Przedstawienie, FK_Aktor) values ('ehdqklgqblmmslbbflyl', 10);
insert into Przedstawienie (IDPrzedstawienie, Tytul, Gatunek, Goscinny, Data) values ('crxcmxodjvogjpagqhhr', 'Big River', 'Extravaganza', 'NIE', '2017-01-06');
insert into Aktor (IDAktor, Imie, Nazwisko, Ocena) values (11, 'Eleonor', 'Wolf', 0);
insert into Aktor (IDAktor, Imie, Nazwisko, Ocena) values (12, 'Jene', 'Broussard', 3);
insert into Aktor (IDAktor, Imie, Nazwisko, Ocena) values (13, 'Shad', 'Christopher', 6);
insert into Autorstwo (FK_Przedstawienie, FK_Rezyser) values ('crxcmxodjvogjpagqhhr', 10);
insert into Autorstwo (FK_Przedstawienie, FK_Rezyser) values ('crxcmxodjvogjpagqhhr', 11);
insert into Rezyser (IDRezyser, Imie, Nazwisko, Ocena) values (10, 'Asa', 'Sanderson', 0);
insert into Rezyser (IDRezyser, Imie, Nazwisko, Ocena) values (11, 'Etha', 'Hooks', 3);
insert into Aktorstwo (FK_Przedstawienie, FK_Aktor) values ('crxcmxodjvogjpagqhhr', 11);
insert into Aktorstwo (FK_Przedstawienie, FK_Aktor) values ('crxcmxodjvogjpagqhhr', 12);
insert into Aktorstwo (FK_Przedstawienie, FK_Aktor) values ('crxcmxodjvogjpagqhhr', 13);
insert into Sprzedawca (IDSprzedawca, Imie, Nazwisko) values (10, 'Rebecka', 'Matos');
insert into Rachunek (NrRachunku, DataWystawienia, Stanowisko, Platnosc, Koszt, FK_Sprzedawca) values ('gxtpmkbayqjxqxg', '2016-03-02', '0927464', 'G', 956.42, 10);
insert into Bilet (IdBilet, FK_Rachunek) values (400, 'gxtpmkbayqjxqxg');
insert into Teatr_ma_Przedstawienie (FK_Teatr, FK_Przedstawienie, FK_Bilet) values (1, 'gapcatwsivnwlhooieeh', 400);
insert into Rachunek (NrRachunku, DataWystawienia, Stanowisko, Platnosc, Koszt, FK_Sprzedawca) values ('ekxlivswohnuhvc', '2016-02-25', '0551407', 'K', 1871.47, 10);
insert into Bilet (IdBilet, FK_Rachunek) values (401, 'ekxlivswohnuhvc');
insert into Teatr_ma_Przedstawienie (FK_Teatr, FK_Przedstawienie, FK_Bilet) values (1, 'gapcatwsivnwlhooieeh', 401);
insert into Rachunek (NrRachunku, DataWystawienia, Stanowisko, Platnosc, Koszt, FK_Sprzedawca) values ('ypvgauhxefoweei', '2016-03-09', '0134637', 'K', 730.53, 10);
insert into Bilet (IdBilet, FK_Rachunek) values (402, 'ypvgauhxefoweei');
insert into Teatr_ma_Przedstawienie (FK_Teatr, FK_Przedstawienie, FK_Bilet) values (1, 'gapcatwsivnwlhooieeh', 402);
insert into Bilet (IdBilet, FK_Rachunek) values (403, 'ypvgauhxefoweei');
insert into Teatr_ma_Przedstawienie (FK_Teatr, FK_Przedstawienie, FK_Bilet) values (1, 'gapcatwsivnwlhooieeh', 403);
insert into Bilet (IdBilet, FK_Rachunek) values (404, 'ypvgauhxefoweei');
insert into Teatr_ma_Przedstawienie (FK_Teatr, FK_Przedstawienie, FK_Bilet) values (1, 'gapcatwsivnwlhooieeh', 404);
insert into Bilet (IdBilet, FK_Rachunek) values (405, 'ypvgauhxefoweei');
insert into Teatr_ma_Przedstawienie (FK_Teatr, FK_Przedstawienie, FK_Bilet) values (1, 'gapcatwsivnwlhooieeh', 405);
insert into Rachunek (NrRachunku, DataWystawienia, Stanowisko, Platnosc, Koszt, FK_Sprzedawca) values ('qjdwfaqgxbnaeiy', '2016-02-23', '0690387', 'G', 1969.09, 10);
insert into Bilet (IdBilet, FK_Rachunek) values (406, 'qjdwfaqgxbnaeiy');
insert into Teatr_ma_Przedstawienie (FK_Teatr, FK_Przedstawienie, FK_Bilet) values (1, 'gapcatwsivnwlhooieeh', 406);
insert into Bilet (IdBilet, FK_Rachunek) values (407, 'qjdwfaqgxbnaeiy');
insert into Teatr_ma_Przedstawienie (FK_Teatr, FK_Przedstawienie, FK_Bilet) values (1, 'gapcatwsivnwlhooieeh', 407);
insert into Bilet (IdBilet, FK_Rachunek) values (408, 'qjdwfaqgxbnaeiy');
insert into Teatr_ma_Przedstawienie (FK_Teatr, FK_Przedstawienie, FK_Bilet) values (1, 'gapcatwsivnwlhooieeh', 408);
insert into Bilet (IdBilet, FK_Rachunek) values (409, 'qjdwfaqgxbnaeiy');
insert into Teatr_ma_Przedstawienie (FK_Teatr, FK_Przedstawienie, FK_Bilet) values (1, 'gapcatwsivnwlhooieeh', 409);
insert into Rachunek (NrRachunku, DataWystawienia, Stanowisko, Platnosc, Koszt, FK_Sprzedawca) values ('otdvqtbjxkwmtfs', '2016-02-24', '0471795', 'G', 1348.52, 10);
insert into Bilet (IdBilet, FK_Rachunek) values (410, 'otdvqtbjxkwmtfs');
insert into Teatr_ma_Przedstawienie (FK_Teatr, FK_Przedstawienie, FK_Bilet) values (1, 'gapcatwsivnwlhooieeh', 410);
insert into Rachunek (NrRachunku, DataWystawienia, Stanowisko, Platnosc, Koszt, FK_Sprzedawca) values ('xnsgperkpcijxem', '2016-02-16', '0140945', 'G', 436.28, 10);
insert into Bilet (IdBilet, FK_Rachunek) values (411, 'xnsgperkpcijxem');
insert into Teatr_ma_Przedstawienie (FK_Teatr, FK_Przedstawienie, FK_Bilet) values (1, 'gapcatwsivnwlhooieeh', 411);
insert into Bilet (IdBilet, FK_Rachunek) values (412, 'xnsgperkpcijxem');
insert into Teatr_ma_Przedstawienie (FK_Teatr, FK_Przedstawienie, FK_Bilet) values (1, 'gapcatwsivnwlhooieeh', 412);
insert into Rachunek (NrRachunku, DataWystawienia, Stanowisko, Platnosc, Koszt, FK_Sprzedawca) values ('xvyghvupedhhgvi', '2016-08-22', '0843473', 'K', 1009.46, 10);
insert into Bilet (IdBilet, FK_Rachunek) values (535, 'xvyghvupedhhgvi');
insert into Teatr_ma_Przedstawienie (FK_Teatr, FK_Przedstawienie, FK_Bilet) values (1, 'tcorqqxeusoacdklorhw', 535);
insert into Bilet (IdBilet, FK_Rachunek) values (536, 'xvyghvupedhhgvi');
insert into Teatr_ma_Przedstawienie (FK_Teatr, FK_Przedstawienie, FK_Bilet) values (1, 'tcorqqxeusoacdklorhw', 536);
insert into Rachunek (NrRachunku, DataWystawienia, Stanowisko, Platnosc, Koszt, FK_Sprzedawca) values ('tleberfmwrdjcbk', '2016-08-04', '0547235', 'G', 1358.22, 10);
insert into Bilet (IdBilet, FK_Rachunek) values (537, 'tleberfmwrdjcbk');
insert into Teatr_ma_Przedstawienie (FK_Teatr, FK_Przedstawienie, FK_Bilet) values (1, 'tcorqqxeusoacdklorhw', 537);
insert into Bilet (IdBilet, FK_Rachunek) values (538, 'tleberfmwrdjcbk');
insert into Teatr_ma_Przedstawienie (FK_Teatr, FK_Przedstawienie, FK_Bilet) values (1, 'tcorqqxeusoacdklorhw', 538);
insert into Bilet (IdBilet, FK_Rachunek) values (539, 'tleberfmwrdjcbk');
insert into Teatr_ma_Przedstawienie (FK_Teatr, FK_Przedstawienie, FK_Bilet) values (1, 'tcorqqxeusoacdklorhw', 539);
insert into Rachunek (NrRachunku, DataWystawienia, Stanowisko, Platnosc, Koszt, FK_Sprzedawca) values ('fxikqcgylqcycmo', '2016-08-05', '0910876', 'K', 604.77, 10);
insert into Bilet (IdBilet, FK_Rachunek) values (540, 'fxikqcgylqcycmo');
insert into Teatr_ma_Przedstawienie (FK_Teatr, FK_Przedstawienie, FK_Bilet) values (1, 'tcorqqxeusoacdklorhw', 540);
insert into Bilet (IdBilet, FK_Rachunek) values (541, 'fxikqcgylqcycmo');
insert into Teatr_ma_Przedstawienie (FK_Teatr, FK_Przedstawienie, FK_Bilet) values (1, 'tcorqqxeusoacdklorhw', 541);
insert into Rachunek (NrRachunku, DataWystawienia, Stanowisko, Platnosc, Koszt, FK_Sprzedawca) values ('dypohsiuybrjcnd', '2016-08-07', '0363768', 'K', 1781.00, 10);
insert into Bilet (IdBilet, FK_Rachunek) values (542, 'dypohsiuybrjcnd');
insert into Teatr_ma_Przedstawienie (FK_Teatr, FK_Przedstawienie, FK_Bilet) values (1, 'tcorqqxeusoacdklorhw', 542);
insert into Bilet (IdBilet, FK_Rachunek) values (543, 'dypohsiuybrjcnd');
insert into Teatr_ma_Przedstawienie (FK_Teatr, FK_Przedstawienie, FK_Bilet) values (1, 'tcorqqxeusoacdklorhw', 543);
insert into Bilet (IdBilet, FK_Rachunek) values (544, 'dypohsiuybrjcnd');
insert into Teatr_ma_Przedstawienie (FK_Teatr, FK_Przedstawienie, FK_Bilet) values (1, 'tcorqqxeusoacdklorhw', 544);
insert into Rachunek (NrRachunku, DataWystawienia, Stanowisko, Platnosc, Koszt, FK_Sprzedawca) values ('mrntwjyvefmlsjb', '2016-08-10', '0248962', 'K', 1844.99, 10);
insert into Bilet (IdBilet, FK_Rachunek) values (545, 'mrntwjyvefmlsjb');
insert into Teatr_ma_Przedstawienie (FK_Teatr, FK_Przedstawienie, FK_Bilet) values (1, 'tcorqqxeusoacdklorhw', 545);
insert into Bilet (IdBilet, FK_Rachunek) values (546, 'mrntwjyvefmlsjb');
insert into Teatr_ma_Przedstawienie (FK_Teatr, FK_Przedstawienie, FK_Bilet) values (1, 'tcorqqxeusoacdklorhw', 546);
insert into Bilet (IdBilet, FK_Rachunek) values (547, 'mrntwjyvefmlsjb');
insert into Teatr_ma_Przedstawienie (FK_Teatr, FK_Przedstawienie, FK_Bilet) values (1, 'tcorqqxeusoacdklorhw', 547);
insert into Rachunek (NrRachunku, DataWystawienia, Stanowisko, Platnosc, Koszt, FK_Sprzedawca) values ('fqiecnhrxmslgei', '2016-07-28', '0002814', 'G', 720.44, 10);
insert into Bilet (IdBilet, FK_Rachunek) values (1263, 'fqiecnhrxmslgei');
insert into Teatr_ma_Przedstawienie (FK_Teatr, FK_Przedstawienie, FK_Bilet) values (1, 'tcorqqxeusoacdklorhw', 1263);
insert into Bilet (IdBilet, FK_Rachunek) values (1264, 'fqiecnhrxmslgei');
insert into Teatr_ma_Przedstawienie (FK_Teatr, FK_Przedstawienie, FK_Bilet) values (1, 'tcorqqxeusoacdklorhw', 1264);
insert into Rachunek (NrRachunku, DataWystawienia, Stanowisko, Platnosc, Koszt, FK_Sprzedawca) values ('liadmwdgevfddku', '2016-07-28', '0168309', 'G', 620.34, 10);
insert into Bilet (IdBilet, FK_Rachunek) values (1265, 'liadmwdgevfddku');
insert into Teatr_ma_Przedstawienie (FK_Teatr, FK_Przedstawienie, FK_Bilet) values (1, 'tcorqqxeusoacdklorhw', 1265);
insert into Bilet (IdBilet, FK_Rachunek) values (1266, 'liadmwdgevfddku');
insert into Teatr_ma_Przedstawienie (FK_Teatr, FK_Przedstawienie, FK_Bilet) values (1, 'tcorqqxeusoacdklorhw', 1266);
insert into Bilet (IdBilet, FK_Rachunek) values (1267, 'liadmwdgevfddku');
insert into Teatr_ma_Przedstawienie (FK_Teatr, FK_Przedstawienie, FK_Bilet) values (1, 'tcorqqxeusoacdklorhw', 1267);
insert into Rachunek (NrRachunku, DataWystawienia, Stanowisko, Platnosc, Koszt, FK_Sprzedawca) values ('kxdhgkjsyxqwfwd', '2016-08-07', '0624329', 'G', 1891.78, 10);
insert into Bilet (IdBilet, FK_Rachunek) values (1268, 'kxdhgkjsyxqwfwd');
insert into Teatr_ma_Przedstawienie (FK_Teatr, FK_Przedstawienie, FK_Bilet) values (1, 'tcorqqxeusoacdklorhw', 1268);
insert into Bilet (IdBilet, FK_Rachunek) values (1269, 'kxdhgkjsyxqwfwd');
insert into Teatr_ma_Przedstawienie (FK_Teatr, FK_Przedstawienie, FK_Bilet) values (1, 'tcorqqxeusoacdklorhw', 1269);
insert into Bilet (IdBilet, FK_Rachunek) values (1270, 'kxdhgkjsyxqwfwd');
insert into Teatr_ma_Przedstawienie (FK_Teatr, FK_Przedstawienie, FK_Bilet) values (1, 'tcorqqxeusoacdklorhw', 1270);
insert into Rachunek (NrRachunku, DataWystawienia, Stanowisko, Platnosc, Koszt, FK_Sprzedawca) values ('dafhnwpduucjdhw', '2016-08-13', '0057471', 'G', 1366.85, 10);
insert into Bilet (IdBilet, FK_Rachunek) values (1271, 'dafhnwpduucjdhw');
insert into Teatr_ma_Przedstawienie (FK_Teatr, FK_Przedstawienie, FK_Bilet) values (1, 'tcorqqxeusoacdklorhw', 1271);
insert into Rachunek (NrRachunku, DataWystawienia, Stanowisko, Platnosc, Koszt, FK_Sprzedawca) values ('kegccthywwbobev', '2016-08-24', '0542868', 'K', 283.94, 10);
insert into Bilet (IdBilet, FK_Rachunek) values (1272, 'kegccthywwbobev');
insert into Teatr_ma_Przedstawienie (FK_Teatr, FK_Przedstawienie, FK_Bilet) values (1, 'tcorqqxeusoacdklorhw', 1272);
insert into Bilet (IdBilet, FK_Rachunek) values (1273, 'kegccthywwbobev');
insert into Teatr_ma_Przedstawienie (FK_Teatr, FK_Przedstawienie, FK_Bilet) values (1, 'tcorqqxeusoacdklorhw', 1273);
insert into Bilet (IdBilet, FK_Rachunek) values (1274, 'kegccthywwbobev');
insert into Teatr_ma_Przedstawienie (FK_Teatr, FK_Przedstawienie, FK_Bilet) values (1, 'tcorqqxeusoacdklorhw', 1274);
insert into Bilet (IdBilet, FK_Rachunek) values (1275, 'kegccthywwbobev');
insert into Teatr_ma_Przedstawienie (FK_Teatr, FK_Przedstawienie, FK_Bilet) values (1, 'tcorqqxeusoacdklorhw', 1275);
insert into Rachunek (NrRachunku, DataWystawienia, Stanowisko, Platnosc, Koszt, FK_Sprzedawca) values ('ueofgfaqxsrxhch', '2017-03-23', '0178250', 'K', 750.59, 10);
insert into Bilet (IdBilet, FK_Rachunek) values (1394, 'ueofgfaqxsrxhch');
insert into Teatr_ma_Przedstawienie (FK_Teatr, FK_Przedstawienie, FK_Bilet) values (1, 'ehdqklgqblmmslbbflyl', 1394);
insert into Rachunek (NrRachunku, DataWystawienia, Stanowisko, Platnosc, Koszt, FK_Sprzedawca) values ('bxjgogcinowohph', '2017-03-16', '0386323', 'G', 659.08, 10);
insert into Bilet (IdBilet, FK_Rachunek) values (1395, 'bxjgogcinowohph');
insert into Teatr_ma_Przedstawienie (FK_Teatr, FK_Przedstawienie, FK_Bilet) values (1, 'ehdqklgqblmmslbbflyl', 1395);
insert into Bilet (IdBilet, FK_Rachunek) values (1396, 'bxjgogcinowohph');
insert into Teatr_ma_Przedstawienie (FK_Teatr, FK_Przedstawienie, FK_Bilet) values (1, 'ehdqklgqblmmslbbflyl', 1396);
insert into Rachunek (NrRachunku, DataWystawienia, Stanowisko, Platnosc, Koszt, FK_Sprzedawca) values ('ixoqabnptqjgewu', '2017-03-10', '0502186', 'G', 1415.31, 10);
insert into Bilet (IdBilet, FK_Rachunek) values (1397, 'ixoqabnptqjgewu');
insert into Teatr_ma_Przedstawienie (FK_Teatr, FK_Przedstawienie, FK_Bilet) values (1, 'ehdqklgqblmmslbbflyl', 1397);
insert into Bilet (IdBilet, FK_Rachunek) values (1398, 'ixoqabnptqjgewu');
insert into Teatr_ma_Przedstawienie (FK_Teatr, FK_Przedstawienie, FK_Bilet) values (1, 'ehdqklgqblmmslbbflyl', 1398);
insert into Rachunek (NrRachunku, DataWystawienia, Stanowisko, Platnosc, Koszt, FK_Sprzedawca) values ('wsjwwhitvosvaqi', '2017-04-06', '0538557', 'K', 1875.38, 10);
insert into Bilet (IdBilet, FK_Rachunek) values (1399, 'wsjwwhitvosvaqi');
insert into Teatr_ma_Przedstawienie (FK_Teatr, FK_Przedstawienie, FK_Bilet) values (1, 'ehdqklgqblmmslbbflyl', 1399);
insert into Rachunek (NrRachunku, DataWystawienia, Stanowisko, Platnosc, Koszt, FK_Sprzedawca) values ('prbqktipbfmipoe', '2017-03-27', '0689120', 'K', 982.58, 10);
insert into Bilet (IdBilet, FK_Rachunek) values (1400, 'prbqktipbfmipoe');
insert into Teatr_ma_Przedstawienie (FK_Teatr, FK_Przedstawienie, FK_Bilet) values (1, 'ehdqklgqblmmslbbflyl', 1400);
insert into Bilet (IdBilet, FK_Rachunek) values (1401, 'prbqktipbfmipoe');
insert into Teatr_ma_Przedstawienie (FK_Teatr, FK_Przedstawienie, FK_Bilet) values (1, 'ehdqklgqblmmslbbflyl', 1401);
insert into Bilet (IdBilet, FK_Rachunek) values (1402, 'prbqktipbfmipoe');
insert into Teatr_ma_Przedstawienie (FK_Teatr, FK_Przedstawienie, FK_Bilet) values (1, 'ehdqklgqblmmslbbflyl', 1402);
insert into Rachunek (NrRachunku, DataWystawienia, Stanowisko, Platnosc, Koszt, FK_Sprzedawca) values ('yxksqdfjsyydsbh', '2017-03-28', '0026443', 'G', 1192.13, 10);
insert into Bilet (IdBilet, FK_Rachunek) values (1403, 'yxksqdfjsyydsbh');
insert into Teatr_ma_Przedstawienie (FK_Teatr, FK_Przedstawienie, FK_Bilet) values (1, 'ehdqklgqblmmslbbflyl', 1403);
insert into Bilet (IdBilet, FK_Rachunek) values (1404, 'yxksqdfjsyydsbh');
insert into Teatr_ma_Przedstawienie (FK_Teatr, FK_Przedstawienie, FK_Bilet) values (1, 'ehdqklgqblmmslbbflyl', 1404);
insert into Bilet (IdBilet, FK_Rachunek) values (1405, 'yxksqdfjsyydsbh');
insert into Teatr_ma_Przedstawienie (FK_Teatr, FK_Przedstawienie, FK_Bilet) values (1, 'ehdqklgqblmmslbbflyl', 1405);
insert into Bilet (IdBilet, FK_Rachunek) values (1406, 'yxksqdfjsyydsbh');
insert into Teatr_ma_Przedstawienie (FK_Teatr, FK_Przedstawienie, FK_Bilet) values (1, 'ehdqklgqblmmslbbflyl', 1406);
insert into Rachunek (NrRachunku, DataWystawienia, Stanowisko, Platnosc, Koszt, FK_Sprzedawca) values ('bsqyifhvakbmvhc', '2016-12-13', '0213822', 'K', 1899.50, 10);
insert into Bilet (IdBilet, FK_Rachunek) values (1524, 'bsqyifhvakbmvhc');
insert into Teatr_ma_Przedstawienie (FK_Teatr, FK_Przedstawienie, FK_Bilet) values (1, 'crxcmxodjvogjpagqhhr', 1524);
insert into Bilet (IdBilet, FK_Rachunek) values (1525, 'bsqyifhvakbmvhc');
insert into Teatr_ma_Przedstawienie (FK_Teatr, FK_Przedstawienie, FK_Bilet) values (1, 'crxcmxodjvogjpagqhhr', 1525);
insert into Bilet (IdBilet, FK_Rachunek) values (1526, 'bsqyifhvakbmvhc');
insert into Teatr_ma_Przedstawienie (FK_Teatr, FK_Przedstawienie, FK_Bilet) values (1, 'crxcmxodjvogjpagqhhr', 1526);
insert into Bilet (IdBilet, FK_Rachunek) values (1527, 'bsqyifhvakbmvhc');
insert into Teatr_ma_Przedstawienie (FK_Teatr, FK_Przedstawienie, FK_Bilet) values (1, 'crxcmxodjvogjpagqhhr', 1527);
insert into Rachunek (NrRachunku, DataWystawienia, Stanowisko, Platnosc, Koszt, FK_Sprzedawca) values ('xbjferogoiepmbs', '2017-01-02', '0733409', 'G', 1268.17, 10);
insert into Bilet (IdBilet, FK_Rachunek) values (1528, 'xbjferogoiepmbs');
insert into Teatr_ma_Przedstawienie (FK_Teatr, FK_Przedstawienie, FK_Bilet) values (1, 'crxcmxodjvogjpagqhhr', 1528);
insert into Bilet (IdBilet, FK_Rachunek) values (1529, 'xbjferogoiepmbs');
insert into Teatr_ma_Przedstawienie (FK_Teatr, FK_Przedstawienie, FK_Bilet) values (1, 'crxcmxodjvogjpagqhhr', 1529);
insert into Bilet (IdBilet, FK_Rachunek) values (1530, 'xbjferogoiepmbs');
insert into Teatr_ma_Przedstawienie (FK_Teatr, FK_Przedstawienie, FK_Bilet) values (1, 'crxcmxodjvogjpagqhhr', 1530);
insert into Rachunek (NrRachunku, DataWystawienia, Stanowisko, Platnosc, Koszt, FK_Sprzedawca) values ('btjyfjbwkjdpjnq', '2016-12-30', '0707769', 'G', 1275.77, 10);
insert into Bilet (IdBilet, FK_Rachunek) values (1531, 'btjyfjbwkjdpjnq');
insert into Teatr_ma_Przedstawienie (FK_Teatr, FK_Przedstawienie, FK_Bilet) values (1, 'crxcmxodjvogjpagqhhr', 1531);
insert into Rachunek (NrRachunku, DataWystawienia, Stanowisko, Platnosc, Koszt, FK_Sprzedawca) values ('iuisjillqlmmcpd', '2016-12-13', '0329144', 'G', 1849.96, 10);
insert into Bilet (IdBilet, FK_Rachunek) values (1532, 'iuisjillqlmmcpd');
insert into Teatr_ma_Przedstawienie (FK_Teatr, FK_Przedstawienie, FK_Bilet) values (1, 'crxcmxodjvogjpagqhhr', 1532);
insert into Rachunek (NrRachunku, DataWystawienia, Stanowisko, Platnosc, Koszt, FK_Sprzedawca) values ('ouugihcwcsvexvb', '2016-12-22', '0492736', 'K', 188.84, 10);
insert into Bilet (IdBilet, FK_Rachunek) values (1533, 'ouugihcwcsvexvb');
insert into Teatr_ma_Przedstawienie (FK_Teatr, FK_Przedstawienie, FK_Bilet) values (1, 'crxcmxodjvogjpagqhhr', 1533);
insert into Rachunek (NrRachunku, DataWystawienia, Stanowisko, Platnosc, Koszt, FK_Sprzedawca) values ('cerwyihsrkphrms', '2016-12-25', '0188883', 'K', 1640.62, 10);
insert into Bilet (IdBilet, FK_Rachunek) values (1534, 'cerwyihsrkphrms');
insert into Teatr_ma_Przedstawienie (FK_Teatr, FK_Przedstawienie, FK_Bilet) values (1, 'crxcmxodjvogjpagqhhr', 1534);
insert into Bilet (IdBilet, FK_Rachunek) values (1535, 'cerwyihsrkphrms');
insert into Teatr_ma_Przedstawienie (FK_Teatr, FK_Przedstawienie, FK_Bilet) values (1, 'crxcmxodjvogjpagqhhr', 1535);
insert into Bilet (IdBilet, FK_Rachunek) values (1536, 'cerwyihsrkphrms');
insert into Teatr_ma_Przedstawienie (FK_Teatr, FK_Przedstawienie, FK_Bilet) values (1, 'crxcmxodjvogjpagqhhr', 1536);
insert into Sprzedawca (IDSprzedawca, Imie, Nazwisko) values (11, 'Willodean', 'Womack');
insert into Rachunek (NrRachunku, DataWystawienia, Stanowisko, Platnosc, Koszt, FK_Sprzedawca) values ('ucoequsimopyeli', '2016-02-18', '0694792', 'G', 868.68, 11);
insert into Bilet (IdBilet, FK_Rachunek) values (413, 'ucoequsimopyeli');
insert into Teatr_ma_Przedstawienie (FK_Teatr, FK_Przedstawienie, FK_Bilet) values (1, 'gapcatwsivnwlhooieeh', 413);
insert into Bilet (IdBilet, FK_Rachunek) values (414, 'ucoequsimopyeli');
insert into Teatr_ma_Przedstawienie (FK_Teatr, FK_Przedstawienie, FK_Bilet) values (1, 'gapcatwsivnwlhooieeh', 414);
insert into Rachunek (NrRachunku, DataWystawienia, Stanowisko, Platnosc, Koszt, FK_Sprzedawca) values ('nwaecahxruwjmti', '2016-02-22', '0469903', 'K', 1758.26, 11);
insert into Bilet (IdBilet, FK_Rachunek) values (415, 'nwaecahxruwjmti');
insert into Teatr_ma_Przedstawienie (FK_Teatr, FK_Przedstawienie, FK_Bilet) values (1, 'gapcatwsivnwlhooieeh', 415);
insert into Rachunek (NrRachunku, DataWystawienia, Stanowisko, Platnosc, Koszt, FK_Sprzedawca) values ('jdekptxooxeffqa', '2016-03-04', '0299316', 'G', 1866.76, 11);
insert into Bilet (IdBilet, FK_Rachunek) values (416, 'jdekptxooxeffqa');
insert into Teatr_ma_Przedstawienie (FK_Teatr, FK_Przedstawienie, FK_Bilet) values (1, 'gapcatwsivnwlhooieeh', 416);
insert into Rachunek (NrRachunku, DataWystawienia, Stanowisko, Platnosc, Koszt, FK_Sprzedawca) values ('emxhnkiscmmdvjs', '2016-02-26', '0552034', 'G', 1410.57, 11);
insert into Bilet (IdBilet, FK_Rachunek) values (417, 'emxhnkiscmmdvjs');
insert into Teatr_ma_Przedstawienie (FK_Teatr, FK_Przedstawienie, FK_Bilet) values (1, 'gapcatwsivnwlhooieeh', 417);
insert into Bilet (IdBilet, FK_Rachunek) values (418, 'emxhnkiscmmdvjs');
insert into Teatr_ma_Przedstawienie (FK_Teatr, FK_Przedstawienie, FK_Bilet) values (1, 'gapcatwsivnwlhooieeh', 418);
insert into Bilet (IdBilet, FK_Rachunek) values (419, 'emxhnkiscmmdvjs');
insert into Teatr_ma_Przedstawienie (FK_Teatr, FK_Przedstawienie, FK_Bilet) values (1, 'gapcatwsivnwlhooieeh', 419);
insert into Rachunek (NrRachunku, DataWystawienia, Stanowisko, Platnosc, Koszt, FK_Sprzedawca) values ('lgneelttvoohlgw', '2016-02-25', '0109651', 'G', 1750.66, 11);
insert into Bilet (IdBilet, FK_Rachunek) values (420, 'lgneelttvoohlgw');
insert into Teatr_ma_Przedstawienie (FK_Teatr, FK_Przedstawienie, FK_Bilet) values (1, 'gapcatwsivnwlhooieeh', 420);
insert into Bilet (IdBilet, FK_Rachunek) values (421, 'lgneelttvoohlgw');
insert into Teatr_ma_Przedstawienie (FK_Teatr, FK_Przedstawienie, FK_Bilet) values (1, 'gapcatwsivnwlhooieeh', 421);
insert into Bilet (IdBilet, FK_Rachunek) values (422, 'lgneelttvoohlgw');
insert into Teatr_ma_Przedstawienie (FK_Teatr, FK_Przedstawienie, FK_Bilet) values (1, 'gapcatwsivnwlhooieeh', 422);
insert into Bilet (IdBilet, FK_Rachunek) values (423, 'lgneelttvoohlgw');
insert into Teatr_ma_Przedstawienie (FK_Teatr, FK_Przedstawienie, FK_Bilet) values (1, 'gapcatwsivnwlhooieeh', 423);
insert into Rachunek (NrRachunku, DataWystawienia, Stanowisko, Platnosc, Koszt, FK_Sprzedawca) values ('tchrpjlffwbjcxc', '2016-03-04', '0847039', 'G', 1670.04, 11);
insert into Bilet (IdBilet, FK_Rachunek) values (424, 'tchrpjlffwbjcxc');
insert into Teatr_ma_Przedstawienie (FK_Teatr, FK_Przedstawienie, FK_Bilet) values (1, 'gapcatwsivnwlhooieeh', 424);
insert into Bilet (IdBilet, FK_Rachunek) values (425, 'tchrpjlffwbjcxc');
insert into Teatr_ma_Przedstawienie (FK_Teatr, FK_Przedstawienie, FK_Bilet) values (1, 'gapcatwsivnwlhooieeh', 425);
insert into Bilet (IdBilet, FK_Rachunek) values (426, 'tchrpjlffwbjcxc');
insert into Teatr_ma_Przedstawienie (FK_Teatr, FK_Przedstawienie, FK_Bilet) values (1, 'gapcatwsivnwlhooieeh', 426);
insert into Bilet (IdBilet, FK_Rachunek) values (427, 'tchrpjlffwbjcxc');
insert into Teatr_ma_Przedstawienie (FK_Teatr, FK_Przedstawienie, FK_Bilet) values (1, 'gapcatwsivnwlhooieeh', 427);
insert into Rachunek (NrRachunku, DataWystawienia, Stanowisko, Platnosc, Koszt, FK_Sprzedawca) values ('rcahoetnsqwdjix', '2016-08-11', '0712713', 'K', 1986.15, 11);
insert into Bilet (IdBilet, FK_Rachunek) values (548, 'rcahoetnsqwdjix');
insert into Teatr_ma_Przedstawienie (FK_Teatr, FK_Przedstawienie, FK_Bilet) values (1, 'tcorqqxeusoacdklorhw', 548);
insert into Bilet (IdBilet, FK_Rachunek) values (549, 'rcahoetnsqwdjix');
insert into Teatr_ma_Przedstawienie (FK_Teatr, FK_Przedstawienie, FK_Bilet) values (1, 'tcorqqxeusoacdklorhw', 549);
insert into Bilet (IdBilet, FK_Rachunek) values (550, 'rcahoetnsqwdjix');
insert into Teatr_ma_Przedstawienie (FK_Teatr, FK_Przedstawienie, FK_Bilet) values (1, 'tcorqqxeusoacdklorhw', 550);
insert into Bilet (IdBilet, FK_Rachunek) values (551, 'rcahoetnsqwdjix');
insert into Teatr_ma_Przedstawienie (FK_Teatr, FK_Przedstawienie, FK_Bilet) values (1, 'tcorqqxeusoacdklorhw', 551);
insert into Rachunek (NrRachunku, DataWystawienia, Stanowisko, Platnosc, Koszt, FK_Sprzedawca) values ('rdkhejlhofedkit', '2016-08-13', '0039520', 'G', 1747.41, 11);
insert into Bilet (IdBilet, FK_Rachunek) values (552, 'rdkhejlhofedkit');
insert into Teatr_ma_Przedstawienie (FK_Teatr, FK_Przedstawienie, FK_Bilet) values (1, 'tcorqqxeusoacdklorhw', 552);
insert into Bilet (IdBilet, FK_Rachunek) values (553, 'rdkhejlhofedkit');
insert into Teatr_ma_Przedstawienie (FK_Teatr, FK_Przedstawienie, FK_Bilet) values (1, 'tcorqqxeusoacdklorhw', 553);
insert into Bilet (IdBilet, FK_Rachunek) values (554, 'rdkhejlhofedkit');
insert into Teatr_ma_Przedstawienie (FK_Teatr, FK_Przedstawienie, FK_Bilet) values (1, 'tcorqqxeusoacdklorhw', 554);
insert into Rachunek (NrRachunku, DataWystawienia, Stanowisko, Platnosc, Koszt, FK_Sprzedawca) values ('gokwipjuyyreucy', '2016-08-04', '0192507', 'G', 1911.45, 11);
insert into Bilet (IdBilet, FK_Rachunek) values (555, 'gokwipjuyyreucy');
insert into Teatr_ma_Przedstawienie (FK_Teatr, FK_Przedstawienie, FK_Bilet) values (1, 'tcorqqxeusoacdklorhw', 555);
insert into Bilet (IdBilet, FK_Rachunek) values (556, 'gokwipjuyyreucy');
insert into Teatr_ma_Przedstawienie (FK_Teatr, FK_Przedstawienie, FK_Bilet) values (1, 'tcorqqxeusoacdklorhw', 556);
insert into Bilet (IdBilet, FK_Rachunek) values (557, 'gokwipjuyyreucy');
insert into Teatr_ma_Przedstawienie (FK_Teatr, FK_Przedstawienie, FK_Bilet) values (1, 'tcorqqxeusoacdklorhw', 557);
insert into Bilet (IdBilet, FK_Rachunek) values (558, 'gokwipjuyyreucy');
insert into Teatr_ma_Przedstawienie (FK_Teatr, FK_Przedstawienie, FK_Bilet) values (1, 'tcorqqxeusoacdklorhw', 558);
insert into Rachunek (NrRachunku, DataWystawienia, Stanowisko, Platnosc, Koszt, FK_Sprzedawca) values ('gpmfnjbkfqgtkcj', '2016-08-26', '0468771', 'G', 428.95, 11);
insert into Bilet (IdBilet, FK_Rachunek) values (559, 'gpmfnjbkfqgtkcj');
insert into Teatr_ma_Przedstawienie (FK_Teatr, FK_Przedstawienie, FK_Bilet) values (1, 'tcorqqxeusoacdklorhw', 559);
insert into Bilet (IdBilet, FK_Rachunek) values (560, 'gpmfnjbkfqgtkcj');
insert into Teatr_ma_Przedstawienie (FK_Teatr, FK_Przedstawienie, FK_Bilet) values (1, 'tcorqqxeusoacdklorhw', 560);
insert into Bilet (IdBilet, FK_Rachunek) values (561, 'gpmfnjbkfqgtkcj');
insert into Teatr_ma_Przedstawienie (FK_Teatr, FK_Przedstawienie, FK_Bilet) values (1, 'tcorqqxeusoacdklorhw', 561);
insert into Bilet (IdBilet, FK_Rachunek) values (562, 'gpmfnjbkfqgtkcj');
insert into Teatr_ma_Przedstawienie (FK_Teatr, FK_Przedstawienie, FK_Bilet) values (1, 'tcorqqxeusoacdklorhw', 562);
insert into Rachunek (NrRachunku, DataWystawienia, Stanowisko, Platnosc, Koszt, FK_Sprzedawca) values ('ywjbsfxvvwtuime', '2016-08-08', '0768932', 'K', 1201.84, 11);
insert into Bilet (IdBilet, FK_Rachunek) values (1276, 'ywjbsfxvvwtuime');
insert into Teatr_ma_Przedstawienie (FK_Teatr, FK_Przedstawienie, FK_Bilet) values (1, 'tcorqqxeusoacdklorhw', 1276);
insert into Bilet (IdBilet, FK_Rachunek) values (1277, 'ywjbsfxvvwtuime');
insert into Teatr_ma_Przedstawienie (FK_Teatr, FK_Przedstawienie, FK_Bilet) values (1, 'tcorqqxeusoacdklorhw', 1277);
insert into Bilet (IdBilet, FK_Rachunek) values (1278, 'ywjbsfxvvwtuime');
insert into Teatr_ma_Przedstawienie (FK_Teatr, FK_Przedstawienie, FK_Bilet) values (1, 'tcorqqxeusoacdklorhw', 1278);
insert into Rachunek (NrRachunku, DataWystawienia, Stanowisko, Platnosc, Koszt, FK_Sprzedawca) values ('bglcnmpctiuahjm', '2016-08-08', '0438217', 'G', 616.33, 11);
insert into Bilet (IdBilet, FK_Rachunek) values (1279, 'bglcnmpctiuahjm');
insert into Teatr_ma_Przedstawienie (FK_Teatr, FK_Przedstawienie, FK_Bilet) values (1, 'tcorqqxeusoacdklorhw', 1279);
insert into Bilet (IdBilet, FK_Rachunek) values (1280, 'bglcnmpctiuahjm');
insert into Teatr_ma_Przedstawienie (FK_Teatr, FK_Przedstawienie, FK_Bilet) values (1, 'tcorqqxeusoacdklorhw', 1280);
insert into Rachunek (NrRachunku, DataWystawienia, Stanowisko, Platnosc, Koszt, FK_Sprzedawca) values ('hoxyueyboqmhkfh', '2016-08-17', '0413330', 'K', 578.92, 11);
insert into Bilet (IdBilet, FK_Rachunek) values (1281, 'hoxyueyboqmhkfh');
insert into Teatr_ma_Przedstawienie (FK_Teatr, FK_Przedstawienie, FK_Bilet) values (1, 'tcorqqxeusoacdklorhw', 1281);
insert into Bilet (IdBilet, FK_Rachunek) values (1282, 'hoxyueyboqmhkfh');
insert into Teatr_ma_Przedstawienie (FK_Teatr, FK_Przedstawienie, FK_Bilet) values (1, 'tcorqqxeusoacdklorhw', 1282);
insert into Bilet (IdBilet, FK_Rachunek) values (1283, 'hoxyueyboqmhkfh');
insert into Teatr_ma_Przedstawienie (FK_Teatr, FK_Przedstawienie, FK_Bilet) values (1, 'tcorqqxeusoacdklorhw', 1283);
insert into Bilet (IdBilet, FK_Rachunek) values (1284, 'hoxyueyboqmhkfh');
insert into Teatr_ma_Przedstawienie (FK_Teatr, FK_Przedstawienie, FK_Bilet) values (1, 'tcorqqxeusoacdklorhw', 1284);
insert into Rachunek (NrRachunku, DataWystawienia, Stanowisko, Platnosc, Koszt, FK_Sprzedawca) values ('xymsvudyqjjuosx', '2016-08-07', '0151180', 'K', 1078.19, 11);
insert into Bilet (IdBilet, FK_Rachunek) values (1285, 'xymsvudyqjjuosx');
insert into Teatr_ma_Przedstawienie (FK_Teatr, FK_Przedstawienie, FK_Bilet) values (1, 'tcorqqxeusoacdklorhw', 1285);
insert into Bilet (IdBilet, FK_Rachunek) values (1286, 'xymsvudyqjjuosx');
insert into Teatr_ma_Przedstawienie (FK_Teatr, FK_Przedstawienie, FK_Bilet) values (1, 'tcorqqxeusoacdklorhw', 1286);
insert into Bilet (IdBilet, FK_Rachunek) values (1287, 'xymsvudyqjjuosx');
insert into Teatr_ma_Przedstawienie (FK_Teatr, FK_Przedstawienie, FK_Bilet) values (1, 'tcorqqxeusoacdklorhw', 1287);
insert into Rachunek (NrRachunku, DataWystawienia, Stanowisko, Platnosc, Koszt, FK_Sprzedawca) values ('emxlarfmmandirj', '2017-04-06', '0254866', 'K', 100.71, 11);
insert into Bilet (IdBilet, FK_Rachunek) values (1407, 'emxlarfmmandirj');
insert into Teatr_ma_Przedstawienie (FK_Teatr, FK_Przedstawienie, FK_Bilet) values (1, 'ehdqklgqblmmslbbflyl', 1407);
insert into Rachunek (NrRachunku, DataWystawienia, Stanowisko, Platnosc, Koszt, FK_Sprzedawca) values ('yseqoulhyfkhirk', '2017-03-15', '0624486', 'K', 1416.57, 11);
insert into Bilet (IdBilet, FK_Rachunek) values (1408, 'yseqoulhyfkhirk');
insert into Teatr_ma_Przedstawienie (FK_Teatr, FK_Przedstawienie, FK_Bilet) values (1, 'ehdqklgqblmmslbbflyl', 1408);
insert into Bilet (IdBilet, FK_Rachunek) values (1409, 'yseqoulhyfkhirk');
insert into Teatr_ma_Przedstawienie (FK_Teatr, FK_Przedstawienie, FK_Bilet) values (1, 'ehdqklgqblmmslbbflyl', 1409);
insert into Bilet (IdBilet, FK_Rachunek) values (1410, 'yseqoulhyfkhirk');
insert into Teatr_ma_Przedstawienie (FK_Teatr, FK_Przedstawienie, FK_Bilet) values (1, 'ehdqklgqblmmslbbflyl', 1410);
insert into Bilet (IdBilet, FK_Rachunek) values (1411, 'yseqoulhyfkhirk');
insert into Teatr_ma_Przedstawienie (FK_Teatr, FK_Przedstawienie, FK_Bilet) values (1, 'ehdqklgqblmmslbbflyl', 1411);
insert into Rachunek (NrRachunku, DataWystawienia, Stanowisko, Platnosc, Koszt, FK_Sprzedawca) values ('qpotbykdomtkwsd', '2017-03-11', '0498625', 'G', 770.44, 11);
insert into Bilet (IdBilet, FK_Rachunek) values (1412, 'qpotbykdomtkwsd');
insert into Teatr_ma_Przedstawienie (FK_Teatr, FK_Przedstawienie, FK_Bilet) values (1, 'ehdqklgqblmmslbbflyl', 1412);
insert into Bilet (IdBilet, FK_Rachunek) values (1413, 'qpotbykdomtkwsd');
insert into Teatr_ma_Przedstawienie (FK_Teatr, FK_Przedstawienie, FK_Bilet) values (1, 'ehdqklgqblmmslbbflyl', 1413);
insert into Bilet (IdBilet, FK_Rachunek) values (1414, 'qpotbykdomtkwsd');
insert into Teatr_ma_Przedstawienie (FK_Teatr, FK_Przedstawienie, FK_Bilet) values (1, 'ehdqklgqblmmslbbflyl', 1414);
insert into Rachunek (NrRachunku, DataWystawienia, Stanowisko, Platnosc, Koszt, FK_Sprzedawca) values ('avriygxbmmsfxfo', '2017-03-12', '0238663', 'K', 1259.85, 11);
insert into Bilet (IdBilet, FK_Rachunek) values (1415, 'avriygxbmmsfxfo');
insert into Teatr_ma_Przedstawienie (FK_Teatr, FK_Przedstawienie, FK_Bilet) values (1, 'ehdqklgqblmmslbbflyl', 1415);
insert into Rachunek (NrRachunku, DataWystawienia, Stanowisko, Platnosc, Koszt, FK_Sprzedawca) values ('jwucjwnnqjoopdu', '2017-03-10', '0824988', 'K', 730.47, 11);
insert into Bilet (IdBilet, FK_Rachunek) values (1416, 'jwucjwnnqjoopdu');
insert into Teatr_ma_Przedstawienie (FK_Teatr, FK_Przedstawienie, FK_Bilet) values (1, 'ehdqklgqblmmslbbflyl', 1416);
insert into Bilet (IdBilet, FK_Rachunek) values (1417, 'jwucjwnnqjoopdu');
insert into Teatr_ma_Przedstawienie (FK_Teatr, FK_Przedstawienie, FK_Bilet) values (1, 'ehdqklgqblmmslbbflyl', 1417);
insert into Bilet (IdBilet, FK_Rachunek) values (1418, 'jwucjwnnqjoopdu');
insert into Teatr_ma_Przedstawienie (FK_Teatr, FK_Przedstawienie, FK_Bilet) values (1, 'ehdqklgqblmmslbbflyl', 1418);
insert into Bilet (IdBilet, FK_Rachunek) values (1419, 'jwucjwnnqjoopdu');
insert into Teatr_ma_Przedstawienie (FK_Teatr, FK_Przedstawienie, FK_Bilet) values (1, 'ehdqklgqblmmslbbflyl', 1419);
insert into Rachunek (NrRachunku, DataWystawienia, Stanowisko, Platnosc, Koszt, FK_Sprzedawca) values ('vyggthucejgwgym', '2016-12-14', '0329656', 'K', 1158.63, 11);
insert into Bilet (IdBilet, FK_Rachunek) values (1537, 'vyggthucejgwgym');
insert into Teatr_ma_Przedstawienie (FK_Teatr, FK_Przedstawienie, FK_Bilet) values (1, 'crxcmxodjvogjpagqhhr', 1537);
insert into Bilet (IdBilet, FK_Rachunek) values (1538, 'vyggthucejgwgym');
insert into Teatr_ma_Przedstawienie (FK_Teatr, FK_Przedstawienie, FK_Bilet) values (1, 'crxcmxodjvogjpagqhhr', 1538);
insert into Bilet (IdBilet, FK_Rachunek) values (1539, 'vyggthucejgwgym');
insert into Teatr_ma_Przedstawienie (FK_Teatr, FK_Przedstawienie, FK_Bilet) values (1, 'crxcmxodjvogjpagqhhr', 1539);
insert into Bilet (IdBilet, FK_Rachunek) values (1540, 'vyggthucejgwgym');
insert into Teatr_ma_Przedstawienie (FK_Teatr, FK_Przedstawienie, FK_Bilet) values (1, 'crxcmxodjvogjpagqhhr', 1540);
insert into Rachunek (NrRachunku, DataWystawienia, Stanowisko, Platnosc, Koszt, FK_Sprzedawca) values ('dmopjhtepugccvs', '2017-01-01', '0981747', 'G', 958.40, 11);
insert into Bilet (IdBilet, FK_Rachunek) values (1541, 'dmopjhtepugccvs');
insert into Teatr_ma_Przedstawienie (FK_Teatr, FK_Przedstawienie, FK_Bilet) values (1, 'crxcmxodjvogjpagqhhr', 1541);
insert into Bilet (IdBilet, FK_Rachunek) values (1542, 'dmopjhtepugccvs');
insert into Teatr_ma_Przedstawienie (FK_Teatr, FK_Przedstawienie, FK_Bilet) values (1, 'crxcmxodjvogjpagqhhr', 1542);
insert into Bilet (IdBilet, FK_Rachunek) values (1543, 'dmopjhtepugccvs');
insert into Teatr_ma_Przedstawienie (FK_Teatr, FK_Przedstawienie, FK_Bilet) values (1, 'crxcmxodjvogjpagqhhr', 1543);
insert into Rachunek (NrRachunku, DataWystawienia, Stanowisko, Platnosc, Koszt, FK_Sprzedawca) values ('yjjiwvwqcsgcnns', '2016-12-16', '0530385', 'K', 60.90, 11);
insert into Bilet (IdBilet, FK_Rachunek) values (1544, 'yjjiwvwqcsgcnns');
insert into Teatr_ma_Przedstawienie (FK_Teatr, FK_Przedstawienie, FK_Bilet) values (1, 'crxcmxodjvogjpagqhhr', 1544);
insert into Bilet (IdBilet, FK_Rachunek) values (1545, 'yjjiwvwqcsgcnns');
insert into Teatr_ma_Przedstawienie (FK_Teatr, FK_Przedstawienie, FK_Bilet) values (1, 'crxcmxodjvogjpagqhhr', 1545);
insert into Rachunek (NrRachunku, DataWystawienia, Stanowisko, Platnosc, Koszt, FK_Sprzedawca) values ('lbsegcscdkbuplm', '2016-12-25', '0113239', 'G', 603.52, 11);
insert into Bilet (IdBilet, FK_Rachunek) values (1546, 'lbsegcscdkbuplm');
insert into Teatr_ma_Przedstawienie (FK_Teatr, FK_Przedstawienie, FK_Bilet) values (1, 'crxcmxodjvogjpagqhhr', 1546);
insert into Rachunek (NrRachunku, DataWystawienia, Stanowisko, Platnosc, Koszt, FK_Sprzedawca) values ('frgljvnwcqgvmwc', '2016-12-25', '0718186', 'K', 1772.40, 11);
insert into Bilet (IdBilet, FK_Rachunek) values (1547, 'frgljvnwcqgvmwc');
insert into Teatr_ma_Przedstawienie (FK_Teatr, FK_Przedstawienie, FK_Bilet) values (1, 'crxcmxodjvogjpagqhhr', 1547);
insert into Bilet (IdBilet, FK_Rachunek) values (1548, 'frgljvnwcqgvmwc');
insert into Teatr_ma_Przedstawienie (FK_Teatr, FK_Przedstawienie, FK_Bilet) values (1, 'crxcmxodjvogjpagqhhr', 1548);
insert into Bilet (IdBilet, FK_Rachunek) values (1549, 'frgljvnwcqgvmwc');
insert into Teatr_ma_Przedstawienie (FK_Teatr, FK_Przedstawienie, FK_Bilet) values (1, 'crxcmxodjvogjpagqhhr', 1549);
insert into Bilet (IdBilet, FK_Rachunek) values (1550, 'frgljvnwcqgvmwc');
insert into Teatr_ma_Przedstawienie (FK_Teatr, FK_Przedstawienie, FK_Bilet) values (1, 'crxcmxodjvogjpagqhhr', 1550);
insert into Sprzedawca (IDSprzedawca, Imie, Nazwisko) values (12, 'Cher', 'Davila');
insert into Rachunek (NrRachunku, DataWystawienia, Stanowisko, Platnosc, Koszt, FK_Sprzedawca) values ('qbfumxqalnjsbsx', '2016-02-21', '0820381', 'G', 907.40, 12);
insert into Bilet (IdBilet, FK_Rachunek) values (428, 'qbfumxqalnjsbsx');
insert into Teatr_ma_Przedstawienie (FK_Teatr, FK_Przedstawienie, FK_Bilet) values (1, 'gapcatwsivnwlhooieeh', 428);
insert into Bilet (IdBilet, FK_Rachunek) values (429, 'qbfumxqalnjsbsx');
insert into Teatr_ma_Przedstawienie (FK_Teatr, FK_Przedstawienie, FK_Bilet) values (1, 'gapcatwsivnwlhooieeh', 429);
insert into Bilet (IdBilet, FK_Rachunek) values (430, 'qbfumxqalnjsbsx');
insert into Teatr_ma_Przedstawienie (FK_Teatr, FK_Przedstawienie, FK_Bilet) values (1, 'gapcatwsivnwlhooieeh', 430);
insert into Rachunek (NrRachunku, DataWystawienia, Stanowisko, Platnosc, Koszt, FK_Sprzedawca) values ('dwlerkuesjyaihd', '2016-02-12', '0165731', 'G', 153.36, 12);
insert into Bilet (IdBilet, FK_Rachunek) values (431, 'dwlerkuesjyaihd');
insert into Teatr_ma_Przedstawienie (FK_Teatr, FK_Przedstawienie, FK_Bilet) values (1, 'gapcatwsivnwlhooieeh', 431);
insert into Rachunek (NrRachunku, DataWystawienia, Stanowisko, Platnosc, Koszt, FK_Sprzedawca) values ('cruswncqtydbudf', '2016-02-14', '0001211', 'K', 872.22, 12);
insert into Bilet (IdBilet, FK_Rachunek) values (432, 'cruswncqtydbudf');
insert into Teatr_ma_Przedstawienie (FK_Teatr, FK_Przedstawienie, FK_Bilet) values (1, 'gapcatwsivnwlhooieeh', 432);
insert into Bilet (IdBilet, FK_Rachunek) values (433, 'cruswncqtydbudf');
insert into Teatr_ma_Przedstawienie (FK_Teatr, FK_Przedstawienie, FK_Bilet) values (1, 'gapcatwsivnwlhooieeh', 433);
insert into Bilet (IdBilet, FK_Rachunek) values (434, 'cruswncqtydbudf');
insert into Teatr_ma_Przedstawienie (FK_Teatr, FK_Przedstawienie, FK_Bilet) values (1, 'gapcatwsivnwlhooieeh', 434);
insert into Bilet (IdBilet, FK_Rachunek) values (435, 'cruswncqtydbudf');
insert into Teatr_ma_Przedstawienie (FK_Teatr, FK_Przedstawienie, FK_Bilet) values (1, 'gapcatwsivnwlhooieeh', 435);
insert into Rachunek (NrRachunku, DataWystawienia, Stanowisko, Platnosc, Koszt, FK_Sprzedawca) values ('pjmgtdwxgruwlkm', '2016-03-10', '0304717', 'K', 944.19, 12);
insert into Bilet (IdBilet, FK_Rachunek) values (436, 'pjmgtdwxgruwlkm');
insert into Teatr_ma_Przedstawienie (FK_Teatr, FK_Przedstawienie, FK_Bilet) values (1, 'gapcatwsivnwlhooieeh', 436);
insert into Bilet (IdBilet, FK_Rachunek) values (437, 'pjmgtdwxgruwlkm');
insert into Teatr_ma_Przedstawienie (FK_Teatr, FK_Przedstawienie, FK_Bilet) values (1, 'gapcatwsivnwlhooieeh', 437);
insert into Rachunek (NrRachunku, DataWystawienia, Stanowisko, Platnosc, Koszt, FK_Sprzedawca) values ('xisilrwhukafrfn', '2016-03-01', '0948698', 'G', 1388.48, 12);
insert into Bilet (IdBilet, FK_Rachunek) values (438, 'xisilrwhukafrfn');
insert into Teatr_ma_Przedstawienie (FK_Teatr, FK_Przedstawienie, FK_Bilet) values (1, 'gapcatwsivnwlhooieeh', 438);
insert into Bilet (IdBilet, FK_Rachunek) values (439, 'xisilrwhukafrfn');
insert into Teatr_ma_Przedstawienie (FK_Teatr, FK_Przedstawienie, FK_Bilet) values (1, 'gapcatwsivnwlhooieeh', 439);
insert into Bilet (IdBilet, FK_Rachunek) values (440, 'xisilrwhukafrfn');
insert into Teatr_ma_Przedstawienie (FK_Teatr, FK_Przedstawienie, FK_Bilet) values (1, 'gapcatwsivnwlhooieeh', 440);
insert into Rachunek (NrRachunku, DataWystawienia, Stanowisko, Platnosc, Koszt, FK_Sprzedawca) values ('aifxkhrlaiiikhl', '2016-08-07', '0608138', 'K', 559.31, 12);
insert into Bilet (IdBilet, FK_Rachunek) values (563, 'aifxkhrlaiiikhl');
insert into Teatr_ma_Przedstawienie (FK_Teatr, FK_Przedstawienie, FK_Bilet) values (1, 'tcorqqxeusoacdklorhw', 563);
insert into Bilet (IdBilet, FK_Rachunek) values (564, 'aifxkhrlaiiikhl');
insert into Teatr_ma_Przedstawienie (FK_Teatr, FK_Przedstawienie, FK_Bilet) values (1, 'tcorqqxeusoacdklorhw', 564);
insert into Bilet (IdBilet, FK_Rachunek) values (565, 'aifxkhrlaiiikhl');
insert into Teatr_ma_Przedstawienie (FK_Teatr, FK_Przedstawienie, FK_Bilet) values (1, 'tcorqqxeusoacdklorhw', 565);
insert into Bilet (IdBilet, FK_Rachunek) values (566, 'aifxkhrlaiiikhl');
insert into Teatr_ma_Przedstawienie (FK_Teatr, FK_Przedstawienie, FK_Bilet) values (1, 'tcorqqxeusoacdklorhw', 566);
insert into Rachunek (NrRachunku, DataWystawienia, Stanowisko, Platnosc, Koszt, FK_Sprzedawca) values ('fpepynqetkfdffc', '2016-07-28', '0243714', 'K', 1944.38, 12);
insert into Bilet (IdBilet, FK_Rachunek) values (567, 'fpepynqetkfdffc');
insert into Teatr_ma_Przedstawienie (FK_Teatr, FK_Przedstawienie, FK_Bilet) values (1, 'tcorqqxeusoacdklorhw', 567);
insert into Bilet (IdBilet, FK_Rachunek) values (568, 'fpepynqetkfdffc');
insert into Teatr_ma_Przedstawienie (FK_Teatr, FK_Przedstawienie, FK_Bilet) values (1, 'tcorqqxeusoacdklorhw', 568);
insert into Bilet (IdBilet, FK_Rachunek) values (569, 'fpepynqetkfdffc');
insert into Teatr_ma_Przedstawienie (FK_Teatr, FK_Przedstawienie, FK_Bilet) values (1, 'tcorqqxeusoacdklorhw', 569);
insert into Bilet (IdBilet, FK_Rachunek) values (570, 'fpepynqetkfdffc');
insert into Teatr_ma_Przedstawienie (FK_Teatr, FK_Przedstawienie, FK_Bilet) values (1, 'tcorqqxeusoacdklorhw', 570);
insert into Rachunek (NrRachunku, DataWystawienia, Stanowisko, Platnosc, Koszt, FK_Sprzedawca) values ('uyroxjyvrqndmwf', '2016-08-07', '0605464', 'G', 1329.45, 12);
insert into Bilet (IdBilet, FK_Rachunek) values (571, 'uyroxjyvrqndmwf');
insert into Teatr_ma_Przedstawienie (FK_Teatr, FK_Przedstawienie, FK_Bilet) values (1, 'tcorqqxeusoacdklorhw', 571);
insert into Bilet (IdBilet, FK_Rachunek) values (572, 'uyroxjyvrqndmwf');
insert into Teatr_ma_Przedstawienie (FK_Teatr, FK_Przedstawienie, FK_Bilet) values (1, 'tcorqqxeusoacdklorhw', 572);
insert into Rachunek (NrRachunku, DataWystawienia, Stanowisko, Platnosc, Koszt, FK_Sprzedawca) values ('apdtlpotdvjdkme', '2016-08-16', '0922753', 'K', 1065.40, 12);
insert into Bilet (IdBilet, FK_Rachunek) values (573, 'apdtlpotdvjdkme');
insert into Teatr_ma_Przedstawienie (FK_Teatr, FK_Przedstawienie, FK_Bilet) values (1, 'tcorqqxeusoacdklorhw', 573);
insert into Bilet (IdBilet, FK_Rachunek) values (574, 'apdtlpotdvjdkme');
insert into Teatr_ma_Przedstawienie (FK_Teatr, FK_Przedstawienie, FK_Bilet) values (1, 'tcorqqxeusoacdklorhw', 574);
insert into Rachunek (NrRachunku, DataWystawienia, Stanowisko, Platnosc, Koszt, FK_Sprzedawca) values ('eqljpfwiqybfvkb', '2016-08-23', '0608728', 'G', 97.28, 12);
insert into Bilet (IdBilet, FK_Rachunek) values (1288, 'eqljpfwiqybfvkb');
insert into Teatr_ma_Przedstawienie (FK_Teatr, FK_Przedstawienie, FK_Bilet) values (1, 'tcorqqxeusoacdklorhw', 1288);
insert into Bilet (IdBilet, FK_Rachunek) values (1289, 'eqljpfwiqybfvkb');
insert into Teatr_ma_Przedstawienie (FK_Teatr, FK_Przedstawienie, FK_Bilet) values (1, 'tcorqqxeusoacdklorhw', 1289);
insert into Bilet (IdBilet, FK_Rachunek) values (1290, 'eqljpfwiqybfvkb');
insert into Teatr_ma_Przedstawienie (FK_Teatr, FK_Przedstawienie, FK_Bilet) values (1, 'tcorqqxeusoacdklorhw', 1290);
insert into Bilet (IdBilet, FK_Rachunek) values (1291, 'eqljpfwiqybfvkb');
insert into Teatr_ma_Przedstawienie (FK_Teatr, FK_Przedstawienie, FK_Bilet) values (1, 'tcorqqxeusoacdklorhw', 1291);
insert into Rachunek (NrRachunku, DataWystawienia, Stanowisko, Platnosc, Koszt, FK_Sprzedawca) values ('efwljunnnqdpgpl', '2016-08-08', '0462491', 'G', 1600.93, 12);
insert into Bilet (IdBilet, FK_Rachunek) values (1292, 'efwljunnnqdpgpl');
insert into Teatr_ma_Przedstawienie (FK_Teatr, FK_Przedstawienie, FK_Bilet) values (1, 'tcorqqxeusoacdklorhw', 1292);
insert into Bilet (IdBilet, FK_Rachunek) values (1293, 'efwljunnnqdpgpl');
insert into Teatr_ma_Przedstawienie (FK_Teatr, FK_Przedstawienie, FK_Bilet) values (1, 'tcorqqxeusoacdklorhw', 1293);
insert into Bilet (IdBilet, FK_Rachunek) values (1294, 'efwljunnnqdpgpl');
insert into Teatr_ma_Przedstawienie (FK_Teatr, FK_Przedstawienie, FK_Bilet) values (1, 'tcorqqxeusoacdklorhw', 1294);
insert into Bilet (IdBilet, FK_Rachunek) values (1295, 'efwljunnnqdpgpl');
insert into Teatr_ma_Przedstawienie (FK_Teatr, FK_Przedstawienie, FK_Bilet) values (1, 'tcorqqxeusoacdklorhw', 1295);
insert into Rachunek (NrRachunku, DataWystawienia, Stanowisko, Platnosc, Koszt, FK_Sprzedawca) values ('jjiqmvuaocbpust', '2016-08-01', '0614843', 'K', 332.13, 12);
insert into Bilet (IdBilet, FK_Rachunek) values (1296, 'jjiqmvuaocbpust');
insert into Teatr_ma_Przedstawienie (FK_Teatr, FK_Przedstawienie, FK_Bilet) values (1, 'tcorqqxeusoacdklorhw', 1296);
insert into Bilet (IdBilet, FK_Rachunek) values (1297, 'jjiqmvuaocbpust');
insert into Teatr_ma_Przedstawienie (FK_Teatr, FK_Przedstawienie, FK_Bilet) values (1, 'tcorqqxeusoacdklorhw', 1297);
insert into Bilet (IdBilet, FK_Rachunek) values (1298, 'jjiqmvuaocbpust');
insert into Teatr_ma_Przedstawienie (FK_Teatr, FK_Przedstawienie, FK_Bilet) values (1, 'tcorqqxeusoacdklorhw', 1298);
insert into Rachunek (NrRachunku, DataWystawienia, Stanowisko, Platnosc, Koszt, FK_Sprzedawca) values ('phnoedwcicqcxrl', '2016-08-16', '0323445', 'G', 1732.18, 12);
insert into Bilet (IdBilet, FK_Rachunek) values (1299, 'phnoedwcicqcxrl');
insert into Teatr_ma_Przedstawienie (FK_Teatr, FK_Przedstawienie, FK_Bilet) values (1, 'tcorqqxeusoacdklorhw', 1299);
insert into Rachunek (NrRachunku, DataWystawienia, Stanowisko, Platnosc, Koszt, FK_Sprzedawca) values ('jnnvfnoyrdsnchh', '2017-03-15', '0642377', 'K', 147.06, 12);
insert into Bilet (IdBilet, FK_Rachunek) values (1420, 'jnnvfnoyrdsnchh');
insert into Teatr_ma_Przedstawienie (FK_Teatr, FK_Przedstawienie, FK_Bilet) values (1, 'ehdqklgqblmmslbbflyl', 1420);
insert into Bilet (IdBilet, FK_Rachunek) values (1421, 'jnnvfnoyrdsnchh');
insert into Teatr_ma_Przedstawienie (FK_Teatr, FK_Przedstawienie, FK_Bilet) values (1, 'ehdqklgqblmmslbbflyl', 1421);
insert into Rachunek (NrRachunku, DataWystawienia, Stanowisko, Platnosc, Koszt, FK_Sprzedawca) values ('tlxycvptjflibxk', '2017-03-21', '0134318', 'K', 1727.28, 12);
insert into Bilet (IdBilet, FK_Rachunek) values (1422, 'tlxycvptjflibxk');
insert into Teatr_ma_Przedstawienie (FK_Teatr, FK_Przedstawienie, FK_Bilet) values (1, 'ehdqklgqblmmslbbflyl', 1422);
insert into Bilet (IdBilet, FK_Rachunek) values (1423, 'tlxycvptjflibxk');
insert into Teatr_ma_Przedstawienie (FK_Teatr, FK_Przedstawienie, FK_Bilet) values (1, 'ehdqklgqblmmslbbflyl', 1423);
insert into Bilet (IdBilet, FK_Rachunek) values (1424, 'tlxycvptjflibxk');
insert into Teatr_ma_Przedstawienie (FK_Teatr, FK_Przedstawienie, FK_Bilet) values (1, 'ehdqklgqblmmslbbflyl', 1424);
insert into Bilet (IdBilet, FK_Rachunek) values (1425, 'tlxycvptjflibxk');
insert into Teatr_ma_Przedstawienie (FK_Teatr, FK_Przedstawienie, FK_Bilet) values (1, 'ehdqklgqblmmslbbflyl', 1425);
insert into Rachunek (NrRachunku, DataWystawienia, Stanowisko, Platnosc, Koszt, FK_Sprzedawca) values ('qhxqceqcabuwcxq', '2017-03-08', '0474038', 'G', 115.77, 12);
insert into Bilet (IdBilet, FK_Rachunek) values (1426, 'qhxqceqcabuwcxq');
insert into Teatr_ma_Przedstawienie (FK_Teatr, FK_Przedstawienie, FK_Bilet) values (1, 'ehdqklgqblmmslbbflyl', 1426);
insert into Bilet (IdBilet, FK_Rachunek) values (1427, 'qhxqceqcabuwcxq');
insert into Teatr_ma_Przedstawienie (FK_Teatr, FK_Przedstawienie, FK_Bilet) values (1, 'ehdqklgqblmmslbbflyl', 1427);
insert into Rachunek (NrRachunku, DataWystawienia, Stanowisko, Platnosc, Koszt, FK_Sprzedawca) values ('jlgipcqpbytseps', '2017-03-25', '0006975', 'G', 446.76, 12);
insert into Bilet (IdBilet, FK_Rachunek) values (1428, 'jlgipcqpbytseps');
insert into Teatr_ma_Przedstawienie (FK_Teatr, FK_Przedstawienie, FK_Bilet) values (1, 'ehdqklgqblmmslbbflyl', 1428);
insert into Bilet (IdBilet, FK_Rachunek) values (1429, 'jlgipcqpbytseps');
insert into Teatr_ma_Przedstawienie (FK_Teatr, FK_Przedstawienie, FK_Bilet) values (1, 'ehdqklgqblmmslbbflyl', 1429);
insert into Bilet (IdBilet, FK_Rachunek) values (1430, 'jlgipcqpbytseps');
insert into Teatr_ma_Przedstawienie (FK_Teatr, FK_Przedstawienie, FK_Bilet) values (1, 'ehdqklgqblmmslbbflyl', 1430);
insert into Bilet (IdBilet, FK_Rachunek) values (1431, 'jlgipcqpbytseps');
insert into Teatr_ma_Przedstawienie (FK_Teatr, FK_Przedstawienie, FK_Bilet) values (1, 'ehdqklgqblmmslbbflyl', 1431);
insert into Rachunek (NrRachunku, DataWystawienia, Stanowisko, Platnosc, Koszt, FK_Sprzedawca) values ('fgpwifixopghfwu', '2016-12-23', '0511759', 'K', 666.95, 12);
insert into Bilet (IdBilet, FK_Rachunek) values (1551, 'fgpwifixopghfwu');
insert into Teatr_ma_Przedstawienie (FK_Teatr, FK_Przedstawienie, FK_Bilet) values (1, 'crxcmxodjvogjpagqhhr', 1551);
insert into Bilet (IdBilet, FK_Rachunek) values (1552, 'fgpwifixopghfwu');
insert into Teatr_ma_Przedstawienie (FK_Teatr, FK_Przedstawienie, FK_Bilet) values (1, 'crxcmxodjvogjpagqhhr', 1552);
insert into Rachunek (NrRachunku, DataWystawienia, Stanowisko, Platnosc, Koszt, FK_Sprzedawca) values ('bgeomovbdvweqna', '2016-12-10', '0123866', 'G', 864.41, 12);
insert into Bilet (IdBilet, FK_Rachunek) values (1553, 'bgeomovbdvweqna');
insert into Teatr_ma_Przedstawienie (FK_Teatr, FK_Przedstawienie, FK_Bilet) values (1, 'crxcmxodjvogjpagqhhr', 1553);
insert into Bilet (IdBilet, FK_Rachunek) values (1554, 'bgeomovbdvweqna');
insert into Teatr_ma_Przedstawienie (FK_Teatr, FK_Przedstawienie, FK_Bilet) values (1, 'crxcmxodjvogjpagqhhr', 1554);
insert into Rachunek (NrRachunku, DataWystawienia, Stanowisko, Platnosc, Koszt, FK_Sprzedawca) values ('gffbfueschwsqud', '2016-12-28', '0788489', 'K', 1156.05, 12);
insert into Bilet (IdBilet, FK_Rachunek) values (1555, 'gffbfueschwsqud');
insert into Teatr_ma_Przedstawienie (FK_Teatr, FK_Przedstawienie, FK_Bilet) values (1, 'crxcmxodjvogjpagqhhr', 1555);
insert into Bilet (IdBilet, FK_Rachunek) values (1556, 'gffbfueschwsqud');
insert into Teatr_ma_Przedstawienie (FK_Teatr, FK_Przedstawienie, FK_Bilet) values (1, 'crxcmxodjvogjpagqhhr', 1556);
insert into Bilet (IdBilet, FK_Rachunek) values (1557, 'gffbfueschwsqud');
insert into Teatr_ma_Przedstawienie (FK_Teatr, FK_Przedstawienie, FK_Bilet) values (1, 'crxcmxodjvogjpagqhhr', 1557);
insert into Rachunek (NrRachunku, DataWystawienia, Stanowisko, Platnosc, Koszt, FK_Sprzedawca) values ('ohyhoyqwjmjemal', '2016-12-18', '0937210', 'G', 412.60, 12);
insert into Bilet (IdBilet, FK_Rachunek) values (1558, 'ohyhoyqwjmjemal');
insert into Teatr_ma_Przedstawienie (FK_Teatr, FK_Przedstawienie, FK_Bilet) values (1, 'crxcmxodjvogjpagqhhr', 1558);
insert into Bilet (IdBilet, FK_Rachunek) values (1559, 'ohyhoyqwjmjemal');
insert into Teatr_ma_Przedstawienie (FK_Teatr, FK_Przedstawienie, FK_Bilet) values (1, 'crxcmxodjvogjpagqhhr', 1559);
insert into Bilet (IdBilet, FK_Rachunek) values (1560, 'ohyhoyqwjmjemal');
insert into Teatr_ma_Przedstawienie (FK_Teatr, FK_Przedstawienie, FK_Bilet) values (1, 'crxcmxodjvogjpagqhhr', 1560);
insert into Rachunek (NrRachunku, DataWystawienia, Stanowisko, Platnosc, Koszt, FK_Sprzedawca) values ('arkniaceryvmbhp', '2016-12-23', '0661735', 'G', 372.11, 12);
insert into Bilet (IdBilet, FK_Rachunek) values (1561, 'arkniaceryvmbhp');
insert into Teatr_ma_Przedstawienie (FK_Teatr, FK_Przedstawienie, FK_Bilet) values (1, 'crxcmxodjvogjpagqhhr', 1561);
insert into Rachunek (NrRachunku, DataWystawienia, Stanowisko, Platnosc, Koszt, FK_Sprzedawca) values ('uegahpeixapiunv', '2016-12-30', '0924068', 'G', 1101.02, 12);
insert into Bilet (IdBilet, FK_Rachunek) values (1562, 'uegahpeixapiunv');
insert into Teatr_ma_Przedstawienie (FK_Teatr, FK_Przedstawienie, FK_Bilet) values (1, 'crxcmxodjvogjpagqhhr', 1562);
insert into Bilet (IdBilet, FK_Rachunek) values (1563, 'uegahpeixapiunv');
insert into Teatr_ma_Przedstawienie (FK_Teatr, FK_Przedstawienie, FK_Bilet) values (1, 'crxcmxodjvogjpagqhhr', 1563);
insert into Bilet (IdBilet, FK_Rachunek) values (1564, 'uegahpeixapiunv');
insert into Teatr_ma_Przedstawienie (FK_Teatr, FK_Przedstawienie, FK_Bilet) values (1, 'crxcmxodjvogjpagqhhr', 1564);
insert into Sprzedawca (IDSprzedawca, Imie, Nazwisko) values (13, 'Wesley', 'Edwards');
insert into Rachunek (NrRachunku, DataWystawienia, Stanowisko, Platnosc, Koszt, FK_Sprzedawca) values ('jabmsonbmyesobc', '2016-02-25', '0067679', 'G', 1353.74, 13);
insert into Bilet (IdBilet, FK_Rachunek) values (441, 'jabmsonbmyesobc');
insert into Teatr_ma_Przedstawienie (FK_Teatr, FK_Przedstawienie, FK_Bilet) values (1, 'gapcatwsivnwlhooieeh', 441);
insert into Bilet (IdBilet, FK_Rachunek) values (442, 'jabmsonbmyesobc');
insert into Teatr_ma_Przedstawienie (FK_Teatr, FK_Przedstawienie, FK_Bilet) values (1, 'gapcatwsivnwlhooieeh', 442);
insert into Rachunek (NrRachunku, DataWystawienia, Stanowisko, Platnosc, Koszt, FK_Sprzedawca) values ('pqfgauhlqnscrvs', '2016-02-13', '0575446', 'K', 605.33, 13);
insert into Bilet (IdBilet, FK_Rachunek) values (443, 'pqfgauhlqnscrvs');
insert into Teatr_ma_Przedstawienie (FK_Teatr, FK_Przedstawienie, FK_Bilet) values (1, 'gapcatwsivnwlhooieeh', 443);
insert into Rachunek (NrRachunku, DataWystawienia, Stanowisko, Platnosc, Koszt, FK_Sprzedawca) values ('wesritvyrwkhfih', '2016-02-22', '0223631', 'G', 1297.23, 13);
insert into Bilet (IdBilet, FK_Rachunek) values (444, 'wesritvyrwkhfih');
insert into Teatr_ma_Przedstawienie (FK_Teatr, FK_Przedstawienie, FK_Bilet) values (1, 'gapcatwsivnwlhooieeh', 444);
insert into Bilet (IdBilet, FK_Rachunek) values (445, 'wesritvyrwkhfih');
insert into Teatr_ma_Przedstawienie (FK_Teatr, FK_Przedstawienie, FK_Bilet) values (1, 'gapcatwsivnwlhooieeh', 445);
insert into Bilet (IdBilet, FK_Rachunek) values (446, 'wesritvyrwkhfih');
insert into Teatr_ma_Przedstawienie (FK_Teatr, FK_Przedstawienie, FK_Bilet) values (1, 'gapcatwsivnwlhooieeh', 446);
insert into Rachunek (NrRachunku, DataWystawienia, Stanowisko, Platnosc, Koszt, FK_Sprzedawca) values ('yigstjalesbnjya', '2016-03-08', '0457136', 'K', 505.06, 13);
insert into Bilet (IdBilet, FK_Rachunek) values (447, 'yigstjalesbnjya');
insert into Teatr_ma_Przedstawienie (FK_Teatr, FK_Przedstawienie, FK_Bilet) values (1, 'gapcatwsivnwlhooieeh', 447);
insert into Bilet (IdBilet, FK_Rachunek) values (448, 'yigstjalesbnjya');
insert into Teatr_ma_Przedstawienie (FK_Teatr, FK_Przedstawienie, FK_Bilet) values (1, 'gapcatwsivnwlhooieeh', 448);
insert into Bilet (IdBilet, FK_Rachunek) values (449, 'yigstjalesbnjya');
insert into Teatr_ma_Przedstawienie (FK_Teatr, FK_Przedstawienie, FK_Bilet) values (1, 'gapcatwsivnwlhooieeh', 449);
insert into Rachunek (NrRachunku, DataWystawienia, Stanowisko, Platnosc, Koszt, FK_Sprzedawca) values ('muetbyavshtrnjp', '2016-02-24', '0097478', 'K', 1959.76, 13);
insert into Bilet (IdBilet, FK_Rachunek) values (450, 'muetbyavshtrnjp');
insert into Teatr_ma_Przedstawienie (FK_Teatr, FK_Przedstawienie, FK_Bilet) values (1, 'gapcatwsivnwlhooieeh', 450);
insert into Rachunek (NrRachunku, DataWystawienia, Stanowisko, Platnosc, Koszt, FK_Sprzedawca) values ('nbcjojvxbjwsnyg', '2016-02-16', '0194561', 'G', 1067.73, 13);
insert into Bilet (IdBilet, FK_Rachunek) values (451, 'nbcjojvxbjwsnyg');
insert into Teatr_ma_Przedstawienie (FK_Teatr, FK_Przedstawienie, FK_Bilet) values (1, 'gapcatwsivnwlhooieeh', 451);
insert into Rachunek (NrRachunku, DataWystawienia, Stanowisko, Platnosc, Koszt, FK_Sprzedawca) values ('glyqjoclhiymmka', '2016-02-27', '0970879', 'G', 1036.59, 13);
insert into Bilet (IdBilet, FK_Rachunek) values (452, 'glyqjoclhiymmka');
insert into Teatr_ma_Przedstawienie (FK_Teatr, FK_Przedstawienie, FK_Bilet) values (1, 'gapcatwsivnwlhooieeh', 452);
insert into Bilet (IdBilet, FK_Rachunek) values (453, 'glyqjoclhiymmka');
insert into Teatr_ma_Przedstawienie (FK_Teatr, FK_Przedstawienie, FK_Bilet) values (1, 'gapcatwsivnwlhooieeh', 453);
insert into Bilet (IdBilet, FK_Rachunek) values (454, 'glyqjoclhiymmka');
insert into Teatr_ma_Przedstawienie (FK_Teatr, FK_Przedstawienie, FK_Bilet) values (1, 'gapcatwsivnwlhooieeh', 454);
insert into Rachunek (NrRachunku, DataWystawienia, Stanowisko, Platnosc, Koszt, FK_Sprzedawca) values ('dmfwniqvibfsmyk', '2016-08-06', '0589573', 'K', 1145.51, 13);
insert into Bilet (IdBilet, FK_Rachunek) values (575, 'dmfwniqvibfsmyk');
insert into Teatr_ma_Przedstawienie (FK_Teatr, FK_Przedstawienie, FK_Bilet) values (1, 'tcorqqxeusoacdklorhw', 575);
insert into Bilet (IdBilet, FK_Rachunek) values (576, 'dmfwniqvibfsmyk');
insert into Teatr_ma_Przedstawienie (FK_Teatr, FK_Przedstawienie, FK_Bilet) values (1, 'tcorqqxeusoacdklorhw', 576);
insert into Rachunek (NrRachunku, DataWystawienia, Stanowisko, Platnosc, Koszt, FK_Sprzedawca) values ('kdhokpaltlfeoso', '2016-08-19', '0785895', 'K', 1158.93, 13);
insert into Bilet (IdBilet, FK_Rachunek) values (577, 'kdhokpaltlfeoso');
insert into Teatr_ma_Przedstawienie (FK_Teatr, FK_Przedstawienie, FK_Bilet) values (1, 'tcorqqxeusoacdklorhw', 577);
insert into Rachunek (NrRachunku, DataWystawienia, Stanowisko, Platnosc, Koszt, FK_Sprzedawca) values ('fojnmbwojvistrf', '2016-07-29', '0194300', 'K', 539.58, 13);
insert into Bilet (IdBilet, FK_Rachunek) values (578, 'fojnmbwojvistrf');
insert into Teatr_ma_Przedstawienie (FK_Teatr, FK_Przedstawienie, FK_Bilet) values (1, 'tcorqqxeusoacdklorhw', 578);
insert into Bilet (IdBilet, FK_Rachunek) values (579, 'fojnmbwojvistrf');
insert into Teatr_ma_Przedstawienie (FK_Teatr, FK_Przedstawienie, FK_Bilet) values (1, 'tcorqqxeusoacdklorhw', 579);
insert into Rachunek (NrRachunku, DataWystawienia, Stanowisko, Platnosc, Koszt, FK_Sprzedawca) values ('vcuskfvucndalkh', '2016-08-18', '0985243', 'G', 266.35, 13);
insert into Bilet (IdBilet, FK_Rachunek) values (580, 'vcuskfvucndalkh');
insert into Teatr_ma_Przedstawienie (FK_Teatr, FK_Przedstawienie, FK_Bilet) values (1, 'tcorqqxeusoacdklorhw', 580);
insert into Bilet (IdBilet, FK_Rachunek) values (581, 'vcuskfvucndalkh');
insert into Teatr_ma_Przedstawienie (FK_Teatr, FK_Przedstawienie, FK_Bilet) values (1, 'tcorqqxeusoacdklorhw', 581);
insert into Bilet (IdBilet, FK_Rachunek) values (582, 'vcuskfvucndalkh');
insert into Teatr_ma_Przedstawienie (FK_Teatr, FK_Przedstawienie, FK_Bilet) values (1, 'tcorqqxeusoacdklorhw', 582);
insert into Bilet (IdBilet, FK_Rachunek) values (583, 'vcuskfvucndalkh');
insert into Teatr_ma_Przedstawienie (FK_Teatr, FK_Przedstawienie, FK_Bilet) values (1, 'tcorqqxeusoacdklorhw', 583);
insert into Rachunek (NrRachunku, DataWystawienia, Stanowisko, Platnosc, Koszt, FK_Sprzedawca) values ('ecctuqjxlimowsb', '2016-08-11', '0444053', 'K', 1839.11, 13);
insert into Bilet (IdBilet, FK_Rachunek) values (584, 'ecctuqjxlimowsb');
insert into Teatr_ma_Przedstawienie (FK_Teatr, FK_Przedstawienie, FK_Bilet) values (1, 'tcorqqxeusoacdklorhw', 584);
insert into Rachunek (NrRachunku, DataWystawienia, Stanowisko, Platnosc, Koszt, FK_Sprzedawca) values ('vgsnpdjuiijsgyj', '2016-07-30', '0356261', 'K', 1410.63, 13);
insert into Bilet (IdBilet, FK_Rachunek) values (585, 'vgsnpdjuiijsgyj');
insert into Teatr_ma_Przedstawienie (FK_Teatr, FK_Przedstawienie, FK_Bilet) values (1, 'tcorqqxeusoacdklorhw', 585);
insert into Bilet (IdBilet, FK_Rachunek) values (586, 'vgsnpdjuiijsgyj');
insert into Teatr_ma_Przedstawienie (FK_Teatr, FK_Przedstawienie, FK_Bilet) values (1, 'tcorqqxeusoacdklorhw', 586);
insert into Bilet (IdBilet, FK_Rachunek) values (587, 'vgsnpdjuiijsgyj');
insert into Teatr_ma_Przedstawienie (FK_Teatr, FK_Przedstawienie, FK_Bilet) values (1, 'tcorqqxeusoacdklorhw', 587);
insert into Rachunek (NrRachunku, DataWystawienia, Stanowisko, Platnosc, Koszt, FK_Sprzedawca) values ('ppsfpqwfxfifhji', '2016-08-18', '0179721', 'G', 1278.28, 13);
insert into Bilet (IdBilet, FK_Rachunek) values (1300, 'ppsfpqwfxfifhji');
insert into Teatr_ma_Przedstawienie (FK_Teatr, FK_Przedstawienie, FK_Bilet) values (1, 'tcorqqxeusoacdklorhw', 1300);
insert into Bilet (IdBilet, FK_Rachunek) values (1301, 'ppsfpqwfxfifhji');
insert into Teatr_ma_Przedstawienie (FK_Teatr, FK_Przedstawienie, FK_Bilet) values (1, 'tcorqqxeusoacdklorhw', 1301);
insert into Bilet (IdBilet, FK_Rachunek) values (1302, 'ppsfpqwfxfifhji');
insert into Teatr_ma_Przedstawienie (FK_Teatr, FK_Przedstawienie, FK_Bilet) values (1, 'tcorqqxeusoacdklorhw', 1302);
insert into Rachunek (NrRachunku, DataWystawienia, Stanowisko, Platnosc, Koszt, FK_Sprzedawca) values ('frttbvbqkilhyov', '2016-08-01', '0623179', 'K', 584.72, 13);
insert into Bilet (IdBilet, FK_Rachunek) values (1303, 'frttbvbqkilhyov');
insert into Teatr_ma_Przedstawienie (FK_Teatr, FK_Przedstawienie, FK_Bilet) values (1, 'tcorqqxeusoacdklorhw', 1303);
insert into Bilet (IdBilet, FK_Rachunek) values (1304, 'frttbvbqkilhyov');
insert into Teatr_ma_Przedstawienie (FK_Teatr, FK_Przedstawienie, FK_Bilet) values (1, 'tcorqqxeusoacdklorhw', 1304);
insert into Rachunek (NrRachunku, DataWystawienia, Stanowisko, Platnosc, Koszt, FK_Sprzedawca) values ('swhdlkwpdcsbpjv', '2016-08-12', '0172408', 'G', 292.87, 13);
insert into Bilet (IdBilet, FK_Rachunek) values (1305, 'swhdlkwpdcsbpjv');
insert into Teatr_ma_Przedstawienie (FK_Teatr, FK_Przedstawienie, FK_Bilet) values (1, 'tcorqqxeusoacdklorhw', 1305);
insert into Rachunek (NrRachunku, DataWystawienia, Stanowisko, Platnosc, Koszt, FK_Sprzedawca) values ('xpsavxheqpnxhve', '2016-08-11', '0758175', 'G', 1834.97, 13);
insert into Bilet (IdBilet, FK_Rachunek) values (1306, 'xpsavxheqpnxhve');
insert into Teatr_ma_Przedstawienie (FK_Teatr, FK_Przedstawienie, FK_Bilet) values (1, 'tcorqqxeusoacdklorhw', 1306);
insert into Bilet (IdBilet, FK_Rachunek) values (1307, 'xpsavxheqpnxhve');
insert into Teatr_ma_Przedstawienie (FK_Teatr, FK_Przedstawienie, FK_Bilet) values (1, 'tcorqqxeusoacdklorhw', 1307);
insert into Bilet (IdBilet, FK_Rachunek) values (1308, 'xpsavxheqpnxhve');
insert into Teatr_ma_Przedstawienie (FK_Teatr, FK_Przedstawienie, FK_Bilet) values (1, 'tcorqqxeusoacdklorhw', 1308);
insert into Bilet (IdBilet, FK_Rachunek) values (1309, 'xpsavxheqpnxhve');
insert into Teatr_ma_Przedstawienie (FK_Teatr, FK_Przedstawienie, FK_Bilet) values (1, 'tcorqqxeusoacdklorhw', 1309);
insert into Rachunek (NrRachunku, DataWystawienia, Stanowisko, Platnosc, Koszt, FK_Sprzedawca) values ('jwqclkwexwicqqi', '2016-08-19', '0582793', 'K', 402.06, 13);
insert into Bilet (IdBilet, FK_Rachunek) values (1310, 'jwqclkwexwicqqi');
insert into Teatr_ma_Przedstawienie (FK_Teatr, FK_Przedstawienie, FK_Bilet) values (1, 'tcorqqxeusoacdklorhw', 1310);
insert into Bilet (IdBilet, FK_Rachunek) values (1311, 'jwqclkwexwicqqi');
insert into Teatr_ma_Przedstawienie (FK_Teatr, FK_Przedstawienie, FK_Bilet) values (1, 'tcorqqxeusoacdklorhw', 1311);
insert into Rachunek (NrRachunku, DataWystawienia, Stanowisko, Platnosc, Koszt, FK_Sprzedawca) values ('fmbglkpkedcjwxh', '2017-03-22', '0062776', 'G', 1353.93, 13);
insert into Bilet (IdBilet, FK_Rachunek) values (1432, 'fmbglkpkedcjwxh');
insert into Teatr_ma_Przedstawienie (FK_Teatr, FK_Przedstawienie, FK_Bilet) values (1, 'ehdqklgqblmmslbbflyl', 1432);
insert into Bilet (IdBilet, FK_Rachunek) values (1433, 'fmbglkpkedcjwxh');
insert into Teatr_ma_Przedstawienie (FK_Teatr, FK_Przedstawienie, FK_Bilet) values (1, 'ehdqklgqblmmslbbflyl', 1433);
insert into Bilet (IdBilet, FK_Rachunek) values (1434, 'fmbglkpkedcjwxh');
insert into Teatr_ma_Przedstawienie (FK_Teatr, FK_Przedstawienie, FK_Bilet) values (1, 'ehdqklgqblmmslbbflyl', 1434);
insert into Rachunek (NrRachunku, DataWystawienia, Stanowisko, Platnosc, Koszt, FK_Sprzedawca) values ('xmvrvybsiiaqwrh', '2017-03-25', '0338556', 'G', 1348.69, 13);
insert into Bilet (IdBilet, FK_Rachunek) values (1435, 'xmvrvybsiiaqwrh');
insert into Teatr_ma_Przedstawienie (FK_Teatr, FK_Przedstawienie, FK_Bilet) values (1, 'ehdqklgqblmmslbbflyl', 1435);
insert into Bilet (IdBilet, FK_Rachunek) values (1436, 'xmvrvybsiiaqwrh');
insert into Teatr_ma_Przedstawienie (FK_Teatr, FK_Przedstawienie, FK_Bilet) values (1, 'ehdqklgqblmmslbbflyl', 1436);
insert into Bilet (IdBilet, FK_Rachunek) values (1437, 'xmvrvybsiiaqwrh');
insert into Teatr_ma_Przedstawienie (FK_Teatr, FK_Przedstawienie, FK_Bilet) values (1, 'ehdqklgqblmmslbbflyl', 1437);
insert into Bilet (IdBilet, FK_Rachunek) values (1438, 'xmvrvybsiiaqwrh');
insert into Teatr_ma_Przedstawienie (FK_Teatr, FK_Przedstawienie, FK_Bilet) values (1, 'ehdqklgqblmmslbbflyl', 1438);
insert into Rachunek (NrRachunku, DataWystawienia, Stanowisko, Platnosc, Koszt, FK_Sprzedawca) values ('kmlguhvvlftbcfm', '2017-03-30', '0230841', 'K', 679.72, 13);
insert into Bilet (IdBilet, FK_Rachunek) values (1439, 'kmlguhvvlftbcfm');
insert into Teatr_ma_Przedstawienie (FK_Teatr, FK_Przedstawienie, FK_Bilet) values (1, 'ehdqklgqblmmslbbflyl', 1439);
insert into Bilet (IdBilet, FK_Rachunek) values (1440, 'kmlguhvvlftbcfm');
insert into Teatr_ma_Przedstawienie (FK_Teatr, FK_Przedstawienie, FK_Bilet) values (1, 'ehdqklgqblmmslbbflyl', 1440);
insert into Rachunek (NrRachunku, DataWystawienia, Stanowisko, Platnosc, Koszt, FK_Sprzedawca) values ('rsrsahwlttetrwl', '2017-03-22', '0154953', 'K', 290.22, 13);
insert into Bilet (IdBilet, FK_Rachunek) values (1441, 'rsrsahwlttetrwl');
insert into Teatr_ma_Przedstawienie (FK_Teatr, FK_Przedstawienie, FK_Bilet) values (1, 'ehdqklgqblmmslbbflyl', 1441);
insert into Bilet (IdBilet, FK_Rachunek) values (1442, 'rsrsahwlttetrwl');
insert into Teatr_ma_Przedstawienie (FK_Teatr, FK_Przedstawienie, FK_Bilet) values (1, 'ehdqklgqblmmslbbflyl', 1442);
insert into Bilet (IdBilet, FK_Rachunek) values (1443, 'rsrsahwlttetrwl');
insert into Teatr_ma_Przedstawienie (FK_Teatr, FK_Przedstawienie, FK_Bilet) values (1, 'ehdqklgqblmmslbbflyl', 1443);
insert into Rachunek (NrRachunku, DataWystawienia, Stanowisko, Platnosc, Koszt, FK_Sprzedawca) values ('prsqgeiclcmchhs', '2017-01-04', '0349550', 'K', 163.22, 13);
insert into Bilet (IdBilet, FK_Rachunek) values (1565, 'prsqgeiclcmchhs');
insert into Teatr_ma_Przedstawienie (FK_Teatr, FK_Przedstawienie, FK_Bilet) values (1, 'crxcmxodjvogjpagqhhr', 1565);
insert into Bilet (IdBilet, FK_Rachunek) values (1566, 'prsqgeiclcmchhs');
insert into Teatr_ma_Przedstawienie (FK_Teatr, FK_Przedstawienie, FK_Bilet) values (1, 'crxcmxodjvogjpagqhhr', 1566);
insert into Rachunek (NrRachunku, DataWystawienia, Stanowisko, Platnosc, Koszt, FK_Sprzedawca) values ('loptrexlruuilns', '2017-01-01', '0501720', 'G', 1717.33, 13);
insert into Bilet (IdBilet, FK_Rachunek) values (1567, 'loptrexlruuilns');
insert into Teatr_ma_Przedstawienie (FK_Teatr, FK_Przedstawienie, FK_Bilet) values (1, 'crxcmxodjvogjpagqhhr', 1567);
insert into Bilet (IdBilet, FK_Rachunek) values (1568, 'loptrexlruuilns');
insert into Teatr_ma_Przedstawienie (FK_Teatr, FK_Przedstawienie, FK_Bilet) values (1, 'crxcmxodjvogjpagqhhr', 1568);
insert into Rachunek (NrRachunku, DataWystawienia, Stanowisko, Platnosc, Koszt, FK_Sprzedawca) values ('rgqujdtkbklbtwt', '2016-12-09', '0758194', 'G', 482.29, 13);
insert into Bilet (IdBilet, FK_Rachunek) values (1569, 'rgqujdtkbklbtwt');
insert into Teatr_ma_Przedstawienie (FK_Teatr, FK_Przedstawienie, FK_Bilet) values (1, 'crxcmxodjvogjpagqhhr', 1569);
insert into Bilet (IdBilet, FK_Rachunek) values (1570, 'rgqujdtkbklbtwt');
insert into Teatr_ma_Przedstawienie (FK_Teatr, FK_Przedstawienie, FK_Bilet) values (1, 'crxcmxodjvogjpagqhhr', 1570);
insert into Rachunek (NrRachunku, DataWystawienia, Stanowisko, Platnosc, Koszt, FK_Sprzedawca) values ('mwbeoarburrgavk', '2016-12-11', '0182748', 'G', 953.90, 13);
insert into Bilet (IdBilet, FK_Rachunek) values (1571, 'mwbeoarburrgavk');
insert into Teatr_ma_Przedstawienie (FK_Teatr, FK_Przedstawienie, FK_Bilet) values (1, 'crxcmxodjvogjpagqhhr', 1571);
insert into Bilet (IdBilet, FK_Rachunek) values (1572, 'mwbeoarburrgavk');
insert into Teatr_ma_Przedstawienie (FK_Teatr, FK_Przedstawienie, FK_Bilet) values (1, 'crxcmxodjvogjpagqhhr', 1572);
insert into Bilet (IdBilet, FK_Rachunek) values (1573, 'mwbeoarburrgavk');
insert into Teatr_ma_Przedstawienie (FK_Teatr, FK_Przedstawienie, FK_Bilet) values (1, 'crxcmxodjvogjpagqhhr', 1573);
insert into Rachunek (NrRachunku, DataWystawienia, Stanowisko, Platnosc, Koszt, FK_Sprzedawca) values ('vvoskfllxorenif', '2016-12-29', '0767684', 'K', 1122.90, 13);
insert into Bilet (IdBilet, FK_Rachunek) values (1574, 'vvoskfllxorenif');
insert into Teatr_ma_Przedstawienie (FK_Teatr, FK_Przedstawienie, FK_Bilet) values (1, 'crxcmxodjvogjpagqhhr', 1574);
insert into Bilet (IdBilet, FK_Rachunek) values (1575, 'vvoskfllxorenif');
insert into Teatr_ma_Przedstawienie (FK_Teatr, FK_Przedstawienie, FK_Bilet) values (1, 'crxcmxodjvogjpagqhhr', 1575);
insert into Bilet (IdBilet, FK_Rachunek) values (1576, 'vvoskfllxorenif');
insert into Teatr_ma_Przedstawienie (FK_Teatr, FK_Przedstawienie, FK_Bilet) values (1, 'crxcmxodjvogjpagqhhr', 1576);
insert into Bilet (IdBilet, FK_Rachunek) values (1577, 'vvoskfllxorenif');
insert into Teatr_ma_Przedstawienie (FK_Teatr, FK_Przedstawienie, FK_Bilet) values (1, 'crxcmxodjvogjpagqhhr', 1577);
insert into Sprzedawca (IDSprzedawca, Imie, Nazwisko) values (14, 'Alleen', 'Mcnally');
insert into Rachunek (NrRachunku, DataWystawienia, Stanowisko, Platnosc, Koszt, FK_Sprzedawca) values ('rmcoeykakqqwdje', '2016-03-10', '0971774', 'G', 1659.51, 14);
insert into Bilet (IdBilet, FK_Rachunek) values (455, 'rmcoeykakqqwdje');
insert into Teatr_ma_Przedstawienie (FK_Teatr, FK_Przedstawienie, FK_Bilet) values (1, 'gapcatwsivnwlhooieeh', 455);
insert into Rachunek (NrRachunku, DataWystawienia, Stanowisko, Platnosc, Koszt, FK_Sprzedawca) values ('flwlbhrvyalpubo', '2016-03-11', '0450883', 'G', 899.68, 14);
insert into Bilet (IdBilet, FK_Rachunek) values (456, 'flwlbhrvyalpubo');
insert into Teatr_ma_Przedstawienie (FK_Teatr, FK_Przedstawienie, FK_Bilet) values (1, 'gapcatwsivnwlhooieeh', 456);
insert into Bilet (IdBilet, FK_Rachunek) values (457, 'flwlbhrvyalpubo');
insert into Teatr_ma_Przedstawienie (FK_Teatr, FK_Przedstawienie, FK_Bilet) values (1, 'gapcatwsivnwlhooieeh', 457);
insert into Bilet (IdBilet, FK_Rachunek) values (458, 'flwlbhrvyalpubo');
insert into Teatr_ma_Przedstawienie (FK_Teatr, FK_Przedstawienie, FK_Bilet) values (1, 'gapcatwsivnwlhooieeh', 458);
insert into Rachunek (NrRachunku, DataWystawienia, Stanowisko, Platnosc, Koszt, FK_Sprzedawca) values ('winaqkqytguloas', '2016-02-29', '0602724', 'G', 916.76, 14);
insert into Bilet (IdBilet, FK_Rachunek) values (459, 'winaqkqytguloas');
insert into Teatr_ma_Przedstawienie (FK_Teatr, FK_Przedstawienie, FK_Bilet) values (1, 'gapcatwsivnwlhooieeh', 459);
insert into Bilet (IdBilet, FK_Rachunek) values (460, 'winaqkqytguloas');
insert into Teatr_ma_Przedstawienie (FK_Teatr, FK_Przedstawienie, FK_Bilet) values (1, 'gapcatwsivnwlhooieeh', 460);
insert into Rachunek (NrRachunku, DataWystawienia, Stanowisko, Platnosc, Koszt, FK_Sprzedawca) values ('rxbdcmoairapcns', '2016-03-11', '0979873', 'G', 1209.75, 14);
insert into Bilet (IdBilet, FK_Rachunek) values (461, 'rxbdcmoairapcns');
insert into Teatr_ma_Przedstawienie (FK_Teatr, FK_Przedstawienie, FK_Bilet) values (1, 'gapcatwsivnwlhooieeh', 461);
insert into Bilet (IdBilet, FK_Rachunek) values (462, 'rxbdcmoairapcns');
insert into Teatr_ma_Przedstawienie (FK_Teatr, FK_Przedstawienie, FK_Bilet) values (1, 'gapcatwsivnwlhooieeh', 462);
insert into Rachunek (NrRachunku, DataWystawienia, Stanowisko, Platnosc, Koszt, FK_Sprzedawca) values ('jpyusiicrsolcef', '2016-02-23', '0333940', 'K', 1604.23, 14);
insert into Bilet (IdBilet, FK_Rachunek) values (463, 'jpyusiicrsolcef');
insert into Teatr_ma_Przedstawienie (FK_Teatr, FK_Przedstawienie, FK_Bilet) values (1, 'gapcatwsivnwlhooieeh', 463);
insert into Bilet (IdBilet, FK_Rachunek) values (464, 'jpyusiicrsolcef');
insert into Teatr_ma_Przedstawienie (FK_Teatr, FK_Przedstawienie, FK_Bilet) values (1, 'gapcatwsivnwlhooieeh', 464);
insert into Bilet (IdBilet, FK_Rachunek) values (465, 'jpyusiicrsolcef');
insert into Teatr_ma_Przedstawienie (FK_Teatr, FK_Przedstawienie, FK_Bilet) values (1, 'gapcatwsivnwlhooieeh', 465);
insert into Rachunek (NrRachunku, DataWystawienia, Stanowisko, Platnosc, Koszt, FK_Sprzedawca) values ('vdugimnrxchhehq', '2016-02-23', '0610294', 'G', 971.96, 14);
insert into Bilet (IdBilet, FK_Rachunek) values (466, 'vdugimnrxchhehq');
insert into Teatr_ma_Przedstawienie (FK_Teatr, FK_Przedstawienie, FK_Bilet) values (1, 'gapcatwsivnwlhooieeh', 466);
insert into Bilet (IdBilet, FK_Rachunek) values (467, 'vdugimnrxchhehq');
insert into Teatr_ma_Przedstawienie (FK_Teatr, FK_Przedstawienie, FK_Bilet) values (1, 'gapcatwsivnwlhooieeh', 467);
insert into Rachunek (NrRachunku, DataWystawienia, Stanowisko, Platnosc, Koszt, FK_Sprzedawca) values ('akdcrgqavnldjjw', '2016-08-11', '0630236', 'K', 1811.98, 14);
insert into Bilet (IdBilet, FK_Rachunek) values (588, 'akdcrgqavnldjjw');
insert into Teatr_ma_Przedstawienie (FK_Teatr, FK_Przedstawienie, FK_Bilet) values (1, 'tcorqqxeusoacdklorhw', 588);
insert into Bilet (IdBilet, FK_Rachunek) values (589, 'akdcrgqavnldjjw');
insert into Teatr_ma_Przedstawienie (FK_Teatr, FK_Przedstawienie, FK_Bilet) values (1, 'tcorqqxeusoacdklorhw', 589);
insert into Bilet (IdBilet, FK_Rachunek) values (590, 'akdcrgqavnldjjw');
insert into Teatr_ma_Przedstawienie (FK_Teatr, FK_Przedstawienie, FK_Bilet) values (1, 'tcorqqxeusoacdklorhw', 590);
insert into Bilet (IdBilet, FK_Rachunek) values (591, 'akdcrgqavnldjjw');
insert into Teatr_ma_Przedstawienie (FK_Teatr, FK_Przedstawienie, FK_Bilet) values (1, 'tcorqqxeusoacdklorhw', 591);
insert into Rachunek (NrRachunku, DataWystawienia, Stanowisko, Platnosc, Koszt, FK_Sprzedawca) values ('qxbarvhxuetgtkl', '2016-08-12', '0432655', 'K', 1795.20, 14);
insert into Bilet (IdBilet, FK_Rachunek) values (592, 'qxbarvhxuetgtkl');
insert into Teatr_ma_Przedstawienie (FK_Teatr, FK_Przedstawienie, FK_Bilet) values (1, 'tcorqqxeusoacdklorhw', 592);
insert into Bilet (IdBilet, FK_Rachunek) values (593, 'qxbarvhxuetgtkl');
insert into Teatr_ma_Przedstawienie (FK_Teatr, FK_Przedstawienie, FK_Bilet) values (1, 'tcorqqxeusoacdklorhw', 593);
insert into Bilet (IdBilet, FK_Rachunek) values (594, 'qxbarvhxuetgtkl');
insert into Teatr_ma_Przedstawienie (FK_Teatr, FK_Przedstawienie, FK_Bilet) values (1, 'tcorqqxeusoacdklorhw', 594);
insert into Rachunek (NrRachunku, DataWystawienia, Stanowisko, Platnosc, Koszt, FK_Sprzedawca) values ('wcybhckubuegwyd', '2016-08-05', '0535609', 'K', 649.31, 14);
insert into Bilet (IdBilet, FK_Rachunek) values (595, 'wcybhckubuegwyd');
insert into Teatr_ma_Przedstawienie (FK_Teatr, FK_Przedstawienie, FK_Bilet) values (1, 'tcorqqxeusoacdklorhw', 595);
insert into Bilet (IdBilet, FK_Rachunek) values (596, 'wcybhckubuegwyd');
insert into Teatr_ma_Przedstawienie (FK_Teatr, FK_Przedstawienie, FK_Bilet) values (1, 'tcorqqxeusoacdklorhw', 596);
insert into Bilet (IdBilet, FK_Rachunek) values (597, 'wcybhckubuegwyd');
insert into Teatr_ma_Przedstawienie (FK_Teatr, FK_Przedstawienie, FK_Bilet) values (1, 'tcorqqxeusoacdklorhw', 597);
insert into Rachunek (NrRachunku, DataWystawienia, Stanowisko, Platnosc, Koszt, FK_Sprzedawca) values ('yalkrkrghmsmiww', '2016-08-14', '0555400', 'K', 238.01, 14);
insert into Bilet (IdBilet, FK_Rachunek) values (598, 'yalkrkrghmsmiww');
insert into Teatr_ma_Przedstawienie (FK_Teatr, FK_Przedstawienie, FK_Bilet) values (1, 'tcorqqxeusoacdklorhw', 598);
insert into Bilet (IdBilet, FK_Rachunek) values (599, 'yalkrkrghmsmiww');
insert into Teatr_ma_Przedstawienie (FK_Teatr, FK_Przedstawienie, FK_Bilet) values (1, 'tcorqqxeusoacdklorhw', 599);
insert into Bilet (IdBilet, FK_Rachunek) values (600, 'yalkrkrghmsmiww');
insert into Teatr_ma_Przedstawienie (FK_Teatr, FK_Przedstawienie, FK_Bilet) values (1, 'tcorqqxeusoacdklorhw', 600);
insert into Bilet (IdBilet, FK_Rachunek) values (601, 'yalkrkrghmsmiww');
insert into Teatr_ma_Przedstawienie (FK_Teatr, FK_Przedstawienie, FK_Bilet) values (1, 'tcorqqxeusoacdklorhw', 601);
insert into Rachunek (NrRachunku, DataWystawienia, Stanowisko, Platnosc, Koszt, FK_Sprzedawca) values ('ulhojvnxrwlsqnw', '2016-08-16', '0900122', 'G', 540.83, 14);
insert into Bilet (IdBilet, FK_Rachunek) values (1312, 'ulhojvnxrwlsqnw');
insert into Teatr_ma_Przedstawienie (FK_Teatr, FK_Przedstawienie, FK_Bilet) values (1, 'tcorqqxeusoacdklorhw', 1312);
insert into Bilet (IdBilet, FK_Rachunek) values (1313, 'ulhojvnxrwlsqnw');
insert into Teatr_ma_Przedstawienie (FK_Teatr, FK_Przedstawienie, FK_Bilet) values (1, 'tcorqqxeusoacdklorhw', 1313);
insert into Rachunek (NrRachunku, DataWystawienia, Stanowisko, Platnosc, Koszt, FK_Sprzedawca) values ('losysukmwkakudn', '2016-08-23', '0908699', 'G', 1651.63, 14);
insert into Bilet (IdBilet, FK_Rachunek) values (1314, 'losysukmwkakudn');
insert into Teatr_ma_Przedstawienie (FK_Teatr, FK_Przedstawienie, FK_Bilet) values (1, 'tcorqqxeusoacdklorhw', 1314);
insert into Bilet (IdBilet, FK_Rachunek) values (1315, 'losysukmwkakudn');
insert into Teatr_ma_Przedstawienie (FK_Teatr, FK_Przedstawienie, FK_Bilet) values (1, 'tcorqqxeusoacdklorhw', 1315);
insert into Bilet (IdBilet, FK_Rachunek) values (1316, 'losysukmwkakudn');
insert into Teatr_ma_Przedstawienie (FK_Teatr, FK_Przedstawienie, FK_Bilet) values (1, 'tcorqqxeusoacdklorhw', 1316);
insert into Rachunek (NrRachunku, DataWystawienia, Stanowisko, Platnosc, Koszt, FK_Sprzedawca) values ('uqmhtcqsmiuyxea', '2016-07-31', '0993606', 'G', 1002.37, 14);
insert into Bilet (IdBilet, FK_Rachunek) values (1317, 'uqmhtcqsmiuyxea');
insert into Teatr_ma_Przedstawienie (FK_Teatr, FK_Przedstawienie, FK_Bilet) values (1, 'tcorqqxeusoacdklorhw', 1317);
insert into Bilet (IdBilet, FK_Rachunek) values (1318, 'uqmhtcqsmiuyxea');
insert into Teatr_ma_Przedstawienie (FK_Teatr, FK_Przedstawienie, FK_Bilet) values (1, 'tcorqqxeusoacdklorhw', 1318);
insert into Bilet (IdBilet, FK_Rachunek) values (1319, 'uqmhtcqsmiuyxea');
insert into Teatr_ma_Przedstawienie (FK_Teatr, FK_Przedstawienie, FK_Bilet) values (1, 'tcorqqxeusoacdklorhw', 1319);
insert into Rachunek (NrRachunku, DataWystawienia, Stanowisko, Platnosc, Koszt, FK_Sprzedawca) values ('qfqaksirwnkxjdj', '2016-07-29', '0863776', 'K', 731.35, 14);
insert into Bilet (IdBilet, FK_Rachunek) values (1320, 'qfqaksirwnkxjdj');
insert into Teatr_ma_Przedstawienie (FK_Teatr, FK_Przedstawienie, FK_Bilet) values (1, 'tcorqqxeusoacdklorhw', 1320);
insert into Bilet (IdBilet, FK_Rachunek) values (1321, 'qfqaksirwnkxjdj');
insert into Teatr_ma_Przedstawienie (FK_Teatr, FK_Przedstawienie, FK_Bilet) values (1, 'tcorqqxeusoacdklorhw', 1321);
insert into Rachunek (NrRachunku, DataWystawienia, Stanowisko, Platnosc, Koszt, FK_Sprzedawca) values ('ksudbugisuuugqw', '2016-08-19', '0954361', 'G', 398.78, 14);
insert into Bilet (IdBilet, FK_Rachunek) values (1322, 'ksudbugisuuugqw');
insert into Teatr_ma_Przedstawienie (FK_Teatr, FK_Przedstawienie, FK_Bilet) values (1, 'tcorqqxeusoacdklorhw', 1322);
insert into Bilet (IdBilet, FK_Rachunek) values (1323, 'ksudbugisuuugqw');
insert into Teatr_ma_Przedstawienie (FK_Teatr, FK_Przedstawienie, FK_Bilet) values (1, 'tcorqqxeusoacdklorhw', 1323);
insert into Bilet (IdBilet, FK_Rachunek) values (1324, 'ksudbugisuuugqw');
insert into Teatr_ma_Przedstawienie (FK_Teatr, FK_Przedstawienie, FK_Bilet) values (1, 'tcorqqxeusoacdklorhw', 1324);
insert into Rachunek (NrRachunku, DataWystawienia, Stanowisko, Platnosc, Koszt, FK_Sprzedawca) values ('sssvrpxqdybpjlc', '2017-03-21', '0060440', 'G', 1055.89, 14);
insert into Bilet (IdBilet, FK_Rachunek) values (1444, 'sssvrpxqdybpjlc');
insert into Teatr_ma_Przedstawienie (FK_Teatr, FK_Przedstawienie, FK_Bilet) values (1, 'ehdqklgqblmmslbbflyl', 1444);
insert into Bilet (IdBilet, FK_Rachunek) values (1445, 'sssvrpxqdybpjlc');
insert into Teatr_ma_Przedstawienie (FK_Teatr, FK_Przedstawienie, FK_Bilet) values (1, 'ehdqklgqblmmslbbflyl', 1445);
insert into Rachunek (NrRachunku, DataWystawienia, Stanowisko, Platnosc, Koszt, FK_Sprzedawca) values ('xxmuqhydqanaqlp', '2017-04-04', '0573282', 'G', 1440.82, 14);
insert into Bilet (IdBilet, FK_Rachunek) values (1446, 'xxmuqhydqanaqlp');
insert into Teatr_ma_Przedstawienie (FK_Teatr, FK_Przedstawienie, FK_Bilet) values (1, 'ehdqklgqblmmslbbflyl', 1446);
insert into Bilet (IdBilet, FK_Rachunek) values (1447, 'xxmuqhydqanaqlp');
insert into Teatr_ma_Przedstawienie (FK_Teatr, FK_Przedstawienie, FK_Bilet) values (1, 'ehdqklgqblmmslbbflyl', 1447);
insert into Rachunek (NrRachunku, DataWystawienia, Stanowisko, Platnosc, Koszt, FK_Sprzedawca) values ('mexamahfmvsbotx', '2017-04-03', '0815221', 'G', 82.60, 14);
insert into Bilet (IdBilet, FK_Rachunek) values (1448, 'mexamahfmvsbotx');
insert into Teatr_ma_Przedstawienie (FK_Teatr, FK_Przedstawienie, FK_Bilet) values (1, 'ehdqklgqblmmslbbflyl', 1448);
insert into Rachunek (NrRachunku, DataWystawienia, Stanowisko, Platnosc, Koszt, FK_Sprzedawca) values ('qmyrvfgwgdtpcve', '2017-03-08', '0002421', 'K', 234.25, 14);
insert into Bilet (IdBilet, FK_Rachunek) values (1449, 'qmyrvfgwgdtpcve');
insert into Teatr_ma_Przedstawienie (FK_Teatr, FK_Przedstawienie, FK_Bilet) values (1, 'ehdqklgqblmmslbbflyl', 1449);
insert into Bilet (IdBilet, FK_Rachunek) values (1450, 'qmyrvfgwgdtpcve');
insert into Teatr_ma_Przedstawienie (FK_Teatr, FK_Przedstawienie, FK_Bilet) values (1, 'ehdqklgqblmmslbbflyl', 1450);
insert into Rachunek (NrRachunku, DataWystawienia, Stanowisko, Platnosc, Koszt, FK_Sprzedawca) values ('phemlwrjybqsyyw', '2017-03-15', '0775226', 'K', 1481.10, 14);
insert into Bilet (IdBilet, FK_Rachunek) values (1451, 'phemlwrjybqsyyw');
insert into Teatr_ma_Przedstawienie (FK_Teatr, FK_Przedstawienie, FK_Bilet) values (1, 'ehdqklgqblmmslbbflyl', 1451);
insert into Rachunek (NrRachunku, DataWystawienia, Stanowisko, Platnosc, Koszt, FK_Sprzedawca) values ('fjirjaaxpkfhqvs', '2017-03-27', '0856732', 'K', 1830.94, 14);
insert into Bilet (IdBilet, FK_Rachunek) values (1452, 'fjirjaaxpkfhqvs');
insert into Teatr_ma_Przedstawienie (FK_Teatr, FK_Przedstawienie, FK_Bilet) values (1, 'ehdqklgqblmmslbbflyl', 1452);
insert into Bilet (IdBilet, FK_Rachunek) values (1453, 'fjirjaaxpkfhqvs');
insert into Teatr_ma_Przedstawienie (FK_Teatr, FK_Przedstawienie, FK_Bilet) values (1, 'ehdqklgqblmmslbbflyl', 1453);
insert into Rachunek (NrRachunku, DataWystawienia, Stanowisko, Platnosc, Koszt, FK_Sprzedawca) values ('keiiglvchaxdaqe', '2017-03-08', '0280072', 'K', 1170.06, 14);
insert into Bilet (IdBilet, FK_Rachunek) values (1454, 'keiiglvchaxdaqe');
insert into Teatr_ma_Przedstawienie (FK_Teatr, FK_Przedstawienie, FK_Bilet) values (1, 'ehdqklgqblmmslbbflyl', 1454);
insert into Bilet (IdBilet, FK_Rachunek) values (1455, 'keiiglvchaxdaqe');
insert into Teatr_ma_Przedstawienie (FK_Teatr, FK_Przedstawienie, FK_Bilet) values (1, 'ehdqklgqblmmslbbflyl', 1455);
insert into Rachunek (NrRachunku, DataWystawienia, Stanowisko, Platnosc, Koszt, FK_Sprzedawca) values ('ceoxhxhhxryfudq', '2016-12-08', '0312757', 'G', 509.55, 14);
insert into Bilet (IdBilet, FK_Rachunek) values (1578, 'ceoxhxhhxryfudq');
insert into Teatr_ma_Przedstawienie (FK_Teatr, FK_Przedstawienie, FK_Bilet) values (1, 'crxcmxodjvogjpagqhhr', 1578);
insert into Bilet (IdBilet, FK_Rachunek) values (1579, 'ceoxhxhhxryfudq');
insert into Teatr_ma_Przedstawienie (FK_Teatr, FK_Przedstawienie, FK_Bilet) values (1, 'crxcmxodjvogjpagqhhr', 1579);
insert into Bilet (IdBilet, FK_Rachunek) values (1580, 'ceoxhxhhxryfudq');
insert into Teatr_ma_Przedstawienie (FK_Teatr, FK_Przedstawienie, FK_Bilet) values (1, 'crxcmxodjvogjpagqhhr', 1580);
insert into Rachunek (NrRachunku, DataWystawienia, Stanowisko, Platnosc, Koszt, FK_Sprzedawca) values ('wsopoomamobkcpv', '2016-12-08', '0798106', 'G', 592.75, 14);
insert into Bilet (IdBilet, FK_Rachunek) values (1581, 'wsopoomamobkcpv');
insert into Teatr_ma_Przedstawienie (FK_Teatr, FK_Przedstawienie, FK_Bilet) values (1, 'crxcmxodjvogjpagqhhr', 1581);
insert into Bilet (IdBilet, FK_Rachunek) values (1582, 'wsopoomamobkcpv');
insert into Teatr_ma_Przedstawienie (FK_Teatr, FK_Przedstawienie, FK_Bilet) values (1, 'crxcmxodjvogjpagqhhr', 1582);
insert into Bilet (IdBilet, FK_Rachunek) values (1583, 'wsopoomamobkcpv');
insert into Teatr_ma_Przedstawienie (FK_Teatr, FK_Przedstawienie, FK_Bilet) values (1, 'crxcmxodjvogjpagqhhr', 1583);
insert into Bilet (IdBilet, FK_Rachunek) values (1584, 'wsopoomamobkcpv');
insert into Teatr_ma_Przedstawienie (FK_Teatr, FK_Przedstawienie, FK_Bilet) values (1, 'crxcmxodjvogjpagqhhr', 1584);
insert into Rachunek (NrRachunku, DataWystawienia, Stanowisko, Platnosc, Koszt, FK_Sprzedawca) values ('vdsoomqcnmnopak', '2016-12-12', '0630863', 'G', 902.99, 14);
insert into Bilet (IdBilet, FK_Rachunek) values (1585, 'vdsoomqcnmnopak');
insert into Teatr_ma_Przedstawienie (FK_Teatr, FK_Przedstawienie, FK_Bilet) values (1, 'crxcmxodjvogjpagqhhr', 1585);
insert into Bilet (IdBilet, FK_Rachunek) values (1586, 'vdsoomqcnmnopak');
insert into Teatr_ma_Przedstawienie (FK_Teatr, FK_Przedstawienie, FK_Bilet) values (1, 'crxcmxodjvogjpagqhhr', 1586);
insert into Bilet (IdBilet, FK_Rachunek) values (1587, 'vdsoomqcnmnopak');
insert into Teatr_ma_Przedstawienie (FK_Teatr, FK_Przedstawienie, FK_Bilet) values (1, 'crxcmxodjvogjpagqhhr', 1587);
insert into Rachunek (NrRachunku, DataWystawienia, Stanowisko, Platnosc, Koszt, FK_Sprzedawca) values ('aqigrypxsqpdbig', '2017-01-04', '0227161', 'K', 91.72, 14);
insert into Bilet (IdBilet, FK_Rachunek) values (1588, 'aqigrypxsqpdbig');
insert into Teatr_ma_Przedstawienie (FK_Teatr, FK_Przedstawienie, FK_Bilet) values (1, 'crxcmxodjvogjpagqhhr', 1588);
insert into Rachunek (NrRachunku, DataWystawienia, Stanowisko, Platnosc, Koszt, FK_Sprzedawca) values ('mercvulfoefpacb', '2016-12-18', '0107800', 'K', 222.76, 14);
insert into Bilet (IdBilet, FK_Rachunek) values (1589, 'mercvulfoefpacb');
insert into Teatr_ma_Przedstawienie (FK_Teatr, FK_Przedstawienie, FK_Bilet) values (1, 'crxcmxodjvogjpagqhhr', 1589);
insert into Bilet (IdBilet, FK_Rachunek) values (1590, 'mercvulfoefpacb');
insert into Teatr_ma_Przedstawienie (FK_Teatr, FK_Przedstawienie, FK_Bilet) values (1, 'crxcmxodjvogjpagqhhr', 1590);
insert into Sprzedawca (IDSprzedawca, Imie, Nazwisko) values (15, 'Madelaine', 'Hartman');
insert into Rachunek (NrRachunku, DataWystawienia, Stanowisko, Platnosc, Koszt, FK_Sprzedawca) values ('tnkawflsgkjuijm', '2016-02-25', '0239768', 'K', 449.17, 15);
insert into Bilet (IdBilet, FK_Rachunek) values (468, 'tnkawflsgkjuijm');
insert into Teatr_ma_Przedstawienie (FK_Teatr, FK_Przedstawienie, FK_Bilet) values (1, 'gapcatwsivnwlhooieeh', 468);
insert into Rachunek (NrRachunku, DataWystawienia, Stanowisko, Platnosc, Koszt, FK_Sprzedawca) values ('bmvdvvtvffuwasl', '2016-02-15', '0915597', 'G', 187.86, 15);
insert into Bilet (IdBilet, FK_Rachunek) values (469, 'bmvdvvtvffuwasl');
insert into Teatr_ma_Przedstawienie (FK_Teatr, FK_Przedstawienie, FK_Bilet) values (1, 'gapcatwsivnwlhooieeh', 469);
insert into Bilet (IdBilet, FK_Rachunek) values (470, 'bmvdvvtvffuwasl');
insert into Teatr_ma_Przedstawienie (FK_Teatr, FK_Przedstawienie, FK_Bilet) values (1, 'gapcatwsivnwlhooieeh', 470);
insert into Bilet (IdBilet, FK_Rachunek) values (471, 'bmvdvvtvffuwasl');
insert into Teatr_ma_Przedstawienie (FK_Teatr, FK_Przedstawienie, FK_Bilet) values (1, 'gapcatwsivnwlhooieeh', 471);
insert into Bilet (IdBilet, FK_Rachunek) values (472, 'bmvdvvtvffuwasl');
insert into Teatr_ma_Przedstawienie (FK_Teatr, FK_Przedstawienie, FK_Bilet) values (1, 'gapcatwsivnwlhooieeh', 472);
insert into Rachunek (NrRachunku, DataWystawienia, Stanowisko, Platnosc, Koszt, FK_Sprzedawca) values ('adubyabchakjovy', '2016-02-14', '0332954', 'G', 1450.61, 15);
insert into Bilet (IdBilet, FK_Rachunek) values (473, 'adubyabchakjovy');
insert into Teatr_ma_Przedstawienie (FK_Teatr, FK_Przedstawienie, FK_Bilet) values (1, 'gapcatwsivnwlhooieeh', 473);
insert into Rachunek (NrRachunku, DataWystawienia, Stanowisko, Platnosc, Koszt, FK_Sprzedawca) values ('rehlaulbluyqetb', '2016-03-12', '0609936', 'G', 197.56, 15);
insert into Bilet (IdBilet, FK_Rachunek) values (474, 'rehlaulbluyqetb');
insert into Teatr_ma_Przedstawienie (FK_Teatr, FK_Przedstawienie, FK_Bilet) values (1, 'gapcatwsivnwlhooieeh', 474);
insert into Bilet (IdBilet, FK_Rachunek) values (475, 'rehlaulbluyqetb');
insert into Teatr_ma_Przedstawienie (FK_Teatr, FK_Przedstawienie, FK_Bilet) values (1, 'gapcatwsivnwlhooieeh', 475);
insert into Bilet (IdBilet, FK_Rachunek) values (476, 'rehlaulbluyqetb');
insert into Teatr_ma_Przedstawienie (FK_Teatr, FK_Przedstawienie, FK_Bilet) values (1, 'gapcatwsivnwlhooieeh', 476);
insert into Bilet (IdBilet, FK_Rachunek) values (477, 'rehlaulbluyqetb');
insert into Teatr_ma_Przedstawienie (FK_Teatr, FK_Przedstawienie, FK_Bilet) values (1, 'gapcatwsivnwlhooieeh', 477);
insert into Rachunek (NrRachunku, DataWystawienia, Stanowisko, Platnosc, Koszt, FK_Sprzedawca) values ('hkaujfahjlykncl', '2016-02-20', '0466981', 'K', 1175.17, 15);
insert into Bilet (IdBilet, FK_Rachunek) values (478, 'hkaujfahjlykncl');
insert into Teatr_ma_Przedstawienie (FK_Teatr, FK_Przedstawienie, FK_Bilet) values (1, 'gapcatwsivnwlhooieeh', 478);
insert into Rachunek (NrRachunku, DataWystawienia, Stanowisko, Platnosc, Koszt, FK_Sprzedawca) values ('mfagnpoorqobifa', '2016-02-13', '0386918', 'K', 73.81, 15);
insert into Bilet (IdBilet, FK_Rachunek) values (479, 'mfagnpoorqobifa');
insert into Teatr_ma_Przedstawienie (FK_Teatr, FK_Przedstawienie, FK_Bilet) values (1, 'gapcatwsivnwlhooieeh', 479);
insert into Bilet (IdBilet, FK_Rachunek) values (480, 'mfagnpoorqobifa');
insert into Teatr_ma_Przedstawienie (FK_Teatr, FK_Przedstawienie, FK_Bilet) values (1, 'gapcatwsivnwlhooieeh', 480);
insert into Bilet (IdBilet, FK_Rachunek) values (481, 'mfagnpoorqobifa');
insert into Teatr_ma_Przedstawienie (FK_Teatr, FK_Przedstawienie, FK_Bilet) values (1, 'gapcatwsivnwlhooieeh', 481);
insert into Rachunek (NrRachunku, DataWystawienia, Stanowisko, Platnosc, Koszt, FK_Sprzedawca) values ('awokqiehbufcyfm', '2016-08-02', '0962212', 'K', 1516.91, 15);
insert into Bilet (IdBilet, FK_Rachunek) values (602, 'awokqiehbufcyfm');
insert into Teatr_ma_Przedstawienie (FK_Teatr, FK_Przedstawienie, FK_Bilet) values (1, 'tcorqqxeusoacdklorhw', 602);
insert into Bilet (IdBilet, FK_Rachunek) values (603, 'awokqiehbufcyfm');
insert into Teatr_ma_Przedstawienie (FK_Teatr, FK_Przedstawienie, FK_Bilet) values (1, 'tcorqqxeusoacdklorhw', 603);
insert into Bilet (IdBilet, FK_Rachunek) values (604, 'awokqiehbufcyfm');
insert into Teatr_ma_Przedstawienie (FK_Teatr, FK_Przedstawienie, FK_Bilet) values (1, 'tcorqqxeusoacdklorhw', 604);
insert into Rachunek (NrRachunku, DataWystawienia, Stanowisko, Platnosc, Koszt, FK_Sprzedawca) values ('pkxrftuisafvqnn', '2016-08-26', '0564694', 'G', 566.55, 15);
insert into Bilet (IdBilet, FK_Rachunek) values (605, 'pkxrftuisafvqnn');
insert into Teatr_ma_Przedstawienie (FK_Teatr, FK_Przedstawienie, FK_Bilet) values (1, 'tcorqqxeusoacdklorhw', 605);
insert into Bilet (IdBilet, FK_Rachunek) values (606, 'pkxrftuisafvqnn');
insert into Teatr_ma_Przedstawienie (FK_Teatr, FK_Przedstawienie, FK_Bilet) values (1, 'tcorqqxeusoacdklorhw', 606);
insert into Rachunek (NrRachunku, DataWystawienia, Stanowisko, Platnosc, Koszt, FK_Sprzedawca) values ('ocweuhqlittrjpm', '2016-08-11', '0260669', 'G', 1814.59, 15);
insert into Bilet (IdBilet, FK_Rachunek) values (607, 'ocweuhqlittrjpm');
insert into Teatr_ma_Przedstawienie (FK_Teatr, FK_Przedstawienie, FK_Bilet) values (1, 'tcorqqxeusoacdklorhw', 607);
insert into Rachunek (NrRachunku, DataWystawienia, Stanowisko, Platnosc, Koszt, FK_Sprzedawca) values ('hrbuwioprdfovjl', '2016-07-29', '0685606', 'K', 64.10, 15);
insert into Bilet (IdBilet, FK_Rachunek) values (608, 'hrbuwioprdfovjl');
insert into Teatr_ma_Przedstawienie (FK_Teatr, FK_Przedstawienie, FK_Bilet) values (1, 'tcorqqxeusoacdklorhw', 608);
insert into Bilet (IdBilet, FK_Rachunek) values (609, 'hrbuwioprdfovjl');
insert into Teatr_ma_Przedstawienie (FK_Teatr, FK_Przedstawienie, FK_Bilet) values (1, 'tcorqqxeusoacdklorhw', 609);
insert into Bilet (IdBilet, FK_Rachunek) values (610, 'hrbuwioprdfovjl');
insert into Teatr_ma_Przedstawienie (FK_Teatr, FK_Przedstawienie, FK_Bilet) values (1, 'tcorqqxeusoacdklorhw', 610);
insert into Bilet (IdBilet, FK_Rachunek) values (611, 'hrbuwioprdfovjl');
insert into Teatr_ma_Przedstawienie (FK_Teatr, FK_Przedstawienie, FK_Bilet) values (1, 'tcorqqxeusoacdklorhw', 611);
insert into Rachunek (NrRachunku, DataWystawienia, Stanowisko, Platnosc, Koszt, FK_Sprzedawca) values ('mnsmgcfujexxowk', '2016-08-11', '0969138', 'K', 1221.62, 15);
insert into Bilet (IdBilet, FK_Rachunek) values (612, 'mnsmgcfujexxowk');
insert into Teatr_ma_Przedstawienie (FK_Teatr, FK_Przedstawienie, FK_Bilet) values (1, 'tcorqqxeusoacdklorhw', 612);
insert into Bilet (IdBilet, FK_Rachunek) values (613, 'mnsmgcfujexxowk');
insert into Teatr_ma_Przedstawienie (FK_Teatr, FK_Przedstawienie, FK_Bilet) values (1, 'tcorqqxeusoacdklorhw', 613);
insert into Bilet (IdBilet, FK_Rachunek) values (614, 'mnsmgcfujexxowk');
insert into Teatr_ma_Przedstawienie (FK_Teatr, FK_Przedstawienie, FK_Bilet) values (1, 'tcorqqxeusoacdklorhw', 614);
insert into Rachunek (NrRachunku, DataWystawienia, Stanowisko, Platnosc, Koszt, FK_Sprzedawca) values ('uliwttttrtmxotj', '2016-08-03', '0919851', 'G', 1368.33, 15);
insert into Bilet (IdBilet, FK_Rachunek) values (1325, 'uliwttttrtmxotj');
insert into Teatr_ma_Przedstawienie (FK_Teatr, FK_Przedstawienie, FK_Bilet) values (1, 'tcorqqxeusoacdklorhw', 1325);
insert into Bilet (IdBilet, FK_Rachunek) values (1326, 'uliwttttrtmxotj');
insert into Teatr_ma_Przedstawienie (FK_Teatr, FK_Przedstawienie, FK_Bilet) values (1, 'tcorqqxeusoacdklorhw', 1326);
insert into Bilet (IdBilet, FK_Rachunek) values (1327, 'uliwttttrtmxotj');
insert into Teatr_ma_Przedstawienie (FK_Teatr, FK_Przedstawienie, FK_Bilet) values (1, 'tcorqqxeusoacdklorhw', 1327);
insert into Rachunek (NrRachunku, DataWystawienia, Stanowisko, Platnosc, Koszt, FK_Sprzedawca) values ('dgodwbdtcfkwxfp', '2016-08-09', '0042071', 'K', 1547.47, 15);
insert into Bilet (IdBilet, FK_Rachunek) values (1328, 'dgodwbdtcfkwxfp');
insert into Teatr_ma_Przedstawienie (FK_Teatr, FK_Przedstawienie, FK_Bilet) values (1, 'tcorqqxeusoacdklorhw', 1328);
insert into Bilet (IdBilet, FK_Rachunek) values (1329, 'dgodwbdtcfkwxfp');
insert into Teatr_ma_Przedstawienie (FK_Teatr, FK_Przedstawienie, FK_Bilet) values (1, 'tcorqqxeusoacdklorhw', 1329);
insert into Bilet (IdBilet, FK_Rachunek) values (1330, 'dgodwbdtcfkwxfp');
insert into Teatr_ma_Przedstawienie (FK_Teatr, FK_Przedstawienie, FK_Bilet) values (1, 'tcorqqxeusoacdklorhw', 1330);
insert into Bilet (IdBilet, FK_Rachunek) values (1331, 'dgodwbdtcfkwxfp');
insert into Teatr_ma_Przedstawienie (FK_Teatr, FK_Przedstawienie, FK_Bilet) values (1, 'tcorqqxeusoacdklorhw', 1331);
insert into Rachunek (NrRachunku, DataWystawienia, Stanowisko, Platnosc, Koszt, FK_Sprzedawca) values ('wbaarypmjopydjo', '2016-08-21', '0891947', 'K', 1006.64, 15);
insert into Bilet (IdBilet, FK_Rachunek) values (1332, 'wbaarypmjopydjo');
insert into Teatr_ma_Przedstawienie (FK_Teatr, FK_Przedstawienie, FK_Bilet) values (1, 'tcorqqxeusoacdklorhw', 1332);
insert into Rachunek (NrRachunku, DataWystawienia, Stanowisko, Platnosc, Koszt, FK_Sprzedawca) values ('vqoiqnfdsvqqgri', '2016-08-01', '0919611', 'K', 1443.42, 15);
insert into Bilet (IdBilet, FK_Rachunek) values (1333, 'vqoiqnfdsvqqgri');
insert into Teatr_ma_Przedstawienie (FK_Teatr, FK_Przedstawienie, FK_Bilet) values (1, 'tcorqqxeusoacdklorhw', 1333);
insert into Bilet (IdBilet, FK_Rachunek) values (1334, 'vqoiqnfdsvqqgri');
insert into Teatr_ma_Przedstawienie (FK_Teatr, FK_Przedstawienie, FK_Bilet) values (1, 'tcorqqxeusoacdklorhw', 1334);
insert into Rachunek (NrRachunku, DataWystawienia, Stanowisko, Platnosc, Koszt, FK_Sprzedawca) values ('wvobvkxobkntfnh', '2016-08-25', '0190395', 'G', 769.90, 15);
insert into Bilet (IdBilet, FK_Rachunek) values (1335, 'wvobvkxobkntfnh');
insert into Teatr_ma_Przedstawienie (FK_Teatr, FK_Przedstawienie, FK_Bilet) values (1, 'tcorqqxeusoacdklorhw', 1335);
insert into Bilet (IdBilet, FK_Rachunek) values (1336, 'wvobvkxobkntfnh');
insert into Teatr_ma_Przedstawienie (FK_Teatr, FK_Przedstawienie, FK_Bilet) values (1, 'tcorqqxeusoacdklorhw', 1336);
insert into Bilet (IdBilet, FK_Rachunek) values (1337, 'wvobvkxobkntfnh');
insert into Teatr_ma_Przedstawienie (FK_Teatr, FK_Przedstawienie, FK_Bilet) values (1, 'tcorqqxeusoacdklorhw', 1337);
insert into Bilet (IdBilet, FK_Rachunek) values (1338, 'wvobvkxobkntfnh');
insert into Teatr_ma_Przedstawienie (FK_Teatr, FK_Przedstawienie, FK_Bilet) values (1, 'tcorqqxeusoacdklorhw', 1338);
insert into Rachunek (NrRachunku, DataWystawienia, Stanowisko, Platnosc, Koszt, FK_Sprzedawca) values ('lgwjwjgjlepinbg', '2017-03-10', '0180650', 'G', 595.29, 15);
insert into Bilet (IdBilet, FK_Rachunek) values (1456, 'lgwjwjgjlepinbg');
insert into Teatr_ma_Przedstawienie (FK_Teatr, FK_Przedstawienie, FK_Bilet) values (1, 'ehdqklgqblmmslbbflyl', 1456);
insert into Bilet (IdBilet, FK_Rachunek) values (1457, 'lgwjwjgjlepinbg');
insert into Teatr_ma_Przedstawienie (FK_Teatr, FK_Przedstawienie, FK_Bilet) values (1, 'ehdqklgqblmmslbbflyl', 1457);
insert into Rachunek (NrRachunku, DataWystawienia, Stanowisko, Platnosc, Koszt, FK_Sprzedawca) values ('pamgqljqrkihbrk', '2017-03-20', '0088513', 'K', 1384.27, 15);
insert into Bilet (IdBilet, FK_Rachunek) values (1458, 'pamgqljqrkihbrk');
insert into Teatr_ma_Przedstawienie (FK_Teatr, FK_Przedstawienie, FK_Bilet) values (1, 'ehdqklgqblmmslbbflyl', 1458);
insert into Bilet (IdBilet, FK_Rachunek) values (1459, 'pamgqljqrkihbrk');
insert into Teatr_ma_Przedstawienie (FK_Teatr, FK_Przedstawienie, FK_Bilet) values (1, 'ehdqklgqblmmslbbflyl', 1459);
insert into Bilet (IdBilet, FK_Rachunek) values (1460, 'pamgqljqrkihbrk');
insert into Teatr_ma_Przedstawienie (FK_Teatr, FK_Przedstawienie, FK_Bilet) values (1, 'ehdqklgqblmmslbbflyl', 1460);
insert into Bilet (IdBilet, FK_Rachunek) values (1461, 'pamgqljqrkihbrk');
insert into Teatr_ma_Przedstawienie (FK_Teatr, FK_Przedstawienie, FK_Bilet) values (1, 'ehdqklgqblmmslbbflyl', 1461);
insert into Rachunek (NrRachunku, DataWystawienia, Stanowisko, Platnosc, Koszt, FK_Sprzedawca) values ('vahkxxjhxiduweq', '2017-03-12', '0677026', 'K', 332.46, 15);
insert into Bilet (IdBilet, FK_Rachunek) values (1462, 'vahkxxjhxiduweq');
insert into Teatr_ma_Przedstawienie (FK_Teatr, FK_Przedstawienie, FK_Bilet) values (1, 'ehdqklgqblmmslbbflyl', 1462);
insert into Bilet (IdBilet, FK_Rachunek) values (1463, 'vahkxxjhxiduweq');
insert into Teatr_ma_Przedstawienie (FK_Teatr, FK_Przedstawienie, FK_Bilet) values (1, 'ehdqklgqblmmslbbflyl', 1463);
insert into Bilet (IdBilet, FK_Rachunek) values (1464, 'vahkxxjhxiduweq');
insert into Teatr_ma_Przedstawienie (FK_Teatr, FK_Przedstawienie, FK_Bilet) values (1, 'ehdqklgqblmmslbbflyl', 1464);
insert into Rachunek (NrRachunku, DataWystawienia, Stanowisko, Platnosc, Koszt, FK_Sprzedawca) values ('diabjwqsascpfxo', '2017-03-20', '0754402', 'K', 16.20, 15);
insert into Bilet (IdBilet, FK_Rachunek) values (1465, 'diabjwqsascpfxo');
insert into Teatr_ma_Przedstawienie (FK_Teatr, FK_Przedstawienie, FK_Bilet) values (1, 'ehdqklgqblmmslbbflyl', 1465);
insert into Bilet (IdBilet, FK_Rachunek) values (1466, 'diabjwqsascpfxo');
insert into Teatr_ma_Przedstawienie (FK_Teatr, FK_Przedstawienie, FK_Bilet) values (1, 'ehdqklgqblmmslbbflyl', 1466);
insert into Bilet (IdBilet, FK_Rachunek) values (1467, 'diabjwqsascpfxo');
insert into Teatr_ma_Przedstawienie (FK_Teatr, FK_Przedstawienie, FK_Bilet) values (1, 'ehdqklgqblmmslbbflyl', 1467);
insert into Bilet (IdBilet, FK_Rachunek) values (1468, 'diabjwqsascpfxo');
insert into Teatr_ma_Przedstawienie (FK_Teatr, FK_Przedstawienie, FK_Bilet) values (1, 'ehdqklgqblmmslbbflyl', 1468);
insert into Rachunek (NrRachunku, DataWystawienia, Stanowisko, Platnosc, Koszt, FK_Sprzedawca) values ('yvabnkcuwwgfaxx', '2016-12-27', '0072642', 'G', 1622.46, 15);
insert into Bilet (IdBilet, FK_Rachunek) values (1591, 'yvabnkcuwwgfaxx');
insert into Teatr_ma_Przedstawienie (FK_Teatr, FK_Przedstawienie, FK_Bilet) values (1, 'crxcmxodjvogjpagqhhr', 1591);
insert into Bilet (IdBilet, FK_Rachunek) values (1592, 'yvabnkcuwwgfaxx');
insert into Teatr_ma_Przedstawienie (FK_Teatr, FK_Przedstawienie, FK_Bilet) values (1, 'crxcmxodjvogjpagqhhr', 1592);
insert into Bilet (IdBilet, FK_Rachunek) values (1593, 'yvabnkcuwwgfaxx');
insert into Teatr_ma_Przedstawienie (FK_Teatr, FK_Przedstawienie, FK_Bilet) values (1, 'crxcmxodjvogjpagqhhr', 1593);
insert into Rachunek (NrRachunku, DataWystawienia, Stanowisko, Platnosc, Koszt, FK_Sprzedawca) values ('jpshaiwneooktcl', '2016-12-31', '0955698', 'K', 68.88, 15);
insert into Bilet (IdBilet, FK_Rachunek) values (1594, 'jpshaiwneooktcl');
insert into Teatr_ma_Przedstawienie (FK_Teatr, FK_Przedstawienie, FK_Bilet) values (1, 'crxcmxodjvogjpagqhhr', 1594);
insert into Bilet (IdBilet, FK_Rachunek) values (1595, 'jpshaiwneooktcl');
insert into Teatr_ma_Przedstawienie (FK_Teatr, FK_Przedstawienie, FK_Bilet) values (1, 'crxcmxodjvogjpagqhhr', 1595);
insert into Rachunek (NrRachunku, DataWystawienia, Stanowisko, Platnosc, Koszt, FK_Sprzedawca) values ('iovqqtdyuvjjtfp', '2017-01-03', '0556316', 'G', 1480.39, 15);
insert into Bilet (IdBilet, FK_Rachunek) values (1596, 'iovqqtdyuvjjtfp');
insert into Teatr_ma_Przedstawienie (FK_Teatr, FK_Przedstawienie, FK_Bilet) values (1, 'crxcmxodjvogjpagqhhr', 1596);
insert into Bilet (IdBilet, FK_Rachunek) values (1597, 'iovqqtdyuvjjtfp');
insert into Teatr_ma_Przedstawienie (FK_Teatr, FK_Przedstawienie, FK_Bilet) values (1, 'crxcmxodjvogjpagqhhr', 1597);
insert into Rachunek (NrRachunku, DataWystawienia, Stanowisko, Platnosc, Koszt, FK_Sprzedawca) values ('plgptpvrcrciumy', '2016-12-25', '0726498', 'K', 251.21, 15);
insert into Bilet (IdBilet, FK_Rachunek) values (1598, 'plgptpvrcrciumy');
insert into Teatr_ma_Przedstawienie (FK_Teatr, FK_Przedstawienie, FK_Bilet) values (1, 'crxcmxodjvogjpagqhhr', 1598);
insert into Rachunek (NrRachunku, DataWystawienia, Stanowisko, Platnosc, Koszt, FK_Sprzedawca) values ('yislnqjihefpxlp', '2016-12-07', '0478222', 'G', 1380.45, 15);
insert into Bilet (IdBilet, FK_Rachunek) values (1599, 'yislnqjihefpxlp');
insert into Teatr_ma_Przedstawienie (FK_Teatr, FK_Przedstawienie, FK_Bilet) values (1, 'crxcmxodjvogjpagqhhr', 1599);
insert into Bilet (IdBilet, FK_Rachunek) values (1600, 'yislnqjihefpxlp');
insert into Teatr_ma_Przedstawienie (FK_Teatr, FK_Przedstawienie, FK_Bilet) values (1, 'crxcmxodjvogjpagqhhr', 1600);
insert into Bilet (IdBilet, FK_Rachunek) values (1601, 'yislnqjihefpxlp');
insert into Teatr_ma_Przedstawienie (FK_Teatr, FK_Przedstawienie, FK_Bilet) values (1, 'crxcmxodjvogjpagqhhr', 1601);
insert into Bilet (IdBilet, FK_Rachunek) values (1602, 'yislnqjihefpxlp');
insert into Teatr_ma_Przedstawienie (FK_Teatr, FK_Przedstawienie, FK_Bilet) values (1, 'crxcmxodjvogjpagqhhr', 1602);
insert into Sprzedawca (IDSprzedawca, Imie, Nazwisko) values (16, 'Marivel', 'Harris');
insert into Rachunek (NrRachunku, DataWystawienia, Stanowisko, Platnosc, Koszt, FK_Sprzedawca) values ('jvhfryislsqwxya', '2016-02-18', '0500000', 'K', 471.08, 16);
insert into Bilet (IdBilet, FK_Rachunek) values (482, 'jvhfryislsqwxya');
insert into Teatr_ma_Przedstawienie (FK_Teatr, FK_Przedstawienie, FK_Bilet) values (1, 'gapcatwsivnwlhooieeh', 482);
insert into Bilet (IdBilet, FK_Rachunek) values (483, 'jvhfryislsqwxya');
insert into Teatr_ma_Przedstawienie (FK_Teatr, FK_Przedstawienie, FK_Bilet) values (1, 'gapcatwsivnwlhooieeh', 483);
insert into Bilet (IdBilet, FK_Rachunek) values (484, 'jvhfryislsqwxya');
insert into Teatr_ma_Przedstawienie (FK_Teatr, FK_Przedstawienie, FK_Bilet) values (1, 'gapcatwsivnwlhooieeh', 484);
insert into Bilet (IdBilet, FK_Rachunek) values (485, 'jvhfryislsqwxya');
insert into Teatr_ma_Przedstawienie (FK_Teatr, FK_Przedstawienie, FK_Bilet) values (1, 'gapcatwsivnwlhooieeh', 485);
insert into Rachunek (NrRachunku, DataWystawienia, Stanowisko, Platnosc, Koszt, FK_Sprzedawca) values ('kwxahsqxgkrvheu', '2016-02-16', '0643918', 'G', 1273.06, 16);
insert into Bilet (IdBilet, FK_Rachunek) values (486, 'kwxahsqxgkrvheu');
insert into Teatr_ma_Przedstawienie (FK_Teatr, FK_Przedstawienie, FK_Bilet) values (1, 'gapcatwsivnwlhooieeh', 486);
insert into Rachunek (NrRachunku, DataWystawienia, Stanowisko, Platnosc, Koszt, FK_Sprzedawca) values ('dqbjcddikldmomv', '2016-02-22', '0805887', 'K', 775.24, 16);
insert into Bilet (IdBilet, FK_Rachunek) values (487, 'dqbjcddikldmomv');
insert into Teatr_ma_Przedstawienie (FK_Teatr, FK_Przedstawienie, FK_Bilet) values (1, 'gapcatwsivnwlhooieeh', 487);
insert into Bilet (IdBilet, FK_Rachunek) values (488, 'dqbjcddikldmomv');
insert into Teatr_ma_Przedstawienie (FK_Teatr, FK_Przedstawienie, FK_Bilet) values (1, 'gapcatwsivnwlhooieeh', 488);
insert into Bilet (IdBilet, FK_Rachunek) values (489, 'dqbjcddikldmomv');
insert into Teatr_ma_Przedstawienie (FK_Teatr, FK_Przedstawienie, FK_Bilet) values (1, 'gapcatwsivnwlhooieeh', 489);
insert into Rachunek (NrRachunku, DataWystawienia, Stanowisko, Platnosc, Koszt, FK_Sprzedawca) values ('sqpqfqdixgswaty', '2016-02-29', '0191288', 'G', 910.64, 16);
insert into Bilet (IdBilet, FK_Rachunek) values (490, 'sqpqfqdixgswaty');
insert into Teatr_ma_Przedstawienie (FK_Teatr, FK_Przedstawienie, FK_Bilet) values (1, 'gapcatwsivnwlhooieeh', 490);
insert into Bilet (IdBilet, FK_Rachunek) values (491, 'sqpqfqdixgswaty');
insert into Teatr_ma_Przedstawienie (FK_Teatr, FK_Przedstawienie, FK_Bilet) values (1, 'gapcatwsivnwlhooieeh', 491);
insert into Bilet (IdBilet, FK_Rachunek) values (492, 'sqpqfqdixgswaty');
insert into Teatr_ma_Przedstawienie (FK_Teatr, FK_Przedstawienie, FK_Bilet) values (1, 'gapcatwsivnwlhooieeh', 492);
insert into Bilet (IdBilet, FK_Rachunek) values (493, 'sqpqfqdixgswaty');
insert into Teatr_ma_Przedstawienie (FK_Teatr, FK_Przedstawienie, FK_Bilet) values (1, 'gapcatwsivnwlhooieeh', 493);
insert into Rachunek (NrRachunku, DataWystawienia, Stanowisko, Platnosc, Koszt, FK_Sprzedawca) values ('bksfrmtvqfylebp', '2016-07-29', '0087280', 'K', 34.40, 16);
insert into Bilet (IdBilet, FK_Rachunek) values (615, 'bksfrmtvqfylebp');
insert into Teatr_ma_Przedstawienie (FK_Teatr, FK_Przedstawienie, FK_Bilet) values (1, 'tcorqqxeusoacdklorhw', 615);
insert into Rachunek (NrRachunku, DataWystawienia, Stanowisko, Platnosc, Koszt, FK_Sprzedawca) values ('rucwgfxvijcwqpx', '2016-07-28', '0961155', 'K', 613.91, 16);
insert into Bilet (IdBilet, FK_Rachunek) values (616, 'rucwgfxvijcwqpx');
insert into Teatr_ma_Przedstawienie (FK_Teatr, FK_Przedstawienie, FK_Bilet) values (1, 'tcorqqxeusoacdklorhw', 616);
insert into Bilet (IdBilet, FK_Rachunek) values (617, 'rucwgfxvijcwqpx');
insert into Teatr_ma_Przedstawienie (FK_Teatr, FK_Przedstawienie, FK_Bilet) values (1, 'tcorqqxeusoacdklorhw', 617);
insert into Bilet (IdBilet, FK_Rachunek) values (618, 'rucwgfxvijcwqpx');
insert into Teatr_ma_Przedstawienie (FK_Teatr, FK_Przedstawienie, FK_Bilet) values (1, 'tcorqqxeusoacdklorhw', 618);
insert into Rachunek (NrRachunku, DataWystawienia, Stanowisko, Platnosc, Koszt, FK_Sprzedawca) values ('kyshbtvprxsrchg', '2016-08-18', '0063502', 'G', 1360.42, 16);
insert into Bilet (IdBilet, FK_Rachunek) values (619, 'kyshbtvprxsrchg');
insert into Teatr_ma_Przedstawienie (FK_Teatr, FK_Przedstawienie, FK_Bilet) values (1, 'tcorqqxeusoacdklorhw', 619);
insert into Bilet (IdBilet, FK_Rachunek) values (620, 'kyshbtvprxsrchg');
insert into Teatr_ma_Przedstawienie (FK_Teatr, FK_Przedstawienie, FK_Bilet) values (1, 'tcorqqxeusoacdklorhw', 620);
insert into Rachunek (NrRachunku, DataWystawienia, Stanowisko, Platnosc, Koszt, FK_Sprzedawca) values ('qattldvqqedojvo', '2016-08-04', '0866588', 'G', 1490.15, 16);
insert into Bilet (IdBilet, FK_Rachunek) values (621, 'qattldvqqedojvo');
insert into Teatr_ma_Przedstawienie (FK_Teatr, FK_Przedstawienie, FK_Bilet) values (1, 'tcorqqxeusoacdklorhw', 621);
insert into Bilet (IdBilet, FK_Rachunek) values (622, 'qattldvqqedojvo');
insert into Teatr_ma_Przedstawienie (FK_Teatr, FK_Przedstawienie, FK_Bilet) values (1, 'tcorqqxeusoacdklorhw', 622);
insert into Rachunek (NrRachunku, DataWystawienia, Stanowisko, Platnosc, Koszt, FK_Sprzedawca) values ('ocfsuyswauvfjxn', '2016-08-08', '0211285', 'G', 627.07, 16);
insert into Bilet (IdBilet, FK_Rachunek) values (623, 'ocfsuyswauvfjxn');
insert into Teatr_ma_Przedstawienie (FK_Teatr, FK_Przedstawienie, FK_Bilet) values (1, 'tcorqqxeusoacdklorhw', 623);
insert into Bilet (IdBilet, FK_Rachunek) values (624, 'ocfsuyswauvfjxn');
insert into Teatr_ma_Przedstawienie (FK_Teatr, FK_Przedstawienie, FK_Bilet) values (1, 'tcorqqxeusoacdklorhw', 624);
insert into Bilet (IdBilet, FK_Rachunek) values (625, 'ocfsuyswauvfjxn');
insert into Teatr_ma_Przedstawienie (FK_Teatr, FK_Przedstawienie, FK_Bilet) values (1, 'tcorqqxeusoacdklorhw', 625);
insert into Rachunek (NrRachunku, DataWystawienia, Stanowisko, Platnosc, Koszt, FK_Sprzedawca) values ('nvncscdwdtohbcx', '2016-08-10', '0441282', 'K', 770.01, 16);
insert into Bilet (IdBilet, FK_Rachunek) values (626, 'nvncscdwdtohbcx');
insert into Teatr_ma_Przedstawienie (FK_Teatr, FK_Przedstawienie, FK_Bilet) values (1, 'tcorqqxeusoacdklorhw', 626);
insert into Bilet (IdBilet, FK_Rachunek) values (627, 'nvncscdwdtohbcx');
insert into Teatr_ma_Przedstawienie (FK_Teatr, FK_Przedstawienie, FK_Bilet) values (1, 'tcorqqxeusoacdklorhw', 627);
insert into Bilet (IdBilet, FK_Rachunek) values (628, 'nvncscdwdtohbcx');
insert into Teatr_ma_Przedstawienie (FK_Teatr, FK_Przedstawienie, FK_Bilet) values (1, 'tcorqqxeusoacdklorhw', 628);
insert into Rachunek (NrRachunku, DataWystawienia, Stanowisko, Platnosc, Koszt, FK_Sprzedawca) values ('cakmithonbrxhea', '2016-08-17', '0093749', 'K', 30.07, 16);
insert into Bilet (IdBilet, FK_Rachunek) values (1339, 'cakmithonbrxhea');
insert into Teatr_ma_Przedstawienie (FK_Teatr, FK_Przedstawienie, FK_Bilet) values (1, 'tcorqqxeusoacdklorhw', 1339);
insert into Bilet (IdBilet, FK_Rachunek) values (1340, 'cakmithonbrxhea');
insert into Teatr_ma_Przedstawienie (FK_Teatr, FK_Przedstawienie, FK_Bilet) values (1, 'tcorqqxeusoacdklorhw', 1340);
insert into Bilet (IdBilet, FK_Rachunek) values (1341, 'cakmithonbrxhea');
insert into Teatr_ma_Przedstawienie (FK_Teatr, FK_Przedstawienie, FK_Bilet) values (1, 'tcorqqxeusoacdklorhw', 1341);
insert into Rachunek (NrRachunku, DataWystawienia, Stanowisko, Platnosc, Koszt, FK_Sprzedawca) values ('hitaqtjbmdxbmwc', '2016-08-20', '0984354', 'K', 61.38, 16);
insert into Bilet (IdBilet, FK_Rachunek) values (1342, 'hitaqtjbmdxbmwc');
insert into Teatr_ma_Przedstawienie (FK_Teatr, FK_Przedstawienie, FK_Bilet) values (1, 'tcorqqxeusoacdklorhw', 1342);
insert into Bilet (IdBilet, FK_Rachunek) values (1343, 'hitaqtjbmdxbmwc');
insert into Teatr_ma_Przedstawienie (FK_Teatr, FK_Przedstawienie, FK_Bilet) values (1, 'tcorqqxeusoacdklorhw', 1343);
insert into Bilet (IdBilet, FK_Rachunek) values (1344, 'hitaqtjbmdxbmwc');
insert into Teatr_ma_Przedstawienie (FK_Teatr, FK_Przedstawienie, FK_Bilet) values (1, 'tcorqqxeusoacdklorhw', 1344);
insert into Bilet (IdBilet, FK_Rachunek) values (1345, 'hitaqtjbmdxbmwc');
insert into Teatr_ma_Przedstawienie (FK_Teatr, FK_Przedstawienie, FK_Bilet) values (1, 'tcorqqxeusoacdklorhw', 1345);
insert into Rachunek (NrRachunku, DataWystawienia, Stanowisko, Platnosc, Koszt, FK_Sprzedawca) values ('taolsqfsinpgaye', '2016-08-09', '0034818', 'G', 1019.22, 16);
insert into Bilet (IdBilet, FK_Rachunek) values (1346, 'taolsqfsinpgaye');
insert into Teatr_ma_Przedstawienie (FK_Teatr, FK_Przedstawienie, FK_Bilet) values (1, 'tcorqqxeusoacdklorhw', 1346);
insert into Rachunek (NrRachunku, DataWystawienia, Stanowisko, Platnosc, Koszt, FK_Sprzedawca) values ('mpkbceyewnryxjk', '2016-08-21', '0661466', 'K', 821.61, 16);
insert into Bilet (IdBilet, FK_Rachunek) values (1347, 'mpkbceyewnryxjk');
insert into Teatr_ma_Przedstawienie (FK_Teatr, FK_Przedstawienie, FK_Bilet) values (1, 'tcorqqxeusoacdklorhw', 1347);
insert into Bilet (IdBilet, FK_Rachunek) values (1348, 'mpkbceyewnryxjk');
insert into Teatr_ma_Przedstawienie (FK_Teatr, FK_Przedstawienie, FK_Bilet) values (1, 'tcorqqxeusoacdklorhw', 1348);
insert into Rachunek (NrRachunku, DataWystawienia, Stanowisko, Platnosc, Koszt, FK_Sprzedawca) values ('rtqkhqivkjcpklb', '2016-08-08', '0601230', 'G', 1076.71, 16);
insert into Bilet (IdBilet, FK_Rachunek) values (1349, 'rtqkhqivkjcpklb');
insert into Teatr_ma_Przedstawienie (FK_Teatr, FK_Przedstawienie, FK_Bilet) values (1, 'tcorqqxeusoacdklorhw', 1349);
insert into Bilet (IdBilet, FK_Rachunek) values (1350, 'rtqkhqivkjcpklb');
insert into Teatr_ma_Przedstawienie (FK_Teatr, FK_Przedstawienie, FK_Bilet) values (1, 'tcorqqxeusoacdklorhw', 1350);
insert into Bilet (IdBilet, FK_Rachunek) values (1351, 'rtqkhqivkjcpklb');
insert into Teatr_ma_Przedstawienie (FK_Teatr, FK_Przedstawienie, FK_Bilet) values (1, 'tcorqqxeusoacdklorhw', 1351);
insert into Bilet (IdBilet, FK_Rachunek) values (1352, 'rtqkhqivkjcpklb');
insert into Teatr_ma_Przedstawienie (FK_Teatr, FK_Przedstawienie, FK_Bilet) values (1, 'tcorqqxeusoacdklorhw', 1352);
insert into Rachunek (NrRachunku, DataWystawienia, Stanowisko, Platnosc, Koszt, FK_Sprzedawca) values ('ceqahoadchgsnxm', '2017-03-30', '0151013', 'G', 951.66, 16);
insert into Bilet (IdBilet, FK_Rachunek) values (1469, 'ceqahoadchgsnxm');
insert into Teatr_ma_Przedstawienie (FK_Teatr, FK_Przedstawienie, FK_Bilet) values (1, 'ehdqklgqblmmslbbflyl', 1469);
insert into Rachunek (NrRachunku, DataWystawienia, Stanowisko, Platnosc, Koszt, FK_Sprzedawca) values ('pmlbhagahnfghrv', '2017-03-24', '0696460', 'G', 1830.58, 16);
insert into Bilet (IdBilet, FK_Rachunek) values (1470, 'pmlbhagahnfghrv');
insert into Teatr_ma_Przedstawienie (FK_Teatr, FK_Przedstawienie, FK_Bilet) values (1, 'ehdqklgqblmmslbbflyl', 1470);
insert into Bilet (IdBilet, FK_Rachunek) values (1471, 'pmlbhagahnfghrv');
insert into Teatr_ma_Przedstawienie (FK_Teatr, FK_Przedstawienie, FK_Bilet) values (1, 'ehdqklgqblmmslbbflyl', 1471);
insert into Bilet (IdBilet, FK_Rachunek) values (1472, 'pmlbhagahnfghrv');
insert into Teatr_ma_Przedstawienie (FK_Teatr, FK_Przedstawienie, FK_Bilet) values (1, 'ehdqklgqblmmslbbflyl', 1472);
insert into Rachunek (NrRachunku, DataWystawienia, Stanowisko, Platnosc, Koszt, FK_Sprzedawca) values ('idjjgydvvbcewsd', '2017-03-22', '0947421', 'K', 1272.03, 16);
insert into Bilet (IdBilet, FK_Rachunek) values (1473, 'idjjgydvvbcewsd');
insert into Teatr_ma_Przedstawienie (FK_Teatr, FK_Przedstawienie, FK_Bilet) values (1, 'ehdqklgqblmmslbbflyl', 1473);
insert into Bilet (IdBilet, FK_Rachunek) values (1474, 'idjjgydvvbcewsd');
insert into Teatr_ma_Przedstawienie (FK_Teatr, FK_Przedstawienie, FK_Bilet) values (1, 'ehdqklgqblmmslbbflyl', 1474);
insert into Rachunek (NrRachunku, DataWystawienia, Stanowisko, Platnosc, Koszt, FK_Sprzedawca) values ('ecumdoddpnudjmc', '2017-03-23', '0426569', 'G', 40.76, 16);
insert into Bilet (IdBilet, FK_Rachunek) values (1475, 'ecumdoddpnudjmc');
insert into Teatr_ma_Przedstawienie (FK_Teatr, FK_Przedstawienie, FK_Bilet) values (1, 'ehdqklgqblmmslbbflyl', 1475);
insert into Bilet (IdBilet, FK_Rachunek) values (1476, 'ecumdoddpnudjmc');
insert into Teatr_ma_Przedstawienie (FK_Teatr, FK_Przedstawienie, FK_Bilet) values (1, 'ehdqklgqblmmslbbflyl', 1476);
insert into Bilet (IdBilet, FK_Rachunek) values (1477, 'ecumdoddpnudjmc');
insert into Teatr_ma_Przedstawienie (FK_Teatr, FK_Przedstawienie, FK_Bilet) values (1, 'ehdqklgqblmmslbbflyl', 1477);
insert into Rachunek (NrRachunku, DataWystawienia, Stanowisko, Platnosc, Koszt, FK_Sprzedawca) values ('hrkgxciermlppae', '2017-03-12', '0649451', 'G', 1846.65, 16);
insert into Bilet (IdBilet, FK_Rachunek) values (1478, 'hrkgxciermlppae');
insert into Teatr_ma_Przedstawienie (FK_Teatr, FK_Przedstawienie, FK_Bilet) values (1, 'ehdqklgqblmmslbbflyl', 1478);
insert into Bilet (IdBilet, FK_Rachunek) values (1479, 'hrkgxciermlppae');
insert into Teatr_ma_Przedstawienie (FK_Teatr, FK_Przedstawienie, FK_Bilet) values (1, 'ehdqklgqblmmslbbflyl', 1479);
insert into Bilet (IdBilet, FK_Rachunek) values (1480, 'hrkgxciermlppae');
insert into Teatr_ma_Przedstawienie (FK_Teatr, FK_Przedstawienie, FK_Bilet) values (1, 'ehdqklgqblmmslbbflyl', 1480);
insert into Bilet (IdBilet, FK_Rachunek) values (1481, 'hrkgxciermlppae');
insert into Teatr_ma_Przedstawienie (FK_Teatr, FK_Przedstawienie, FK_Bilet) values (1, 'ehdqklgqblmmslbbflyl', 1481);
insert into Rachunek (NrRachunku, DataWystawienia, Stanowisko, Platnosc, Koszt, FK_Sprzedawca) values ('ydioycddhvlwsyn', '2016-12-17', '0839939', 'G', 1482.20, 16);
insert into Bilet (IdBilet, FK_Rachunek) values (1603, 'ydioycddhvlwsyn');
insert into Teatr_ma_Przedstawienie (FK_Teatr, FK_Przedstawienie, FK_Bilet) values (1, 'crxcmxodjvogjpagqhhr', 1603);
insert into Bilet (IdBilet, FK_Rachunek) values (1604, 'ydioycddhvlwsyn');
insert into Teatr_ma_Przedstawienie (FK_Teatr, FK_Przedstawienie, FK_Bilet) values (1, 'crxcmxodjvogjpagqhhr', 1604);
insert into Rachunek (NrRachunku, DataWystawienia, Stanowisko, Platnosc, Koszt, FK_Sprzedawca) values ('lhmvvbphqxgdxlo', '2017-01-05', '0993249', 'G', 649.65, 16);
insert into Bilet (IdBilet, FK_Rachunek) values (1605, 'lhmvvbphqxgdxlo');
insert into Teatr_ma_Przedstawienie (FK_Teatr, FK_Przedstawienie, FK_Bilet) values (1, 'crxcmxodjvogjpagqhhr', 1605);
insert into Bilet (IdBilet, FK_Rachunek) values (1606, 'lhmvvbphqxgdxlo');
insert into Teatr_ma_Przedstawienie (FK_Teatr, FK_Przedstawienie, FK_Bilet) values (1, 'crxcmxodjvogjpagqhhr', 1606);
insert into Rachunek (NrRachunku, DataWystawienia, Stanowisko, Platnosc, Koszt, FK_Sprzedawca) values ('yxglsxagmvuekpc', '2016-12-12', '0138048', 'G', 1369.08, 16);
insert into Bilet (IdBilet, FK_Rachunek) values (1607, 'yxglsxagmvuekpc');
insert into Teatr_ma_Przedstawienie (FK_Teatr, FK_Przedstawienie, FK_Bilet) values (1, 'crxcmxodjvogjpagqhhr', 1607);
insert into Bilet (IdBilet, FK_Rachunek) values (1608, 'yxglsxagmvuekpc');
insert into Teatr_ma_Przedstawienie (FK_Teatr, FK_Przedstawienie, FK_Bilet) values (1, 'crxcmxodjvogjpagqhhr', 1608);
insert into Rachunek (NrRachunku, DataWystawienia, Stanowisko, Platnosc, Koszt, FK_Sprzedawca) values ('tpjssxcbpoiuqps', '2017-01-01', '0754714', 'K', 1052.87, 16);
insert into Bilet (IdBilet, FK_Rachunek) values (1609, 'tpjssxcbpoiuqps');
insert into Teatr_ma_Przedstawienie (FK_Teatr, FK_Przedstawienie, FK_Bilet) values (1, 'crxcmxodjvogjpagqhhr', 1609);
insert into Bilet (IdBilet, FK_Rachunek) values (1610, 'tpjssxcbpoiuqps');
insert into Teatr_ma_Przedstawienie (FK_Teatr, FK_Przedstawienie, FK_Bilet) values (1, 'crxcmxodjvogjpagqhhr', 1610);
insert into Bilet (IdBilet, FK_Rachunek) values (1611, 'tpjssxcbpoiuqps');
insert into Teatr_ma_Przedstawienie (FK_Teatr, FK_Przedstawienie, FK_Bilet) values (1, 'crxcmxodjvogjpagqhhr', 1611);
insert into Bilet (IdBilet, FK_Rachunek) values (1612, 'tpjssxcbpoiuqps');
insert into Teatr_ma_Przedstawienie (FK_Teatr, FK_Przedstawienie, FK_Bilet) values (1, 'crxcmxodjvogjpagqhhr', 1612);
insert into Rachunek (NrRachunku, DataWystawienia, Stanowisko, Platnosc, Koszt, FK_Sprzedawca) values ('xersvmphfplaaya', '2016-12-29', '0649790', 'K', 1921.40, 16);
insert into Bilet (IdBilet, FK_Rachunek) values (1613, 'xersvmphfplaaya');
insert into Teatr_ma_Przedstawienie (FK_Teatr, FK_Przedstawienie, FK_Bilet) values (1, 'crxcmxodjvogjpagqhhr', 1613);
insert into Rachunek (NrRachunku, DataWystawienia, Stanowisko, Platnosc, Koszt, FK_Sprzedawca) values ('wfroeptfrpvwqwk', '2016-12-14', '0050136', 'K', 257.20, 16);
insert into Bilet (IdBilet, FK_Rachunek) values (1614, 'wfroeptfrpvwqwk');
insert into Teatr_ma_Przedstawienie (FK_Teatr, FK_Przedstawienie, FK_Bilet) values (1, 'crxcmxodjvogjpagqhhr', 1614);
insert into Sprzedawca (IDSprzedawca, Imie, Nazwisko) values (17, 'Angila', 'Rubio');
insert into Rachunek (NrRachunku, DataWystawienia, Stanowisko, Platnosc, Koszt, FK_Sprzedawca) values ('dboqpyunvwhonnd', '2016-03-08', '0294961', 'G', 1963.05, 17);
insert into Bilet (IdBilet, FK_Rachunek) values (494, 'dboqpyunvwhonnd');
insert into Teatr_ma_Przedstawienie (FK_Teatr, FK_Przedstawienie, FK_Bilet) values (1, 'gapcatwsivnwlhooieeh', 494);
insert into Bilet (IdBilet, FK_Rachunek) values (495, 'dboqpyunvwhonnd');
insert into Teatr_ma_Przedstawienie (FK_Teatr, FK_Przedstawienie, FK_Bilet) values (1, 'gapcatwsivnwlhooieeh', 495);
insert into Rachunek (NrRachunku, DataWystawienia, Stanowisko, Platnosc, Koszt, FK_Sprzedawca) values ('gbkjrbfqxdaiddj', '2016-02-29', '0654298', 'K', 1903.17, 17);
insert into Bilet (IdBilet, FK_Rachunek) values (496, 'gbkjrbfqxdaiddj');
insert into Teatr_ma_Przedstawienie (FK_Teatr, FK_Przedstawienie, FK_Bilet) values (1, 'gapcatwsivnwlhooieeh', 496);
insert into Bilet (IdBilet, FK_Rachunek) values (497, 'gbkjrbfqxdaiddj');
insert into Teatr_ma_Przedstawienie (FK_Teatr, FK_Przedstawienie, FK_Bilet) values (1, 'gapcatwsivnwlhooieeh', 497);
insert into Bilet (IdBilet, FK_Rachunek) values (498, 'gbkjrbfqxdaiddj');
insert into Teatr_ma_Przedstawienie (FK_Teatr, FK_Przedstawienie, FK_Bilet) values (1, 'gapcatwsivnwlhooieeh', 498);
insert into Bilet (IdBilet, FK_Rachunek) values (499, 'gbkjrbfqxdaiddj');
insert into Teatr_ma_Przedstawienie (FK_Teatr, FK_Przedstawienie, FK_Bilet) values (1, 'gapcatwsivnwlhooieeh', 499);
insert into Rachunek (NrRachunku, DataWystawienia, Stanowisko, Platnosc, Koszt, FK_Sprzedawca) values ('gcnlicxwwvxdstx', '2016-03-07', '0787659', 'K', 1841.83, 17);
insert into Bilet (IdBilet, FK_Rachunek) values (500, 'gcnlicxwwvxdstx');
insert into Teatr_ma_Przedstawienie (FK_Teatr, FK_Przedstawienie, FK_Bilet) values (1, 'gapcatwsivnwlhooieeh', 500);
insert into Bilet (IdBilet, FK_Rachunek) values (501, 'gcnlicxwwvxdstx');
insert into Teatr_ma_Przedstawienie (FK_Teatr, FK_Przedstawienie, FK_Bilet) values (1, 'gapcatwsivnwlhooieeh', 501);
insert into Rachunek (NrRachunku, DataWystawienia, Stanowisko, Platnosc, Koszt, FK_Sprzedawca) values ('cottaqmpcxwjpmo', '2016-03-12', '0694198', 'K', 1432.96, 17);
insert into Bilet (IdBilet, FK_Rachunek) values (502, 'cottaqmpcxwjpmo');
insert into Teatr_ma_Przedstawienie (FK_Teatr, FK_Przedstawienie, FK_Bilet) values (1, 'gapcatwsivnwlhooieeh', 502);
insert into Bilet (IdBilet, FK_Rachunek) values (503, 'cottaqmpcxwjpmo');
insert into Teatr_ma_Przedstawienie (FK_Teatr, FK_Przedstawienie, FK_Bilet) values (1, 'gapcatwsivnwlhooieeh', 503);
insert into Bilet (IdBilet, FK_Rachunek) values (504, 'cottaqmpcxwjpmo');
insert into Teatr_ma_Przedstawienie (FK_Teatr, FK_Przedstawienie, FK_Bilet) values (1, 'gapcatwsivnwlhooieeh', 504);
insert into Rachunek (NrRachunku, DataWystawienia, Stanowisko, Platnosc, Koszt, FK_Sprzedawca) values ('qrkmpebcfbiemnt', '2016-02-28', '0640562', 'G', 925.61, 17);
insert into Bilet (IdBilet, FK_Rachunek) values (505, 'qrkmpebcfbiemnt');
insert into Teatr_ma_Przedstawienie (FK_Teatr, FK_Przedstawienie, FK_Bilet) values (1, 'gapcatwsivnwlhooieeh', 505);
insert into Bilet (IdBilet, FK_Rachunek) values (506, 'qrkmpebcfbiemnt');
insert into Teatr_ma_Przedstawienie (FK_Teatr, FK_Przedstawienie, FK_Bilet) values (1, 'gapcatwsivnwlhooieeh', 506);
insert into Bilet (IdBilet, FK_Rachunek) values (507, 'qrkmpebcfbiemnt');
insert into Teatr_ma_Przedstawienie (FK_Teatr, FK_Przedstawienie, FK_Bilet) values (1, 'gapcatwsivnwlhooieeh', 507);
insert into Rachunek (NrRachunku, DataWystawienia, Stanowisko, Platnosc, Koszt, FK_Sprzedawca) values ('flsciplimgwctxp', '2016-07-31', '0615066', 'K', 1803.48, 17);
insert into Bilet (IdBilet, FK_Rachunek) values (629, 'flsciplimgwctxp');
insert into Teatr_ma_Przedstawienie (FK_Teatr, FK_Przedstawienie, FK_Bilet) values (1, 'tcorqqxeusoacdklorhw', 629);
insert into Rachunek (NrRachunku, DataWystawienia, Stanowisko, Platnosc, Koszt, FK_Sprzedawca) values ('xlscqgagdmlfbxg', '2016-07-29', '0535361', 'K', 1650.36, 17);
insert into Bilet (IdBilet, FK_Rachunek) values (630, 'xlscqgagdmlfbxg');
insert into Teatr_ma_Przedstawienie (FK_Teatr, FK_Przedstawienie, FK_Bilet) values (1, 'tcorqqxeusoacdklorhw', 630);
insert into Bilet (IdBilet, FK_Rachunek) values (631, 'xlscqgagdmlfbxg');
insert into Teatr_ma_Przedstawienie (FK_Teatr, FK_Przedstawienie, FK_Bilet) values (1, 'tcorqqxeusoacdklorhw', 631);
insert into Bilet (IdBilet, FK_Rachunek) values (632, 'xlscqgagdmlfbxg');
insert into Teatr_ma_Przedstawienie (FK_Teatr, FK_Przedstawienie, FK_Bilet) values (1, 'tcorqqxeusoacdklorhw', 632);
insert into Rachunek (NrRachunku, DataWystawienia, Stanowisko, Platnosc, Koszt, FK_Sprzedawca) values ('qqucpjlhpwbmbuv', '2016-08-19', '0362623', 'G', 1055.17, 17);
insert into Bilet (IdBilet, FK_Rachunek) values (633, 'qqucpjlhpwbmbuv');
insert into Teatr_ma_Przedstawienie (FK_Teatr, FK_Przedstawienie, FK_Bilet) values (1, 'tcorqqxeusoacdklorhw', 633);
insert into Bilet (IdBilet, FK_Rachunek) values (634, 'qqucpjlhpwbmbuv');
insert into Teatr_ma_Przedstawienie (FK_Teatr, FK_Przedstawienie, FK_Bilet) values (1, 'tcorqqxeusoacdklorhw', 634);
insert into Bilet (IdBilet, FK_Rachunek) values (635, 'qqucpjlhpwbmbuv');
insert into Teatr_ma_Przedstawienie (FK_Teatr, FK_Przedstawienie, FK_Bilet) values (1, 'tcorqqxeusoacdklorhw', 635);
insert into Bilet (IdBilet, FK_Rachunek) values (636, 'qqucpjlhpwbmbuv');
insert into Teatr_ma_Przedstawienie (FK_Teatr, FK_Przedstawienie, FK_Bilet) values (1, 'tcorqqxeusoacdklorhw', 636);
insert into Rachunek (NrRachunku, DataWystawienia, Stanowisko, Platnosc, Koszt, FK_Sprzedawca) values ('ajxnvcoykqefppw', '2016-08-23', '0812599', 'G', 847.61, 17);
insert into Bilet (IdBilet, FK_Rachunek) values (637, 'ajxnvcoykqefppw');
insert into Teatr_ma_Przedstawienie (FK_Teatr, FK_Przedstawienie, FK_Bilet) values (1, 'tcorqqxeusoacdklorhw', 637);
insert into Rachunek (NrRachunku, DataWystawienia, Stanowisko, Platnosc, Koszt, FK_Sprzedawca) values ('kjjfofgrifldceo', '2016-08-17', '0822670', 'K', 307.61, 17);
insert into Bilet (IdBilet, FK_Rachunek) values (638, 'kjjfofgrifldceo');
insert into Teatr_ma_Przedstawienie (FK_Teatr, FK_Przedstawienie, FK_Bilet) values (1, 'tcorqqxeusoacdklorhw', 638);
insert into Bilet (IdBilet, FK_Rachunek) values (639, 'kjjfofgrifldceo');
insert into Teatr_ma_Przedstawienie (FK_Teatr, FK_Przedstawienie, FK_Bilet) values (1, 'tcorqqxeusoacdklorhw', 639);
insert into Bilet (IdBilet, FK_Rachunek) values (640, 'kjjfofgrifldceo');
insert into Teatr_ma_Przedstawienie (FK_Teatr, FK_Przedstawienie, FK_Bilet) values (1, 'tcorqqxeusoacdklorhw', 640);
insert into Bilet (IdBilet, FK_Rachunek) values (641, 'kjjfofgrifldceo');
insert into Teatr_ma_Przedstawienie (FK_Teatr, FK_Przedstawienie, FK_Bilet) values (1, 'tcorqqxeusoacdklorhw', 641);
insert into Rachunek (NrRachunku, DataWystawienia, Stanowisko, Platnosc, Koszt, FK_Sprzedawca) values ('mibhqhqluwturxa', '2016-08-01', '0295273', 'K', 1473.68, 17);
insert into Bilet (IdBilet, FK_Rachunek) values (1353, 'mibhqhqluwturxa');
insert into Teatr_ma_Przedstawienie (FK_Teatr, FK_Przedstawienie, FK_Bilet) values (1, 'tcorqqxeusoacdklorhw', 1353);
insert into Rachunek (NrRachunku, DataWystawienia, Stanowisko, Platnosc, Koszt, FK_Sprzedawca) values ('rhjxvuppqmetyra', '2016-08-04', '0718732', 'G', 746.15, 17);
insert into Bilet (IdBilet, FK_Rachunek) values (1354, 'rhjxvuppqmetyra');
insert into Teatr_ma_Przedstawienie (FK_Teatr, FK_Przedstawienie, FK_Bilet) values (1, 'tcorqqxeusoacdklorhw', 1354);
insert into Bilet (IdBilet, FK_Rachunek) values (1355, 'rhjxvuppqmetyra');
insert into Teatr_ma_Przedstawienie (FK_Teatr, FK_Przedstawienie, FK_Bilet) values (1, 'tcorqqxeusoacdklorhw', 1355);
insert into Rachunek (NrRachunku, DataWystawienia, Stanowisko, Platnosc, Koszt, FK_Sprzedawca) values ('onruajwprcbivnn', '2016-08-03', '0945917', 'G', 999.95, 17);
insert into Bilet (IdBilet, FK_Rachunek) values (1356, 'onruajwprcbivnn');
insert into Teatr_ma_Przedstawienie (FK_Teatr, FK_Przedstawienie, FK_Bilet) values (1, 'tcorqqxeusoacdklorhw', 1356);
insert into Bilet (IdBilet, FK_Rachunek) values (1357, 'onruajwprcbivnn');
insert into Teatr_ma_Przedstawienie (FK_Teatr, FK_Przedstawienie, FK_Bilet) values (1, 'tcorqqxeusoacdklorhw', 1357);
insert into Rachunek (NrRachunku, DataWystawienia, Stanowisko, Platnosc, Koszt, FK_Sprzedawca) values ('vpxjrufmpfwsjtm', '2016-08-16', '0860496', 'K', 1190.83, 17);
insert into Bilet (IdBilet, FK_Rachunek) values (1358, 'vpxjrufmpfwsjtm');
insert into Teatr_ma_Przedstawienie (FK_Teatr, FK_Przedstawienie, FK_Bilet) values (1, 'tcorqqxeusoacdklorhw', 1358);
insert into Bilet (IdBilet, FK_Rachunek) values (1359, 'vpxjrufmpfwsjtm');
insert into Teatr_ma_Przedstawienie (FK_Teatr, FK_Przedstawienie, FK_Bilet) values (1, 'tcorqqxeusoacdklorhw', 1359);
insert into Bilet (IdBilet, FK_Rachunek) values (1360, 'vpxjrufmpfwsjtm');
insert into Teatr_ma_Przedstawienie (FK_Teatr, FK_Przedstawienie, FK_Bilet) values (1, 'tcorqqxeusoacdklorhw', 1360);
insert into Bilet (IdBilet, FK_Rachunek) values (1361, 'vpxjrufmpfwsjtm');
insert into Teatr_ma_Przedstawienie (FK_Teatr, FK_Przedstawienie, FK_Bilet) values (1, 'tcorqqxeusoacdklorhw', 1361);
insert into Rachunek (NrRachunku, DataWystawienia, Stanowisko, Platnosc, Koszt, FK_Sprzedawca) values ('nqstifcvwqtqqut', '2016-08-11', '0024970', 'K', 1985.20, 17);
insert into Bilet (IdBilet, FK_Rachunek) values (1362, 'nqstifcvwqtqqut');
insert into Teatr_ma_Przedstawienie (FK_Teatr, FK_Przedstawienie, FK_Bilet) values (1, 'tcorqqxeusoacdklorhw', 1362);
insert into Bilet (IdBilet, FK_Rachunek) values (1363, 'nqstifcvwqtqqut');
insert into Teatr_ma_Przedstawienie (FK_Teatr, FK_Przedstawienie, FK_Bilet) values (1, 'tcorqqxeusoacdklorhw', 1363);
insert into Rachunek (NrRachunku, DataWystawienia, Stanowisko, Platnosc, Koszt, FK_Sprzedawca) values ('lscdqnupafibcpd', '2016-08-12', '0875313', 'K', 359.06, 17);
insert into Bilet (IdBilet, FK_Rachunek) values (1364, 'lscdqnupafibcpd');
insert into Teatr_ma_Przedstawienie (FK_Teatr, FK_Przedstawienie, FK_Bilet) values (1, 'tcorqqxeusoacdklorhw', 1364);
insert into Rachunek (NrRachunku, DataWystawienia, Stanowisko, Platnosc, Koszt, FK_Sprzedawca) values ('uigeicltnheasvk', '2017-03-22', '0958041', 'G', 352.98, 17);
insert into Bilet (IdBilet, FK_Rachunek) values (1482, 'uigeicltnheasvk');
insert into Teatr_ma_Przedstawienie (FK_Teatr, FK_Przedstawienie, FK_Bilet) values (1, 'ehdqklgqblmmslbbflyl', 1482);
insert into Bilet (IdBilet, FK_Rachunek) values (1483, 'uigeicltnheasvk');
insert into Teatr_ma_Przedstawienie (FK_Teatr, FK_Przedstawienie, FK_Bilet) values (1, 'ehdqklgqblmmslbbflyl', 1483);
insert into Bilet (IdBilet, FK_Rachunek) values (1484, 'uigeicltnheasvk');
insert into Teatr_ma_Przedstawienie (FK_Teatr, FK_Przedstawienie, FK_Bilet) values (1, 'ehdqklgqblmmslbbflyl', 1484);
insert into Rachunek (NrRachunku, DataWystawienia, Stanowisko, Platnosc, Koszt, FK_Sprzedawca) values ('utissjtquavxdaq', '2017-03-17', '0940510', 'G', 713.33, 17);
insert into Bilet (IdBilet, FK_Rachunek) values (1485, 'utissjtquavxdaq');
insert into Teatr_ma_Przedstawienie (FK_Teatr, FK_Przedstawienie, FK_Bilet) values (1, 'ehdqklgqblmmslbbflyl', 1485);
insert into Bilet (IdBilet, FK_Rachunek) values (1486, 'utissjtquavxdaq');
insert into Teatr_ma_Przedstawienie (FK_Teatr, FK_Przedstawienie, FK_Bilet) values (1, 'ehdqklgqblmmslbbflyl', 1486);
insert into Rachunek (NrRachunku, DataWystawienia, Stanowisko, Platnosc, Koszt, FK_Sprzedawca) values ('xnclrmwfeavxvyt', '2017-04-01', '0724179', 'K', 1191.55, 17);
insert into Bilet (IdBilet, FK_Rachunek) values (1487, 'xnclrmwfeavxvyt');
insert into Teatr_ma_Przedstawienie (FK_Teatr, FK_Przedstawienie, FK_Bilet) values (1, 'ehdqklgqblmmslbbflyl', 1487);
insert into Bilet (IdBilet, FK_Rachunek) values (1488, 'xnclrmwfeavxvyt');
insert into Teatr_ma_Przedstawienie (FK_Teatr, FK_Przedstawienie, FK_Bilet) values (1, 'ehdqklgqblmmslbbflyl', 1488);
insert into Bilet (IdBilet, FK_Rachunek) values (1489, 'xnclrmwfeavxvyt');
insert into Teatr_ma_Przedstawienie (FK_Teatr, FK_Przedstawienie, FK_Bilet) values (1, 'ehdqklgqblmmslbbflyl', 1489);
insert into Bilet (IdBilet, FK_Rachunek) values (1490, 'xnclrmwfeavxvyt');
insert into Teatr_ma_Przedstawienie (FK_Teatr, FK_Przedstawienie, FK_Bilet) values (1, 'ehdqklgqblmmslbbflyl', 1490);
insert into Rachunek (NrRachunku, DataWystawienia, Stanowisko, Platnosc, Koszt, FK_Sprzedawca) values ('cphgrrhvgtbrlel', '2017-03-29', '0533808', 'K', 598.10, 17);
insert into Bilet (IdBilet, FK_Rachunek) values (1491, 'cphgrrhvgtbrlel');
insert into Teatr_ma_Przedstawienie (FK_Teatr, FK_Przedstawienie, FK_Bilet) values (1, 'ehdqklgqblmmslbbflyl', 1491);
insert into Bilet (IdBilet, FK_Rachunek) values (1492, 'cphgrrhvgtbrlel');
insert into Teatr_ma_Przedstawienie (FK_Teatr, FK_Przedstawienie, FK_Bilet) values (1, 'ehdqklgqblmmslbbflyl', 1492);
insert into Rachunek (NrRachunku, DataWystawienia, Stanowisko, Platnosc, Koszt, FK_Sprzedawca) values ('ehtwiqwhewxoesv', '2017-03-21', '0119442', 'K', 1248.54, 17);
insert into Bilet (IdBilet, FK_Rachunek) values (1493, 'ehtwiqwhewxoesv');
insert into Teatr_ma_Przedstawienie (FK_Teatr, FK_Przedstawienie, FK_Bilet) values (1, 'ehdqklgqblmmslbbflyl', 1493);
insert into Bilet (IdBilet, FK_Rachunek) values (1494, 'ehtwiqwhewxoesv');
insert into Teatr_ma_Przedstawienie (FK_Teatr, FK_Przedstawienie, FK_Bilet) values (1, 'ehdqklgqblmmslbbflyl', 1494);
insert into Bilet (IdBilet, FK_Rachunek) values (1495, 'ehtwiqwhewxoesv');
insert into Teatr_ma_Przedstawienie (FK_Teatr, FK_Przedstawienie, FK_Bilet) values (1, 'ehdqklgqblmmslbbflyl', 1495);
insert into Bilet (IdBilet, FK_Rachunek) values (1496, 'ehtwiqwhewxoesv');
insert into Teatr_ma_Przedstawienie (FK_Teatr, FK_Przedstawienie, FK_Bilet) values (1, 'ehdqklgqblmmslbbflyl', 1496);
insert into Rachunek (NrRachunku, DataWystawienia, Stanowisko, Platnosc, Koszt, FK_Sprzedawca) values ('ciqtwplqtodiddh', '2016-12-07', '0638126', 'G', 994.63, 17);
insert into Bilet (IdBilet, FK_Rachunek) values (1615, 'ciqtwplqtodiddh');
insert into Teatr_ma_Przedstawienie (FK_Teatr, FK_Przedstawienie, FK_Bilet) values (1, 'crxcmxodjvogjpagqhhr', 1615);
insert into Rachunek (NrRachunku, DataWystawienia, Stanowisko, Platnosc, Koszt, FK_Sprzedawca) values ('wcborcdclceyycy', '2016-12-23', '0769505', 'G', 1825.30, 17);
insert into Bilet (IdBilet, FK_Rachunek) values (1616, 'wcborcdclceyycy');
insert into Teatr_ma_Przedstawienie (FK_Teatr, FK_Przedstawienie, FK_Bilet) values (1, 'crxcmxodjvogjpagqhhr', 1616);
insert into Bilet (IdBilet, FK_Rachunek) values (1617, 'wcborcdclceyycy');
insert into Teatr_ma_Przedstawienie (FK_Teatr, FK_Przedstawienie, FK_Bilet) values (1, 'crxcmxodjvogjpagqhhr', 1617);
insert into Rachunek (NrRachunku, DataWystawienia, Stanowisko, Platnosc, Koszt, FK_Sprzedawca) values ('pyjumcjgcjkoxya', '2016-12-14', '0253652', 'K', 1624.47, 17);
insert into Bilet (IdBilet, FK_Rachunek) values (1618, 'pyjumcjgcjkoxya');
insert into Teatr_ma_Przedstawienie (FK_Teatr, FK_Przedstawienie, FK_Bilet) values (1, 'crxcmxodjvogjpagqhhr', 1618);
insert into Bilet (IdBilet, FK_Rachunek) values (1619, 'pyjumcjgcjkoxya');
insert into Teatr_ma_Przedstawienie (FK_Teatr, FK_Przedstawienie, FK_Bilet) values (1, 'crxcmxodjvogjpagqhhr', 1619);
insert into Bilet (IdBilet, FK_Rachunek) values (1620, 'pyjumcjgcjkoxya');
insert into Teatr_ma_Przedstawienie (FK_Teatr, FK_Przedstawienie, FK_Bilet) values (1, 'crxcmxodjvogjpagqhhr', 1620);
insert into Bilet (IdBilet, FK_Rachunek) values (1621, 'pyjumcjgcjkoxya');
insert into Teatr_ma_Przedstawienie (FK_Teatr, FK_Przedstawienie, FK_Bilet) values (1, 'crxcmxodjvogjpagqhhr', 1621);
insert into Rachunek (NrRachunku, DataWystawienia, Stanowisko, Platnosc, Koszt, FK_Sprzedawca) values ('hqbkstucfhyfeqs', '2016-12-20', '0464956', 'G', 998.43, 17);
insert into Bilet (IdBilet, FK_Rachunek) values (1622, 'hqbkstucfhyfeqs');
insert into Teatr_ma_Przedstawienie (FK_Teatr, FK_Przedstawienie, FK_Bilet) values (1, 'crxcmxodjvogjpagqhhr', 1622);
insert into Bilet (IdBilet, FK_Rachunek) values (1623, 'hqbkstucfhyfeqs');
insert into Teatr_ma_Przedstawienie (FK_Teatr, FK_Przedstawienie, FK_Bilet) values (1, 'crxcmxodjvogjpagqhhr', 1623);
insert into Bilet (IdBilet, FK_Rachunek) values (1624, 'hqbkstucfhyfeqs');
insert into Teatr_ma_Przedstawienie (FK_Teatr, FK_Przedstawienie, FK_Bilet) values (1, 'crxcmxodjvogjpagqhhr', 1624);
insert into Bilet (IdBilet, FK_Rachunek) values (1625, 'hqbkstucfhyfeqs');
insert into Teatr_ma_Przedstawienie (FK_Teatr, FK_Przedstawienie, FK_Bilet) values (1, 'crxcmxodjvogjpagqhhr', 1625);
insert into Rachunek (NrRachunku, DataWystawienia, Stanowisko, Platnosc, Koszt, FK_Sprzedawca) values ('qlntyexhpemvyeg', '2016-12-22', '0329490', 'K', 679.56, 17);
insert into Bilet (IdBilet, FK_Rachunek) values (1626, 'qlntyexhpemvyeg');
insert into Teatr_ma_Przedstawienie (FK_Teatr, FK_Przedstawienie, FK_Bilet) values (1, 'crxcmxodjvogjpagqhhr', 1626);
insert into Bilet (IdBilet, FK_Rachunek) values (1627, 'qlntyexhpemvyeg');
insert into Teatr_ma_Przedstawienie (FK_Teatr, FK_Przedstawienie, FK_Bilet) values (1, 'crxcmxodjvogjpagqhhr', 1627);
insert into Bilet (IdBilet, FK_Rachunek) values (1628, 'qlntyexhpemvyeg');
insert into Teatr_ma_Przedstawienie (FK_Teatr, FK_Przedstawienie, FK_Bilet) values (1, 'crxcmxodjvogjpagqhhr', 1628);
insert into Bilet (IdBilet, FK_Rachunek) values (1629, 'qlntyexhpemvyeg');
insert into Teatr_ma_Przedstawienie (FK_Teatr, FK_Przedstawienie, FK_Bilet) values (1, 'crxcmxodjvogjpagqhhr', 1629);
insert into Sprzedawca (IDSprzedawca, Imie, Nazwisko) values (18, 'Sparkle', 'Watson');
insert into Rachunek (NrRachunku, DataWystawienia, Stanowisko, Platnosc, Koszt, FK_Sprzedawca) values ('wmvybkoicrsmkmk', '2016-02-24', '0871852', 'G', 970.99, 18);
insert into Bilet (IdBilet, FK_Rachunek) values (508, 'wmvybkoicrsmkmk');
insert into Teatr_ma_Przedstawienie (FK_Teatr, FK_Przedstawienie, FK_Bilet) values (1, 'gapcatwsivnwlhooieeh', 508);
insert into Bilet (IdBilet, FK_Rachunek) values (509, 'wmvybkoicrsmkmk');
insert into Teatr_ma_Przedstawienie (FK_Teatr, FK_Przedstawienie, FK_Bilet) values (1, 'gapcatwsivnwlhooieeh', 509);
insert into Bilet (IdBilet, FK_Rachunek) values (510, 'wmvybkoicrsmkmk');
insert into Teatr_ma_Przedstawienie (FK_Teatr, FK_Przedstawienie, FK_Bilet) values (1, 'gapcatwsivnwlhooieeh', 510);
insert into Bilet (IdBilet, FK_Rachunek) values (511, 'wmvybkoicrsmkmk');
insert into Teatr_ma_Przedstawienie (FK_Teatr, FK_Przedstawienie, FK_Bilet) values (1, 'gapcatwsivnwlhooieeh', 511);
insert into Rachunek (NrRachunku, DataWystawienia, Stanowisko, Platnosc, Koszt, FK_Sprzedawca) values ('rhjifgsfdtamnsr', '2016-03-09', '0419306', 'G', 251.75, 18);
insert into Bilet (IdBilet, FK_Rachunek) values (512, 'rhjifgsfdtamnsr');
insert into Teatr_ma_Przedstawienie (FK_Teatr, FK_Przedstawienie, FK_Bilet) values (1, 'gapcatwsivnwlhooieeh', 512);
insert into Rachunek (NrRachunku, DataWystawienia, Stanowisko, Platnosc, Koszt, FK_Sprzedawca) values ('myciakmqlebihtw', '2016-02-15', '0633604', 'G', 1699.95, 18);
insert into Bilet (IdBilet, FK_Rachunek) values (513, 'myciakmqlebihtw');
insert into Teatr_ma_Przedstawienie (FK_Teatr, FK_Przedstawienie, FK_Bilet) values (1, 'gapcatwsivnwlhooieeh', 513);
insert into Bilet (IdBilet, FK_Rachunek) values (514, 'myciakmqlebihtw');
insert into Teatr_ma_Przedstawienie (FK_Teatr, FK_Przedstawienie, FK_Bilet) values (1, 'gapcatwsivnwlhooieeh', 514);
insert into Bilet (IdBilet, FK_Rachunek) values (515, 'myciakmqlebihtw');
insert into Teatr_ma_Przedstawienie (FK_Teatr, FK_Przedstawienie, FK_Bilet) values (1, 'gapcatwsivnwlhooieeh', 515);
insert into Bilet (IdBilet, FK_Rachunek) values (516, 'myciakmqlebihtw');
insert into Teatr_ma_Przedstawienie (FK_Teatr, FK_Przedstawienie, FK_Bilet) values (1, 'gapcatwsivnwlhooieeh', 516);
insert into Rachunek (NrRachunku, DataWystawienia, Stanowisko, Platnosc, Koszt, FK_Sprzedawca) values ('rpotiatehnegsfa', '2016-03-10', '0426294', 'G', 827.25, 18);
insert into Bilet (IdBilet, FK_Rachunek) values (517, 'rpotiatehnegsfa');
insert into Teatr_ma_Przedstawienie (FK_Teatr, FK_Przedstawienie, FK_Bilet) values (1, 'gapcatwsivnwlhooieeh', 517);
insert into Bilet (IdBilet, FK_Rachunek) values (518, 'rpotiatehnegsfa');
insert into Teatr_ma_Przedstawienie (FK_Teatr, FK_Przedstawienie, FK_Bilet) values (1, 'gapcatwsivnwlhooieeh', 518);
insert into Bilet (IdBilet, FK_Rachunek) values (519, 'rpotiatehnegsfa');
insert into Teatr_ma_Przedstawienie (FK_Teatr, FK_Przedstawienie, FK_Bilet) values (1, 'gapcatwsivnwlhooieeh', 519);
insert into Bilet (IdBilet, FK_Rachunek) values (520, 'rpotiatehnegsfa');
insert into Teatr_ma_Przedstawienie (FK_Teatr, FK_Przedstawienie, FK_Bilet) values (1, 'gapcatwsivnwlhooieeh', 520);
insert into Rachunek (NrRachunku, DataWystawienia, Stanowisko, Platnosc, Koszt, FK_Sprzedawca) values ('txkhmchncdbrjkk', '2016-08-23', '0748900', 'G', 141.14, 18);
insert into Bilet (IdBilet, FK_Rachunek) values (642, 'txkhmchncdbrjkk');
insert into Teatr_ma_Przedstawienie (FK_Teatr, FK_Przedstawienie, FK_Bilet) values (1, 'tcorqqxeusoacdklorhw', 642);
insert into Bilet (IdBilet, FK_Rachunek) values (643, 'txkhmchncdbrjkk');
insert into Teatr_ma_Przedstawienie (FK_Teatr, FK_Przedstawienie, FK_Bilet) values (1, 'tcorqqxeusoacdklorhw', 643);
insert into Bilet (IdBilet, FK_Rachunek) values (644, 'txkhmchncdbrjkk');
insert into Teatr_ma_Przedstawienie (FK_Teatr, FK_Przedstawienie, FK_Bilet) values (1, 'tcorqqxeusoacdklorhw', 644);
insert into Bilet (IdBilet, FK_Rachunek) values (645, 'txkhmchncdbrjkk');
insert into Teatr_ma_Przedstawienie (FK_Teatr, FK_Przedstawienie, FK_Bilet) values (1, 'tcorqqxeusoacdklorhw', 645);
insert into Rachunek (NrRachunku, DataWystawienia, Stanowisko, Platnosc, Koszt, FK_Sprzedawca) values ('evrsmqcugpsroij', '2016-07-28', '0080342', 'K', 817.10, 18);
insert into Bilet (IdBilet, FK_Rachunek) values (646, 'evrsmqcugpsroij');
insert into Teatr_ma_Przedstawienie (FK_Teatr, FK_Przedstawienie, FK_Bilet) values (1, 'tcorqqxeusoacdklorhw', 646);
insert into Bilet (IdBilet, FK_Rachunek) values (647, 'evrsmqcugpsroij');
insert into Teatr_ma_Przedstawienie (FK_Teatr, FK_Przedstawienie, FK_Bilet) values (1, 'tcorqqxeusoacdklorhw', 647);
insert into Rachunek (NrRachunku, DataWystawienia, Stanowisko, Platnosc, Koszt, FK_Sprzedawca) values ('ymtvvgtictcvhcn', '2016-08-14', '0380989', 'G', 1240.11, 18);
insert into Bilet (IdBilet, FK_Rachunek) values (648, 'ymtvvgtictcvhcn');
insert into Teatr_ma_Przedstawienie (FK_Teatr, FK_Przedstawienie, FK_Bilet) values (1, 'tcorqqxeusoacdklorhw', 648);
insert into Bilet (IdBilet, FK_Rachunek) values (649, 'ymtvvgtictcvhcn');
insert into Teatr_ma_Przedstawienie (FK_Teatr, FK_Przedstawienie, FK_Bilet) values (1, 'tcorqqxeusoacdklorhw', 649);
insert into Bilet (IdBilet, FK_Rachunek) values (650, 'ymtvvgtictcvhcn');
insert into Teatr_ma_Przedstawienie (FK_Teatr, FK_Przedstawienie, FK_Bilet) values (1, 'tcorqqxeusoacdklorhw', 650);
insert into Rachunek (NrRachunku, DataWystawienia, Stanowisko, Platnosc, Koszt, FK_Sprzedawca) values ('nwgwapljqxqceqt', '2016-08-14', '0548782', 'G', 113.75, 18);
insert into Bilet (IdBilet, FK_Rachunek) values (651, 'nwgwapljqxqceqt');
insert into Teatr_ma_Przedstawienie (FK_Teatr, FK_Przedstawienie, FK_Bilet) values (1, 'tcorqqxeusoacdklorhw', 651);
insert into Bilet (IdBilet, FK_Rachunek) values (652, 'nwgwapljqxqceqt');
insert into Teatr_ma_Przedstawienie (FK_Teatr, FK_Przedstawienie, FK_Bilet) values (1, 'tcorqqxeusoacdklorhw', 652);
insert into Rachunek (NrRachunku, DataWystawienia, Stanowisko, Platnosc, Koszt, FK_Sprzedawca) values ('krfreownnekmoxj', '2016-08-11', '0780705', 'K', 1764.94, 18);
insert into Bilet (IdBilet, FK_Rachunek) values (653, 'krfreownnekmoxj');
insert into Teatr_ma_Przedstawienie (FK_Teatr, FK_Przedstawienie, FK_Bilet) values (1, 'tcorqqxeusoacdklorhw', 653);
insert into Rachunek (NrRachunku, DataWystawienia, Stanowisko, Platnosc, Koszt, FK_Sprzedawca) values ('pmufokobeissarw', '2016-08-26', '0192481', 'G', 1602.25, 18);
insert into Bilet (IdBilet, FK_Rachunek) values (1365, 'pmufokobeissarw');
insert into Teatr_ma_Przedstawienie (FK_Teatr, FK_Przedstawienie, FK_Bilet) values (1, 'tcorqqxeusoacdklorhw', 1365);
insert into Bilet (IdBilet, FK_Rachunek) values (1366, 'pmufokobeissarw');
insert into Teatr_ma_Przedstawienie (FK_Teatr, FK_Przedstawienie, FK_Bilet) values (1, 'tcorqqxeusoacdklorhw', 1366);
insert into Bilet (IdBilet, FK_Rachunek) values (1367, 'pmufokobeissarw');
insert into Teatr_ma_Przedstawienie (FK_Teatr, FK_Przedstawienie, FK_Bilet) values (1, 'tcorqqxeusoacdklorhw', 1367);
insert into Rachunek (NrRachunku, DataWystawienia, Stanowisko, Platnosc, Koszt, FK_Sprzedawca) values ('doqvtdqgdxrbsoy', '2016-08-22', '0124625', 'K', 586.19, 18);
insert into Bilet (IdBilet, FK_Rachunek) values (1368, 'doqvtdqgdxrbsoy');
insert into Teatr_ma_Przedstawienie (FK_Teatr, FK_Przedstawienie, FK_Bilet) values (1, 'tcorqqxeusoacdklorhw', 1368);
insert into Bilet (IdBilet, FK_Rachunek) values (1369, 'doqvtdqgdxrbsoy');
insert into Teatr_ma_Przedstawienie (FK_Teatr, FK_Przedstawienie, FK_Bilet) values (1, 'tcorqqxeusoacdklorhw', 1369);
insert into Rachunek (NrRachunku, DataWystawienia, Stanowisko, Platnosc, Koszt, FK_Sprzedawca) values ('eagsbhvlgjvrwtw', '2016-07-29', '0520354', 'G', 517.79, 18);
insert into Bilet (IdBilet, FK_Rachunek) values (1370, 'eagsbhvlgjvrwtw');
insert into Teatr_ma_Przedstawienie (FK_Teatr, FK_Przedstawienie, FK_Bilet) values (1, 'tcorqqxeusoacdklorhw', 1370);
insert into Bilet (IdBilet, FK_Rachunek) values (1371, 'eagsbhvlgjvrwtw');
insert into Teatr_ma_Przedstawienie (FK_Teatr, FK_Przedstawienie, FK_Bilet) values (1, 'tcorqqxeusoacdklorhw', 1371);
insert into Bilet (IdBilet, FK_Rachunek) values (1372, 'eagsbhvlgjvrwtw');
insert into Teatr_ma_Przedstawienie (FK_Teatr, FK_Przedstawienie, FK_Bilet) values (1, 'tcorqqxeusoacdklorhw', 1372);
insert into Bilet (IdBilet, FK_Rachunek) values (1373, 'eagsbhvlgjvrwtw');
insert into Teatr_ma_Przedstawienie (FK_Teatr, FK_Przedstawienie, FK_Bilet) values (1, 'tcorqqxeusoacdklorhw', 1373);
insert into Rachunek (NrRachunku, DataWystawienia, Stanowisko, Platnosc, Koszt, FK_Sprzedawca) values ('ttwcctjfuaxgqhv', '2016-08-15', '0926735', 'K', 463.25, 18);
insert into Bilet (IdBilet, FK_Rachunek) values (1374, 'ttwcctjfuaxgqhv');
insert into Teatr_ma_Przedstawienie (FK_Teatr, FK_Przedstawienie, FK_Bilet) values (1, 'tcorqqxeusoacdklorhw', 1374);
insert into Bilet (IdBilet, FK_Rachunek) values (1375, 'ttwcctjfuaxgqhv');
insert into Teatr_ma_Przedstawienie (FK_Teatr, FK_Przedstawienie, FK_Bilet) values (1, 'tcorqqxeusoacdklorhw', 1375);
insert into Rachunek (NrRachunku, DataWystawienia, Stanowisko, Platnosc, Koszt, FK_Sprzedawca) values ('ivmfesmgqpgdkmw', '2016-08-15', '0480670', 'K', 289.26, 18);
insert into Bilet (IdBilet, FK_Rachunek) values (1376, 'ivmfesmgqpgdkmw');
insert into Teatr_ma_Przedstawienie (FK_Teatr, FK_Przedstawienie, FK_Bilet) values (1, 'tcorqqxeusoacdklorhw', 1376);
insert into Bilet (IdBilet, FK_Rachunek) values (1377, 'ivmfesmgqpgdkmw');
insert into Teatr_ma_Przedstawienie (FK_Teatr, FK_Przedstawienie, FK_Bilet) values (1, 'tcorqqxeusoacdklorhw', 1377);
insert into Bilet (IdBilet, FK_Rachunek) values (1378, 'ivmfesmgqpgdkmw');
insert into Teatr_ma_Przedstawienie (FK_Teatr, FK_Przedstawienie, FK_Bilet) values (1, 'tcorqqxeusoacdklorhw', 1378);
insert into Bilet (IdBilet, FK_Rachunek) values (1379, 'ivmfesmgqpgdkmw');
insert into Teatr_ma_Przedstawienie (FK_Teatr, FK_Przedstawienie, FK_Bilet) values (1, 'tcorqqxeusoacdklorhw', 1379);
insert into Rachunek (NrRachunku, DataWystawienia, Stanowisko, Platnosc, Koszt, FK_Sprzedawca) values ('lwrawfpvhxqquqp', '2017-03-16', '0257837', 'G', 1677.30, 18);
insert into Bilet (IdBilet, FK_Rachunek) values (1497, 'lwrawfpvhxqquqp');
insert into Teatr_ma_Przedstawienie (FK_Teatr, FK_Przedstawienie, FK_Bilet) values (1, 'ehdqklgqblmmslbbflyl', 1497);
insert into Bilet (IdBilet, FK_Rachunek) values (1498, 'lwrawfpvhxqquqp');
insert into Teatr_ma_Przedstawienie (FK_Teatr, FK_Przedstawienie, FK_Bilet) values (1, 'ehdqklgqblmmslbbflyl', 1498);
insert into Bilet (IdBilet, FK_Rachunek) values (1499, 'lwrawfpvhxqquqp');
insert into Teatr_ma_Przedstawienie (FK_Teatr, FK_Przedstawienie, FK_Bilet) values (1, 'ehdqklgqblmmslbbflyl', 1499);
insert into Bilet (IdBilet, FK_Rachunek) values (1500, 'lwrawfpvhxqquqp');
insert into Teatr_ma_Przedstawienie (FK_Teatr, FK_Przedstawienie, FK_Bilet) values (1, 'ehdqklgqblmmslbbflyl', 1500);
insert into Rachunek (NrRachunku, DataWystawienia, Stanowisko, Platnosc, Koszt, FK_Sprzedawca) values ('ukarundypceidjt', '2017-04-05', '0929122', 'G', 476.73, 18);
insert into Bilet (IdBilet, FK_Rachunek) values (1501, 'ukarundypceidjt');
insert into Teatr_ma_Przedstawienie (FK_Teatr, FK_Przedstawienie, FK_Bilet) values (1, 'ehdqklgqblmmslbbflyl', 1501);
insert into Bilet (IdBilet, FK_Rachunek) values (1502, 'ukarundypceidjt');
insert into Teatr_ma_Przedstawienie (FK_Teatr, FK_Przedstawienie, FK_Bilet) values (1, 'ehdqklgqblmmslbbflyl', 1502);
insert into Rachunek (NrRachunku, DataWystawienia, Stanowisko, Platnosc, Koszt, FK_Sprzedawca) values ('dddkheykggnllyr', '2017-03-23', '0902549', 'G', 357.69, 18);
insert into Bilet (IdBilet, FK_Rachunek) values (1503, 'dddkheykggnllyr');
insert into Teatr_ma_Przedstawienie (FK_Teatr, FK_Przedstawienie, FK_Bilet) values (1, 'ehdqklgqblmmslbbflyl', 1503);
insert into Bilet (IdBilet, FK_Rachunek) values (1504, 'dddkheykggnllyr');
insert into Teatr_ma_Przedstawienie (FK_Teatr, FK_Przedstawienie, FK_Bilet) values (1, 'ehdqklgqblmmslbbflyl', 1504);
insert into Bilet (IdBilet, FK_Rachunek) values (1505, 'dddkheykggnllyr');
insert into Teatr_ma_Przedstawienie (FK_Teatr, FK_Przedstawienie, FK_Bilet) values (1, 'ehdqklgqblmmslbbflyl', 1505);
insert into Rachunek (NrRachunku, DataWystawienia, Stanowisko, Platnosc, Koszt, FK_Sprzedawca) values ('abpocmnlwhiwbxs', '2017-03-18', '0649660', 'G', 249.66, 18);
insert into Bilet (IdBilet, FK_Rachunek) values (1506, 'abpocmnlwhiwbxs');
insert into Teatr_ma_Przedstawienie (FK_Teatr, FK_Przedstawienie, FK_Bilet) values (1, 'ehdqklgqblmmslbbflyl', 1506);
insert into Bilet (IdBilet, FK_Rachunek) values (1507, 'abpocmnlwhiwbxs');
insert into Teatr_ma_Przedstawienie (FK_Teatr, FK_Przedstawienie, FK_Bilet) values (1, 'ehdqklgqblmmslbbflyl', 1507);
insert into Rachunek (NrRachunku, DataWystawienia, Stanowisko, Platnosc, Koszt, FK_Sprzedawca) values ('wmmnunmkjkuytlh', '2017-03-20', '0232848', 'G', 1315.37, 18);
insert into Bilet (IdBilet, FK_Rachunek) values (1508, 'wmmnunmkjkuytlh');
insert into Teatr_ma_Przedstawienie (FK_Teatr, FK_Przedstawienie, FK_Bilet) values (1, 'ehdqklgqblmmslbbflyl', 1508);
insert into Bilet (IdBilet, FK_Rachunek) values (1509, 'wmmnunmkjkuytlh');
insert into Teatr_ma_Przedstawienie (FK_Teatr, FK_Przedstawienie, FK_Bilet) values (1, 'ehdqklgqblmmslbbflyl', 1509);
insert into Bilet (IdBilet, FK_Rachunek) values (1510, 'wmmnunmkjkuytlh');
insert into Teatr_ma_Przedstawienie (FK_Teatr, FK_Przedstawienie, FK_Bilet) values (1, 'ehdqklgqblmmslbbflyl', 1510);
insert into Bilet (IdBilet, FK_Rachunek) values (1511, 'wmmnunmkjkuytlh');
insert into Teatr_ma_Przedstawienie (FK_Teatr, FK_Przedstawienie, FK_Bilet) values (1, 'ehdqklgqblmmslbbflyl', 1511);
insert into Rachunek (NrRachunku, DataWystawienia, Stanowisko, Platnosc, Koszt, FK_Sprzedawca) values ('nedlunxnjftwenn', '2016-12-10', '0709178', 'K', 606.51, 18);
insert into Bilet (IdBilet, FK_Rachunek) values (1630, 'nedlunxnjftwenn');
insert into Teatr_ma_Przedstawienie (FK_Teatr, FK_Przedstawienie, FK_Bilet) values (1, 'crxcmxodjvogjpagqhhr', 1630);
insert into Bilet (IdBilet, FK_Rachunek) values (1631, 'nedlunxnjftwenn');
insert into Teatr_ma_Przedstawienie (FK_Teatr, FK_Przedstawienie, FK_Bilet) values (1, 'crxcmxodjvogjpagqhhr', 1631);
insert into Rachunek (NrRachunku, DataWystawienia, Stanowisko, Platnosc, Koszt, FK_Sprzedawca) values ('vfoisxadyujikgf', '2016-12-31', '0424998', 'G', 477.48, 18);
insert into Bilet (IdBilet, FK_Rachunek) values (1632, 'vfoisxadyujikgf');
insert into Teatr_ma_Przedstawienie (FK_Teatr, FK_Przedstawienie, FK_Bilet) values (1, 'crxcmxodjvogjpagqhhr', 1632);
insert into Bilet (IdBilet, FK_Rachunek) values (1633, 'vfoisxadyujikgf');
insert into Teatr_ma_Przedstawienie (FK_Teatr, FK_Przedstawienie, FK_Bilet) values (1, 'crxcmxodjvogjpagqhhr', 1633);
insert into Bilet (IdBilet, FK_Rachunek) values (1634, 'vfoisxadyujikgf');
insert into Teatr_ma_Przedstawienie (FK_Teatr, FK_Przedstawienie, FK_Bilet) values (1, 'crxcmxodjvogjpagqhhr', 1634);
insert into Bilet (IdBilet, FK_Rachunek) values (1635, 'vfoisxadyujikgf');
insert into Teatr_ma_Przedstawienie (FK_Teatr, FK_Przedstawienie, FK_Bilet) values (1, 'crxcmxodjvogjpagqhhr', 1635);
insert into Rachunek (NrRachunku, DataWystawienia, Stanowisko, Platnosc, Koszt, FK_Sprzedawca) values ('wvwxstcsvfrxeof', '2016-12-28', '0204515', 'K', 734.02, 18);
insert into Bilet (IdBilet, FK_Rachunek) values (1636, 'wvwxstcsvfrxeof');
insert into Teatr_ma_Przedstawienie (FK_Teatr, FK_Przedstawienie, FK_Bilet) values (1, 'crxcmxodjvogjpagqhhr', 1636);
insert into Bilet (IdBilet, FK_Rachunek) values (1637, 'wvwxstcsvfrxeof');
insert into Teatr_ma_Przedstawienie (FK_Teatr, FK_Przedstawienie, FK_Bilet) values (1, 'crxcmxodjvogjpagqhhr', 1637);
insert into Bilet (IdBilet, FK_Rachunek) values (1638, 'wvwxstcsvfrxeof');
insert into Teatr_ma_Przedstawienie (FK_Teatr, FK_Przedstawienie, FK_Bilet) values (1, 'crxcmxodjvogjpagqhhr', 1638);
insert into Rachunek (NrRachunku, DataWystawienia, Stanowisko, Platnosc, Koszt, FK_Sprzedawca) values ('hstchhhpkimbdpk', '2017-01-01', '0045145', 'K', 1483.49, 18);
insert into Bilet (IdBilet, FK_Rachunek) values (1639, 'hstchhhpkimbdpk');
insert into Teatr_ma_Przedstawienie (FK_Teatr, FK_Przedstawienie, FK_Bilet) values (1, 'crxcmxodjvogjpagqhhr', 1639);
insert into Rachunek (NrRachunku, DataWystawienia, Stanowisko, Platnosc, Koszt, FK_Sprzedawca) values ('emhdhxyftstlsdb', '2016-12-31', '0520020', 'G', 1036.26, 18);
insert into Bilet (IdBilet, FK_Rachunek) values (1640, 'emhdhxyftstlsdb');
insert into Teatr_ma_Przedstawienie (FK_Teatr, FK_Przedstawienie, FK_Bilet) values (1, 'crxcmxodjvogjpagqhhr', 1640);
insert into Bilet (IdBilet, FK_Rachunek) values (1641, 'emhdhxyftstlsdb');
insert into Teatr_ma_Przedstawienie (FK_Teatr, FK_Przedstawienie, FK_Bilet) values (1, 'crxcmxodjvogjpagqhhr', 1641);
insert into Bilet (IdBilet, FK_Rachunek) values (1642, 'emhdhxyftstlsdb');
insert into Teatr_ma_Przedstawienie (FK_Teatr, FK_Przedstawienie, FK_Bilet) values (1, 'crxcmxodjvogjpagqhhr', 1642);
insert into Sprzedawca (IDSprzedawca, Imie, Nazwisko) values (19, 'Gaylord', 'Mccabe');
insert into Rachunek (NrRachunku, DataWystawienia, Stanowisko, Platnosc, Koszt, FK_Sprzedawca) values ('wapkftjclafqxed', '2016-02-23', '0683872', 'G', 321.32, 19);
insert into Bilet (IdBilet, FK_Rachunek) values (521, 'wapkftjclafqxed');
insert into Teatr_ma_Przedstawienie (FK_Teatr, FK_Przedstawienie, FK_Bilet) values (1, 'gapcatwsivnwlhooieeh', 521);
insert into Rachunek (NrRachunku, DataWystawienia, Stanowisko, Platnosc, Koszt, FK_Sprzedawca) values ('wklgbkxtjqrutuv', '2016-03-03', '0020759', 'K', 593.56, 19);
insert into Bilet (IdBilet, FK_Rachunek) values (522, 'wklgbkxtjqrutuv');
insert into Teatr_ma_Przedstawienie (FK_Teatr, FK_Przedstawienie, FK_Bilet) values (1, 'gapcatwsivnwlhooieeh', 522);
insert into Bilet (IdBilet, FK_Rachunek) values (523, 'wklgbkxtjqrutuv');
insert into Teatr_ma_Przedstawienie (FK_Teatr, FK_Przedstawienie, FK_Bilet) values (1, 'gapcatwsivnwlhooieeh', 523);
insert into Bilet (IdBilet, FK_Rachunek) values (524, 'wklgbkxtjqrutuv');
insert into Teatr_ma_Przedstawienie (FK_Teatr, FK_Przedstawienie, FK_Bilet) values (1, 'gapcatwsivnwlhooieeh', 524);
insert into Bilet (IdBilet, FK_Rachunek) values (525, 'wklgbkxtjqrutuv');
insert into Teatr_ma_Przedstawienie (FK_Teatr, FK_Przedstawienie, FK_Bilet) values (1, 'gapcatwsivnwlhooieeh', 525);
insert into Rachunek (NrRachunku, DataWystawienia, Stanowisko, Platnosc, Koszt, FK_Sprzedawca) values ('dtklgbrwochmctd', '2016-02-18', '0209482', 'K', 1991.58, 19);
insert into Bilet (IdBilet, FK_Rachunek) values (526, 'dtklgbrwochmctd');
insert into Teatr_ma_Przedstawienie (FK_Teatr, FK_Przedstawienie, FK_Bilet) values (1, 'gapcatwsivnwlhooieeh', 526);
insert into Bilet (IdBilet, FK_Rachunek) values (527, 'dtklgbrwochmctd');
insert into Teatr_ma_Przedstawienie (FK_Teatr, FK_Przedstawienie, FK_Bilet) values (1, 'gapcatwsivnwlhooieeh', 527);
insert into Bilet (IdBilet, FK_Rachunek) values (528, 'dtklgbrwochmctd');
insert into Teatr_ma_Przedstawienie (FK_Teatr, FK_Przedstawienie, FK_Bilet) values (1, 'gapcatwsivnwlhooieeh', 528);
insert into Bilet (IdBilet, FK_Rachunek) values (529, 'dtklgbrwochmctd');
insert into Teatr_ma_Przedstawienie (FK_Teatr, FK_Przedstawienie, FK_Bilet) values (1, 'gapcatwsivnwlhooieeh', 529);
insert into Rachunek (NrRachunku, DataWystawienia, Stanowisko, Platnosc, Koszt, FK_Sprzedawca) values ('jvaepsuleoxggsm', '2016-03-04', '0009875', 'K', 265.71, 19);
insert into Bilet (IdBilet, FK_Rachunek) values (530, 'jvaepsuleoxggsm');
insert into Teatr_ma_Przedstawienie (FK_Teatr, FK_Przedstawienie, FK_Bilet) values (1, 'gapcatwsivnwlhooieeh', 530);
insert into Rachunek (NrRachunku, DataWystawienia, Stanowisko, Platnosc, Koszt, FK_Sprzedawca) values ('xphpwkflwcfmvds', '2016-03-01', '0024226', 'K', 1246.96, 19);
insert into Bilet (IdBilet, FK_Rachunek) values (531, 'xphpwkflwcfmvds');
insert into Teatr_ma_Przedstawienie (FK_Teatr, FK_Przedstawienie, FK_Bilet) values (1, 'gapcatwsivnwlhooieeh', 531);
insert into Bilet (IdBilet, FK_Rachunek) values (532, 'xphpwkflwcfmvds');
insert into Teatr_ma_Przedstawienie (FK_Teatr, FK_Przedstawienie, FK_Bilet) values (1, 'gapcatwsivnwlhooieeh', 532);
insert into Bilet (IdBilet, FK_Rachunek) values (533, 'xphpwkflwcfmvds');
insert into Teatr_ma_Przedstawienie (FK_Teatr, FK_Przedstawienie, FK_Bilet) values (1, 'gapcatwsivnwlhooieeh', 533);
insert into Bilet (IdBilet, FK_Rachunek) values (534, 'xphpwkflwcfmvds');
insert into Teatr_ma_Przedstawienie (FK_Teatr, FK_Przedstawienie, FK_Bilet) values (1, 'gapcatwsivnwlhooieeh', 534);
insert into Rachunek (NrRachunku, DataWystawienia, Stanowisko, Platnosc, Koszt, FK_Sprzedawca) values ('uusscukqitnccxf', '2016-08-25', '0513675', 'K', 216.00, 19);
insert into Bilet (IdBilet, FK_Rachunek) values (654, 'uusscukqitnccxf');
insert into Teatr_ma_Przedstawienie (FK_Teatr, FK_Przedstawienie, FK_Bilet) values (1, 'tcorqqxeusoacdklorhw', 654);
insert into Bilet (IdBilet, FK_Rachunek) values (655, 'uusscukqitnccxf');
insert into Teatr_ma_Przedstawienie (FK_Teatr, FK_Przedstawienie, FK_Bilet) values (1, 'tcorqqxeusoacdklorhw', 655);
insert into Rachunek (NrRachunku, DataWystawienia, Stanowisko, Platnosc, Koszt, FK_Sprzedawca) values ('doqijkqoxxpirso', '2016-08-02', '0777103', 'K', 1427.73, 19);
insert into Bilet (IdBilet, FK_Rachunek) values (656, 'doqijkqoxxpirso');
insert into Teatr_ma_Przedstawienie (FK_Teatr, FK_Przedstawienie, FK_Bilet) values (1, 'tcorqqxeusoacdklorhw', 656);
insert into Bilet (IdBilet, FK_Rachunek) values (657, 'doqijkqoxxpirso');
insert into Teatr_ma_Przedstawienie (FK_Teatr, FK_Przedstawienie, FK_Bilet) values (1, 'tcorqqxeusoacdklorhw', 657);
insert into Bilet (IdBilet, FK_Rachunek) values (658, 'doqijkqoxxpirso');
insert into Teatr_ma_Przedstawienie (FK_Teatr, FK_Przedstawienie, FK_Bilet) values (1, 'tcorqqxeusoacdklorhw', 658);
insert into Bilet (IdBilet, FK_Rachunek) values (659, 'doqijkqoxxpirso');
insert into Teatr_ma_Przedstawienie (FK_Teatr, FK_Przedstawienie, FK_Bilet) values (1, 'tcorqqxeusoacdklorhw', 659);
insert into Rachunek (NrRachunku, DataWystawienia, Stanowisko, Platnosc, Koszt, FK_Sprzedawca) values ('cvkgcvjloxyawxq', '2016-08-20', '0896550', 'G', 1355.88, 19);
insert into Bilet (IdBilet, FK_Rachunek) values (660, 'cvkgcvjloxyawxq');
insert into Teatr_ma_Przedstawienie (FK_Teatr, FK_Przedstawienie, FK_Bilet) values (1, 'tcorqqxeusoacdklorhw', 660);
insert into Rachunek (NrRachunku, DataWystawienia, Stanowisko, Platnosc, Koszt, FK_Sprzedawca) values ('lupiauugoyegutl', '2016-08-13', '0534881', 'G', 509.29, 19);
insert into Bilet (IdBilet, FK_Rachunek) values (661, 'lupiauugoyegutl');
insert into Teatr_ma_Przedstawienie (FK_Teatr, FK_Przedstawienie, FK_Bilet) values (1, 'tcorqqxeusoacdklorhw', 661);
insert into Bilet (IdBilet, FK_Rachunek) values (662, 'lupiauugoyegutl');
insert into Teatr_ma_Przedstawienie (FK_Teatr, FK_Przedstawienie, FK_Bilet) values (1, 'tcorqqxeusoacdklorhw', 662);
insert into Bilet (IdBilet, FK_Rachunek) values (663, 'lupiauugoyegutl');
insert into Teatr_ma_Przedstawienie (FK_Teatr, FK_Przedstawienie, FK_Bilet) values (1, 'tcorqqxeusoacdklorhw', 663);
insert into Rachunek (NrRachunku, DataWystawienia, Stanowisko, Platnosc, Koszt, FK_Sprzedawca) values ('msxsqqruujtcckj', '2016-08-07', '0889871', 'K', 1259.70, 19);
insert into Bilet (IdBilet, FK_Rachunek) values (664, 'msxsqqruujtcckj');
insert into Teatr_ma_Przedstawienie (FK_Teatr, FK_Przedstawienie, FK_Bilet) values (1, 'tcorqqxeusoacdklorhw', 664);
insert into Rachunek (NrRachunku, DataWystawienia, Stanowisko, Platnosc, Koszt, FK_Sprzedawca) values ('jtpglurirshpvhx', '2016-08-23', '0296271', 'G', 959.77, 19);
insert into Bilet (IdBilet, FK_Rachunek) values (665, 'jtpglurirshpvhx');
insert into Teatr_ma_Przedstawienie (FK_Teatr, FK_Przedstawienie, FK_Bilet) values (1, 'tcorqqxeusoacdklorhw', 665);
insert into Rachunek (NrRachunku, DataWystawienia, Stanowisko, Platnosc, Koszt, FK_Sprzedawca) values ('ltlfewepmettksc', '2016-08-21', '0727142', 'K', 953.70, 19);
insert into Bilet (IdBilet, FK_Rachunek) values (1380, 'ltlfewepmettksc');
insert into Teatr_ma_Przedstawienie (FK_Teatr, FK_Przedstawienie, FK_Bilet) values (1, 'tcorqqxeusoacdklorhw', 1380);
insert into Bilet (IdBilet, FK_Rachunek) values (1381, 'ltlfewepmettksc');
insert into Teatr_ma_Przedstawienie (FK_Teatr, FK_Przedstawienie, FK_Bilet) values (1, 'tcorqqxeusoacdklorhw', 1381);
insert into Bilet (IdBilet, FK_Rachunek) values (1382, 'ltlfewepmettksc');
insert into Teatr_ma_Przedstawienie (FK_Teatr, FK_Przedstawienie, FK_Bilet) values (1, 'tcorqqxeusoacdklorhw', 1382);
insert into Rachunek (NrRachunku, DataWystawienia, Stanowisko, Platnosc, Koszt, FK_Sprzedawca) values ('bedjaaeqpehnfmu', '2016-08-16', '0916452', 'G', 1670.30, 19);
insert into Bilet (IdBilet, FK_Rachunek) values (1383, 'bedjaaeqpehnfmu');
insert into Teatr_ma_Przedstawienie (FK_Teatr, FK_Przedstawienie, FK_Bilet) values (1, 'tcorqqxeusoacdklorhw', 1383);
insert into Rachunek (NrRachunku, DataWystawienia, Stanowisko, Platnosc, Koszt, FK_Sprzedawca) values ('qxsxnetlcyefybj', '2016-08-05', '0300866', 'G', 254.77, 19);
insert into Bilet (IdBilet, FK_Rachunek) values (1384, 'qxsxnetlcyefybj');
insert into Teatr_ma_Przedstawienie (FK_Teatr, FK_Przedstawienie, FK_Bilet) values (1, 'tcorqqxeusoacdklorhw', 1384);
insert into Bilet (IdBilet, FK_Rachunek) values (1385, 'qxsxnetlcyefybj');
insert into Teatr_ma_Przedstawienie (FK_Teatr, FK_Przedstawienie, FK_Bilet) values (1, 'tcorqqxeusoacdklorhw', 1385);
insert into Bilet (IdBilet, FK_Rachunek) values (1386, 'qxsxnetlcyefybj');
insert into Teatr_ma_Przedstawienie (FK_Teatr, FK_Przedstawienie, FK_Bilet) values (1, 'tcorqqxeusoacdklorhw', 1386);
insert into Bilet (IdBilet, FK_Rachunek) values (1387, 'qxsxnetlcyefybj');
insert into Teatr_ma_Przedstawienie (FK_Teatr, FK_Przedstawienie, FK_Bilet) values (1, 'tcorqqxeusoacdklorhw', 1387);
insert into Rachunek (NrRachunku, DataWystawienia, Stanowisko, Platnosc, Koszt, FK_Sprzedawca) values ('xbnnnbyalvgdubv', '2016-08-17', '0431932', 'G', 198.06, 19);
insert into Bilet (IdBilet, FK_Rachunek) values (1388, 'xbnnnbyalvgdubv');
insert into Teatr_ma_Przedstawienie (FK_Teatr, FK_Przedstawienie, FK_Bilet) values (1, 'tcorqqxeusoacdklorhw', 1388);
insert into Bilet (IdBilet, FK_Rachunek) values (1389, 'xbnnnbyalvgdubv');
insert into Teatr_ma_Przedstawienie (FK_Teatr, FK_Przedstawienie, FK_Bilet) values (1, 'tcorqqxeusoacdklorhw', 1389);
insert into Bilet (IdBilet, FK_Rachunek) values (1390, 'xbnnnbyalvgdubv');
insert into Teatr_ma_Przedstawienie (FK_Teatr, FK_Przedstawienie, FK_Bilet) values (1, 'tcorqqxeusoacdklorhw', 1390);
insert into Rachunek (NrRachunku, DataWystawienia, Stanowisko, Platnosc, Koszt, FK_Sprzedawca) values ('jxdqmublfxgsbku', '2016-08-09', '0237474', 'K', 407.44, 19);
insert into Bilet (IdBilet, FK_Rachunek) values (1391, 'jxdqmublfxgsbku');
insert into Teatr_ma_Przedstawienie (FK_Teatr, FK_Przedstawienie, FK_Bilet) values (1, 'tcorqqxeusoacdklorhw', 1391);
insert into Bilet (IdBilet, FK_Rachunek) values (1392, 'jxdqmublfxgsbku');
insert into Teatr_ma_Przedstawienie (FK_Teatr, FK_Przedstawienie, FK_Bilet) values (1, 'tcorqqxeusoacdklorhw', 1392);
insert into Bilet (IdBilet, FK_Rachunek) values (1393, 'jxdqmublfxgsbku');
insert into Teatr_ma_Przedstawienie (FK_Teatr, FK_Przedstawienie, FK_Bilet) values (1, 'tcorqqxeusoacdklorhw', 1393);
insert into Rachunek (NrRachunku, DataWystawienia, Stanowisko, Platnosc, Koszt, FK_Sprzedawca) values ('cqaxccsnggpqfcy', '2017-03-30', '0949504', 'G', 1080.73, 19);
insert into Bilet (IdBilet, FK_Rachunek) values (1512, 'cqaxccsnggpqfcy');
insert into Teatr_ma_Przedstawienie (FK_Teatr, FK_Przedstawienie, FK_Bilet) values (1, 'ehdqklgqblmmslbbflyl', 1512);
insert into Rachunek (NrRachunku, DataWystawienia, Stanowisko, Platnosc, Koszt, FK_Sprzedawca) values ('hxmmiayxdemqgdh', '2017-03-20', '0199158', 'G', 1969.44, 19);
insert into Bilet (IdBilet, FK_Rachunek) values (1513, 'hxmmiayxdemqgdh');
insert into Teatr_ma_Przedstawienie (FK_Teatr, FK_Przedstawienie, FK_Bilet) values (1, 'ehdqklgqblmmslbbflyl', 1513);
insert into Rachunek (NrRachunku, DataWystawienia, Stanowisko, Platnosc, Koszt, FK_Sprzedawca) values ('nsyofqwduqeyfhe', '2017-03-09', '0778832', 'G', 1717.13, 19);
insert into Bilet (IdBilet, FK_Rachunek) values (1514, 'nsyofqwduqeyfhe');
insert into Teatr_ma_Przedstawienie (FK_Teatr, FK_Przedstawienie, FK_Bilet) values (1, 'ehdqklgqblmmslbbflyl', 1514);
insert into Bilet (IdBilet, FK_Rachunek) values (1515, 'nsyofqwduqeyfhe');
insert into Teatr_ma_Przedstawienie (FK_Teatr, FK_Przedstawienie, FK_Bilet) values (1, 'ehdqklgqblmmslbbflyl', 1515);
insert into Bilet (IdBilet, FK_Rachunek) values (1516, 'nsyofqwduqeyfhe');
insert into Teatr_ma_Przedstawienie (FK_Teatr, FK_Przedstawienie, FK_Bilet) values (1, 'ehdqklgqblmmslbbflyl', 1516);
insert into Rachunek (NrRachunku, DataWystawienia, Stanowisko, Platnosc, Koszt, FK_Sprzedawca) values ('vgijdvlgdhcsvto', '2017-03-09', '0775408', 'G', 768.52, 19);
insert into Bilet (IdBilet, FK_Rachunek) values (1517, 'vgijdvlgdhcsvto');
insert into Teatr_ma_Przedstawienie (FK_Teatr, FK_Przedstawienie, FK_Bilet) values (1, 'ehdqklgqblmmslbbflyl', 1517);
insert into Bilet (IdBilet, FK_Rachunek) values (1518, 'vgijdvlgdhcsvto');
insert into Teatr_ma_Przedstawienie (FK_Teatr, FK_Przedstawienie, FK_Bilet) values (1, 'ehdqklgqblmmslbbflyl', 1518);
insert into Bilet (IdBilet, FK_Rachunek) values (1519, 'vgijdvlgdhcsvto');
insert into Teatr_ma_Przedstawienie (FK_Teatr, FK_Przedstawienie, FK_Bilet) values (1, 'ehdqklgqblmmslbbflyl', 1519);
insert into Rachunek (NrRachunku, DataWystawienia, Stanowisko, Platnosc, Koszt, FK_Sprzedawca) values ('lmjysvrpvhjurvd', '2017-03-12', '0416582', 'K', 1016.32, 19);
insert into Bilet (IdBilet, FK_Rachunek) values (1520, 'lmjysvrpvhjurvd');
insert into Teatr_ma_Przedstawienie (FK_Teatr, FK_Przedstawienie, FK_Bilet) values (1, 'ehdqklgqblmmslbbflyl', 1520);
insert into Bilet (IdBilet, FK_Rachunek) values (1521, 'lmjysvrpvhjurvd');
insert into Teatr_ma_Przedstawienie (FK_Teatr, FK_Przedstawienie, FK_Bilet) values (1, 'ehdqklgqblmmslbbflyl', 1521);
insert into Bilet (IdBilet, FK_Rachunek) values (1522, 'lmjysvrpvhjurvd');
insert into Teatr_ma_Przedstawienie (FK_Teatr, FK_Przedstawienie, FK_Bilet) values (1, 'ehdqklgqblmmslbbflyl', 1522);
insert into Bilet (IdBilet, FK_Rachunek) values (1523, 'lmjysvrpvhjurvd');
insert into Teatr_ma_Przedstawienie (FK_Teatr, FK_Przedstawienie, FK_Bilet) values (1, 'ehdqklgqblmmslbbflyl', 1523);
insert into Rachunek (NrRachunku, DataWystawienia, Stanowisko, Platnosc, Koszt, FK_Sprzedawca) values ('avotnpnhxxpfmpg', '2017-01-04', '0173429', 'K', 1140.32, 19);
insert into Bilet (IdBilet, FK_Rachunek) values (1643, 'avotnpnhxxpfmpg');
insert into Teatr_ma_Przedstawienie (FK_Teatr, FK_Przedstawienie, FK_Bilet) values (1, 'crxcmxodjvogjpagqhhr', 1643);
insert into Bilet (IdBilet, FK_Rachunek) values (1644, 'avotnpnhxxpfmpg');
insert into Teatr_ma_Przedstawienie (FK_Teatr, FK_Przedstawienie, FK_Bilet) values (1, 'crxcmxodjvogjpagqhhr', 1644);
insert into Bilet (IdBilet, FK_Rachunek) values (1645, 'avotnpnhxxpfmpg');
insert into Teatr_ma_Przedstawienie (FK_Teatr, FK_Przedstawienie, FK_Bilet) values (1, 'crxcmxodjvogjpagqhhr', 1645);
insert into Bilet (IdBilet, FK_Rachunek) values (1646, 'avotnpnhxxpfmpg');
insert into Teatr_ma_Przedstawienie (FK_Teatr, FK_Przedstawienie, FK_Bilet) values (1, 'crxcmxodjvogjpagqhhr', 1646);
insert into Rachunek (NrRachunku, DataWystawienia, Stanowisko, Platnosc, Koszt, FK_Sprzedawca) values ('sydkafpahghnain', '2017-01-02', '0097035', 'K', 1283.49, 19);
insert into Bilet (IdBilet, FK_Rachunek) values (1647, 'sydkafpahghnain');
insert into Teatr_ma_Przedstawienie (FK_Teatr, FK_Przedstawienie, FK_Bilet) values (1, 'crxcmxodjvogjpagqhhr', 1647);
insert into Rachunek (NrRachunku, DataWystawienia, Stanowisko, Platnosc, Koszt, FK_Sprzedawca) values ('unmjhqmibuqeieq', '2017-01-05', '0263093', 'G', 1628.60, 19);
insert into Bilet (IdBilet, FK_Rachunek) values (1648, 'unmjhqmibuqeieq');
insert into Teatr_ma_Przedstawienie (FK_Teatr, FK_Przedstawienie, FK_Bilet) values (1, 'crxcmxodjvogjpagqhhr', 1648);
insert into Rachunek (NrRachunku, DataWystawienia, Stanowisko, Platnosc, Koszt, FK_Sprzedawca) values ('smonatihdujugmf', '2016-12-21', '0478764', 'K', 1055.94, 19);
insert into Bilet (IdBilet, FK_Rachunek) values (1649, 'smonatihdujugmf');
insert into Teatr_ma_Przedstawienie (FK_Teatr, FK_Przedstawienie, FK_Bilet) values (1, 'crxcmxodjvogjpagqhhr', 1649);
insert into Bilet (IdBilet, FK_Rachunek) values (1650, 'smonatihdujugmf');
insert into Teatr_ma_Przedstawienie (FK_Teatr, FK_Przedstawienie, FK_Bilet) values (1, 'crxcmxodjvogjpagqhhr', 1650);
insert into Rachunek (NrRachunku, DataWystawienia, Stanowisko, Platnosc, Koszt, FK_Sprzedawca) values ('bnxkcbschpfpboj', '2016-12-12', '0090268', 'K', 1701.46, 19);
insert into Bilet (IdBilet, FK_Rachunek) values (1651, 'bnxkcbschpfpboj');
insert into Teatr_ma_Przedstawienie (FK_Teatr, FK_Przedstawienie, FK_Bilet) values (1, 'crxcmxodjvogjpagqhhr', 1651);
insert into Bilet (IdBilet, FK_Rachunek) values (1652, 'bnxkcbschpfpboj');
insert into Teatr_ma_Przedstawienie (FK_Teatr, FK_Przedstawienie, FK_Bilet) values (1, 'crxcmxodjvogjpagqhhr', 1652);
insert into Bilet (IdBilet, FK_Rachunek) values (1653, 'bnxkcbschpfpboj');
insert into Teatr_ma_Przedstawienie (FK_Teatr, FK_Przedstawienie, FK_Bilet) values (1, 'crxcmxodjvogjpagqhhr', 1653);
insert into Rachunek (NrRachunku, DataWystawienia, Stanowisko, Platnosc, Koszt, FK_Sprzedawca) values ('ahvpnuxlismginx', '2017-01-05', '0918591', 'G', 1476.14, 19);
insert into Bilet (IdBilet, FK_Rachunek) values (1654, 'ahvpnuxlismginx');
insert into Teatr_ma_Przedstawienie (FK_Teatr, FK_Przedstawienie, FK_Bilet) values (1, 'crxcmxodjvogjpagqhhr', 1654);
insert into Bilet (IdBilet, FK_Rachunek) values (1655, 'ahvpnuxlismginx');
insert into Teatr_ma_Przedstawienie (FK_Teatr, FK_Przedstawienie, FK_Bilet) values (1, 'crxcmxodjvogjpagqhhr', 1655);
insert into Bilet (IdBilet, FK_Rachunek) values (1656, 'ahvpnuxlismginx');
insert into Teatr_ma_Przedstawienie (FK_Teatr, FK_Przedstawienie, FK_Bilet) values (1, 'crxcmxodjvogjpagqhhr', 1656);
insert into Bilet (IdBilet, FK_Rachunek) values (1657, 'ahvpnuxlismginx');
insert into Teatr_ma_Przedstawienie (FK_Teatr, FK_Przedstawienie, FK_Bilet) values (1, 'crxcmxodjvogjpagqhhr', 1657);
